ilocy,ilocx,mean RH (%),rlat,rlon,lat,lon,station_name,ratio,model_vals
552,1011,75.0,-4.5177895001951045,10.457750487409273,42.0333,-82.9,HARROW CDA AUTO,1.025960481348093,81.40203377422523
558,1009,71.0,-4.286848910227873,10.373390404111557,42.2756,-82.9556,WINDSOR A,0.9648321189059849,81.94287947541207
560,1026,76.0,-4.166609944802487,11.147744256566659,42.2501,-81.9001,ERIEAU (AUT),1.0374659392152046,81.57261215513756
565,1026,79.0,-3.96806270606981,11.12134986160888,42.45,-81.8833,RIDGETOWN RCS,1.0729679294130163,81.98699612768591
576,1017,75.0,-3.4904329491985364,10.714451499966426,42.9961,-82.30235,SARNIA AIRPORT COMPOSITE,1.0178326129749713,82.05206699912601
579,1046,77.0,-3.3628448895127754,11.999925006386508,42.8667,-80.55,DELHI CS,1.0380402202194936,82.60021330935209
580,1035,75.0,-3.2901926502243564,11.534742416339043,43.0332,-81.15055,LONDON CS COMPOSITE,1.0027620143685365,83.28523473868266
587,1054,75.0,-2.9689855230488806,12.37546741076384,43.1717,-79.9342,HAMILTON A,1.006962535391655,82.93781230027078
590,1054,75.0,-2.847748537093577,12.367862378820393,43.2917,-79.9083,HAMILTON RBG CS,1.0080117575287102,82.85148375497907
590,1063,72.0,-2.87199134716758,12.753426345960174,43.1833,-79.4,VINELAND STATION RCS,0.9810231737390639,81.72555053719279
591,1056,69.0,-2.8224940050071763,12.44308227059991,43.3,-79.8,BURLINGTON PIERS (AUT),0.9286257565236741,82.73951872824414
591,1066,71.0,-2.817509219258394,12.915619247015943,43.2,-79.1667,ST CATHARINES A,0.9671834258308163,81.74366921724861
592,1046,76.0,-2.767016061611644,11.996249233882299,43.45,-80.3833,WATERLOO WELLINGTON A,1.0138027104852174,83.47660329618088
592,1065,76.0,-2.777024958427152,12.868782847614893,43.25,-79.2167,PORT WELLER (AUT),1.0384419859592036,81.49594086914371
595,1023,79.0,-2.652732378466715,10.985487811987579,43.7667,-81.7167,GODERICH,1.0606714783215665,82.93747807108113
596,1044,80.0,-2.5766172477994584,11.930342238677156,43.65,-80.4167,ELORA RCS,1.0622860693577467,83.85966546452487
599,1061,72.0,-2.4371144169958994,12.657472533066505,43.6286,-79.395,TORONTO ISLAND A,0.9775194460015723,82.0184798282163
600,1057,72.0,-2.4275243009702034,12.480315141272046,43.6772,-79.6306,TORONTO LESTER B. PEARSON INT'L A,0.9682638490064068,82.80249133109857
600,1060,71.0,-2.4007826199030635,12.645432657636889,43.6667,-79.4,TORONTO CITY,0.9593052278605995,82.41498090220796
603,1037,80.0,-2.300804570575231,11.625346633334846,43.9833,-80.75,MOUNT FOREST (AUT),1.0653298937186468,83.62006447881811
605,1060,72.0,-2.2053809803339703,12.62287891217746,43.8622,-79.37,TORONTO BUTTONVILLE A,0.9677543980486053,82.84608070522286
611,1051,78.0,-1.9090728517835933,12.250936972318437,44.2333,-79.7833,EGBERT CS,1.0493542767794604,82.77078815596307
611,1078,75.0,-1.9198534980984727,13.446682564305245,43.95,-78.1667,COBOURG (AUT),1.0200211587352002,81.87601702034752
613,1095,79.0,-1.8540076319615553,14.186073428531435,43.8333,-77.15,POINT PETRE (AUT),1.0820785174768865,81.29670449334577
616,1043,75.0,-1.7154697341383163,11.8907013659687,44.5,-80.2167,COLLINGWOOD,1.016408047543755,82.16706858583056
617,1074,74.0,-1.6786484471005159,13.239909508912735,44.2333,-78.3667,PETERBOROUGH A,0.9985551689575978,82.52096167073904
617,1087,74.0,-1.647919910661428,13.848380542642577,44.1167,-77.5333,TRENTON A,1.016086455629629,81.09716684748754
618,1028,76.0,-1.6065279350677362,11.219407227076683,44.7458,-81.1072,WIARTON A,1.042339899332518,81.19118028386045
618,1054,76.0,-1.628527286900477,12.358775206404447,44.4833,-79.55,BARRIE-ORO,1.0279765613631004,82.32561895336342
620,1059,80.0,-1.5131887286064079,12.576260729874983,44.5472,-79.2167,LAGOON CITY,1.0890664486048496,81.79753817417253
623,1102,74.0,-1.3803565049833204,14.473210899310928,44.2186,-76.5967,KINGSTON A,1.0262264647323802,80.29585637820891
627,1018,78.0,-1.2026810418927736,10.75774702274823,45.2333,-81.6333,TOBERMORY RCS,1.0665215348753518,81.43846861377976
629,1016,76.0,-1.1183024600454283,10.66923702540505,45.3333,-81.7333,COVE ISLAND (AUT),1.0371673577099982,81.59609541764081
629,1055,72.0,-1.1177117079756498,12.424309244301325,44.9667,-79.3,MUSKOKA A,1.0023320106590532,79.98812580160211
631,1112,80.0,-1.049403624583132,14.937137653778311,44.4167,-75.85,GRENADIER ISLAND,1.139043944629451,78.20853165849172
633,1053,78.0,-0.9647414367555113,12.31469598686252,45.1403,-79.4028,BEATRICE CLIMATE,1.0902003341677755,79.66965136748888
635,1042,77.0,-0.864689730664254,11.829329505586019,45.3442,-80.0442,PARRY SOUND CCG,1.0724966949006398,79.94648750107382
637,1077,77.0,-0.7819622248401432,13.376963697208172,45.0714,-77.8789,BANCROFT AUTO,1.1229376736010406,76.35538964407358
639,1000,77.0,-0.6883970505338951,9.992710779507949,45.8833,-82.5667,GORE BAY A,1.0512589332885498,81.56158382939743
644,1112,76.0,-0.4461626144289343,14.929598665935082,45.0,-75.6333,KEMPTVILLE CS,1.0844265880936341,78.04014362331385
645,1068,77.0,-0.39870248083069254,13.001626368921663,45.5333,-78.2667,ALGONQUIN PARK EAST GATE,1.1172589203280867,76.74348537636958
647,968,77.0,-0.3282026503152139,8.56463998274487,46.4833,-84.5094,SAULT STE MARIE A,1.04716859301651,81.88017114495825
649,998,72.0,-0.227597160255603,9.91027875327784,46.3514,-82.5614,ELLIOT LAKE A,0.9955943332603481,80.52944486035301
651,1109,70.0,-0.14229068458931268,14.818651720335906,45.3225,-75.6692,OTTAWA MACDONALD-CARTIER INT'L A,0.9862002830102458,79.03829115273147
652,1108,74.0,-0.0926557441963778,14.770203286375427,45.3833,-75.7167,OTTAWA CDA RCS,1.0450697924743535,78.84806681529881
656,1110,70.0,0.06410095049558565,14.835748466185432,45.5167,-75.5667,GATINEAU A,0.9910276165640491,78.65329260320598
657,1141,75.0,0.1010906457365428,16.207356591627608,45.1672,-73.6789,STE-CLOTILDE,1.071774133213634,77.92245321624212
658,1081,73.0,0.16636607784747412,13.543748046258958,45.95,-77.3167,PETAWAWA A,1.052558670311499,77.22913523629224
658,1154,74.0,0.14685930964715913,16.805827936033086,45.0333,-72.85,FRELIGHSBURG,1.0629234295578927,77.52367718335276
660,1046,74.0,0.2247059616752298,12.02855117692835,46.3636,-79.4228,NORTH BAY A,1.0686056435024243,77.11145203537505
661,1024,72.0,0.27785930544065024,11.04782465123829,46.6256,-80.7978,SUDBURY A,0.9683133705462171,82.79825664117733
661,1135,73.0,0.29875596700283863,15.963370852402406,45.4272,-73.9292,STE-ANNE-DE-BELLEVUE 1,1.025915117990799,79.23481628072444
661,1145,75.0,0.2903801318541239,16.391939646159297,45.2939,-73.3494,L'ACADIE,1.0628495380033351,78.57675688565409
663,1107,77.0,0.3596178026937318,14.694185981330756,45.8394,-75.6481,HIGH FALLS,1.1221835452816205,76.40670189322665
663,1138,70.0,0.3730154780297401,16.072237754624673,45.4667,-73.75,MONTREAL/PIERRE ELLIOTT TRUDEAU INTL A,0.9738542677729117,80.04029728362417
666,1132,72.0,0.5070676872066261,15.82450983689447,45.6667,-74.0333,MONTREAL/MIRABEL INT'L A,1.0045120229085474,79.81453395791597
666,1142,72.0,0.4892824791896059,16.280985270212184,45.5167,-73.4167,MONTREAL/ST-HUBERT A,0.9934162508049953,80.70600707266584
668,1049,76.0,0.6116695306403618,12.166449577432108,46.7097,-79.1011,BARRAGE TEMISCAMINGUE,1.095206243266203,77.2720272588853
669,1266,82.0,0.6616967255468574,21.753266688790557,43.8308,-66.0886,YARMOUTH A,1.117606134805835,81.70143793987708
670,1167,76.0,0.6886805319462729,17.390734475406397,45.3689,-71.8236,LENNOXVILLE,1.0962567826165919,77.19797772358754
671,1098,75.0,0.7391769186864998,14.331629182838835,46.3018,-76.0061,MANIWAKI UA,1.0893754536137585,76.66344002581909
671,1099,75.0,0.7156331962537236,14.348255532286624,46.2747,-75.9919,MANIWAKI AIRPORT,1.0864847889746585,76.86740817838157
672,1140,73.0,0.7652575197208127,16.182646599358296,45.8094,-73.4347,L'ASSOMPTION,1.0127241337896595,80.2668695071328
672,1169,74.0,0.7807929838028224,17.463999638422727,45.4333,-71.6833,SHERBROOKE A,1.0607421253787048,77.68309643990929
673,1126,76.0,0.8244980392844867,15.547958374592634,46.05,-74.2833,STE AGATHE DES MONTS,1.0832080087752964,78.12793664575187
677,1258,84.0,1.0130631992300436,21.40976422531739,44.2858,-66.3467,BRIER ISLAND,1.1543928874770186,81.02709496815581
679,959,76.0,1.1072814606393633,8.146944438375767,47.9667,-84.7833,WAWA (AUT) COMPOSITE,1.0522621585580725,80.42559166029052
680,890,73.0,1.1206948848156557,5.08967868562008,48.3694,-89.3272,THUNDER BAY A COMPOSITE,1.0727534172211255,75.77528497106884
680,981,73.0,1.1215982693691606,9.121374066660865,47.82,-83.3467,CHAPLEAU A,0.9832741655418378,82.67093628848112
682,828,73.0,1.2049970734234212,2.3522807896207825,48.6511,-93.4389,FORT FRANCES RCS,1.008119448364854,80.63349638325721
682,1286,82.0,1.2052549376769126,22.638199832678378,43.99,-64.6642,WESTERN HEAD,1.1167905000373943,81.76110762135552
684,1149,75.0,1.324199050408167,16.57320591671965,46.2258,-72.6572,NICOLET,1.0493156035342446,79.59022954812309
684,1248,79.0,1.2872699655585567,20.949284627149368,44.7121,-66.8019,GRAND MANAN SAR CS,1.100581761465513,79.92992483973002
686,854,74.0,1.3834345065619407,3.5392528701002495,48.7611,-91.6281,ATIKOKAN (AUT),1.0178369630032118,80.95769344093692
687,1033,74.0,1.4619087606708314,11.451268098154415,47.6975,-79.84945,EARLTON AWOS COMPOSITE,1.0330820108413465,79.76301199607565
687,1171,78.0,1.457289482635501,17.54437759271552,46.0492,-71.2661,THETFORD MINES RCS,1.1284312550396105,76.97046688131455
687,1274,81.0,1.434103189847353,22.120804518571795,44.4031,-65.2031,KEJIMKUJIK 1,1.0915145791828227,82.63425249119632
688,1150,74.0,1.4756375012611829,16.62712774062688,46.3536,-72.5161,TROIS-RIVIERES,1.0404044518754216,79.20163420593964
689,766,76.0,1.5321233667437582,-0.36729378923272993,49.0308,-97.56,GRETNA (AUT),1.0678071243148595,79.25476872807724
689,795,76.0,1.5318919790453405,0.9194384967178424,49.0236,-95.5983,SPRAGUE,1.061670316093121,79.71288770246119
689,1157,77.0,1.5250089118547172,16.941728866058813,46.3036,-72.0608,LEMIEUX,1.0870807137838734,78.87394424961138
691,1146,73.0,1.629841227873155,16.420695952523612,46.5633,-72.7333,SHAWINIGAN,1.0397753231303595,78.17861617343593
691,1237,75.0,1.6361428911410414,20.468694806801608,45.21345,-67.25145,ST. STEPHEN COMPOSITE,1.0986269994887534,76.01785664523238
693,746,78.0,1.7062631912498636,-1.2453482523306831,49.191,-98.9049,PILOT MOUND (AUT),1.0954627345063934,79.28693309955733
693,758,73.0,1.692542360181509,-0.7087051597006615,49.1876,-98.0839,MORDEN CDA CS,1.0268613481004347,79.16180314313291
693,871,76.0,1.713228400126756,4.279978525302254,49.0333,-90.4667,UPSALA (AUT),1.0352665745322933,81.74590850863751
693,1177,76.0,1.7124441297757003,17.80970706466286,46.205,-70.785,BEAUCEVILLE,1.0882929042417062,77.76289485479512
693,1250,80.0,1.7154081076878958,21.04652747769824,45.0731,-66.4492,POINT LEPREAU CS,1.119028668368,79.6073924843096
694,921,71.0,1.7310415759976887,6.503382184276376,48.8167,-87.1,TERRACE BAY A,0.98732222011477,80.07631188967791
696,649,72.0,1.8530276791510933,-5.55104804817523,49.05,-105.483,CORONACH SPC,1.0214244243866213,78.49299179595697
696,716,77.0,1.847991952515984,-2.6003980818173,49.2813,-100.986,MELITA,1.0791589850153296,79.4529302951585
697,686,72.0,1.8662740844535828,-3.895667948011187,49.2167,-102.967,ESTEVAN A,1.0113150741172798,79.27762674115095
698,755,75.0,1.9070904135438949,-0.8589369087912421,49.3998,-98.3192,DEERWOOD RCS,1.0560159377873424,79.085236089056
698,1156,76.0,1.912047650760465,16.87935615011807,46.6908,-71.9717,DESCHAMBAULT,1.0868902241027851,77.86325132662544
699,902,77.0,1.9686975720163602,5.651807495974578,49.1539,-88.3447,CAMERON FALLS (AUT),1.0605424628348366,80.84762903752781
700,618,69.0,2.0296618475819366,-6.918639867745951,49.0583,-107.586,VAL MARIE SOUTHEAST,0.9820369132231537,78.2394705726922
700,642,69.0,2.0064448994585153,-5.860683129353336,49.1678,-105.979,ROCKGLEN (AUT),0.9753799942485559,78.77345098985165
700,759,78.0,2.002533166016492,-0.6691504847160616,49.4981,-98.0297,CARMAN U OF M CS,1.0982309818220988,79.08707911314075
701,1273,76.0,2.0477520185861904,22.08183244528817,44.9833,-64.9167,GREENWOOD A,1.0227071364718312,82.74979577801976
702,1007,72.0,2.1028662985791216,10.272256140147682,48.5697,-81.3767,TIMMINS VICTOR POWER A,0.9795272741179739,81.85035892519
702,1043,73.0,2.11790965152228,11.861579221272638,48.2458,-79.0342,ROUYN,1.000958564638062,81.21035052336238
702,1046,72.0,2.120200427078108,11.998605728555281,48.2167,-78.8333,ROUYN A,0.9749488049922248,82.23473740675902
702,1256,76.0,2.0923818993230565,21.32172942210499,45.3181,-65.8856,SAINT JOHN A,1.0487209641080966,80.69716309689822
702,1297,78.0,2.0884435395051537,23.135648831882524,44.6,-63.5333,MCNABS ISLAND (AUT),1.0439207349033377,83.20160491103667
703,1062,73.0,2.1295758090215102,12.715646487269279,48.0564,-77.7867,VAL-D'OR A,0.972455907154446,83.59062379648691
703,1164,73.0,2.1447730555135602,17.22765924548009,46.8018,-71.3825,QUEBEC/JEAN LESAGE INTL A COMPOSITE,0.9974797678470746,81.49357863074086
703,1165,74.0,2.14518437871605,17.296210159902433,46.7803,-71.2875,STE-FOY (U. LAVAL),1.0140287275409812,81.26173409652053
703,1297,80.0,2.1285083347995943,23.143751611246888,44.6333,-63.5,SHEARWATER A,1.0697657820559454,83.27332571131625
704,1161,74.0,2.2118538692095133,17.117909468307342,46.9003,-71.5033,VALCARTIER A,1.0118074979793648,81.44012866897019
705,1279,76.0,2.245163530071908,22.330642996726787,45.0667,-64.4833,KENTVILLE CDA CS,1.0117923024981261,83.6424693831115
707,813,69.0,2.3191516259454263,1.7019727769211224,49.7903,-94.3653,KENORA A,0.964070269880076,79.6975599952668
708,576,66.0,2.3773939182474333,-8.77528238886606,49.1167,-110.467,ONEFOUR CDA,0.9319193317506141,78.86244536339211
708,675,76.0,2.392352772509108,-4.39599211308612,49.7,-103.8,WEYBURN,1.065325563658757,79.43938413823282
708,1295,78.0,2.353824406162802,23.043207937173968,44.88,-63.5,HALIFAX STANFIELD INT'L A,1.034412339338236,83.96640028427396
709,740,78.0,2.4288455569653005,-1.5193890618839296,49.9058,-99.3574,CARBERRY CS,1.1013113344698884,78.86587364114824
709,756,74.0,2.4082966955206366,-0.8221754174048094,49.90155,-98.2754,PORTAGE SOUTHPORT A COMPOSITE,1.0441416064485913,78.91815852826602
709,771,73.0,2.4169256900823712,-0.15035553299554535,49.9167,-97.2333,WINNIPEG RICHARDSON INT'L A,1.0216422247303665,79.56620617855964
709,836,70.0,2.408289044403697,2.742262906325916,49.8333,-92.75,DRYDEN A,0.9602923574378411,81.17068151145362
709,1139,73.0,2.4266194219063992,16.12848954456477,47.4111,-72.7875,LA TUQUE,1.0493981227362674,77.46173176073795
709,1242,72.0,2.4355673986902304,20.695842322706284,45.8721,-66.5279,FREDERICTON A,1.0290982544498648,77.90768142584099
709,1244,74.0,2.4251909320456875,20.7588346149772,45.8389,-66.4497,GAGETOWN AWOS A,1.0468294001587555,78.71553169138329
710,732,73.0,2.4461289022730366,-1.9022360052764455,49.91,-99.9519,BRANDON A,1.0315108234873842,78.80498589321189
710,1241,74.0,2.4592027999967008,20.625475230667618,45.9203,-66.6089,FREDERICTON CDA CS,1.0558289774425595,78.0445835302443
712,559,63.0,2.53608277470264,-9.53527615286293,49.1367,-111.652,MASINASIN AGDM,0.8939058805749003,78.47898544755674
712,599,68.0,2.537436513099903,-7.770754446701089,49.4378,-108.989,EASTEND CYPRESS (AUT),0.9577176176163604,79.06350457646352
712,644,71.0,2.5616572968723665,-5.774769190126448,49.7292,-105.946,ASSINIBOIA AIRPORT,0.9998237194223244,79.07506143102836
712,1109,78.0,2.554484863956163,14.795047971056874,47.9222,-74.6242,PARENT,1.0661917038838606,81.46366195448064
712,1355,84.0,2.558199415687226,25.705259485464225,43.9322,-60.0094,SABLE ISLAND,1.1314028520104995,82.67356048992525
713,542,64.0,2.5989722452603856,-10.301243442057196,49.05,-112.817,DEL BONITA AGDM,0.8941372974954344,79.70404961608982
713,553,66.0,2.5820012344151984,-9.791876818087163,49.1333,-112.05,MILK RIVER,0.9360481142721843,78.51459370805512
713,1268,79.0,2.605983214039064,21.81846865676879,45.6,-64.95,FUNDY PARK (ALMA) CS,1.0921224256702668,80.5490441421224
713,1278,80.0,2.601610143838706,22.28150390075132,45.4133,-64.3461,PARRSBORO,1.0791777533585651,82.54706337924962
715,754,78.0,2.69047932872118,-0.8860081616431726,50.1826,-98.3822,DELTA MARSH CS,1.10354516835833,78.70623064126701
715,788,74.0,2.6808083374383638,0.5996210592201111,50.1772,-96.0647,PINAWA,1.0307031297636589,79.94710644039962
715,921,73.0,2.703334463357099,6.489334819136607,49.7828,-86.9306,GERALDTON A,0.9960197538778214,81.61303586313215
715,1163,80.0,2.6894220377912768,17.21183514335496,47.3228,-71.1483,FORET MONTMORENCY RCS,1.0978716051326032,81.14150506079086
716,848,72.0,2.724053173483273,3.2714077284853,50.1167,-91.9,SIOUX LOOKOUT A,0.9945368441794603,80.6150716615401
716,1309,82.0,2.745014568619623,23.65676532780182,44.9833,-62.4833,MALAY FALLS,1.1022945270069795,82.83632552544343
717,592,68.0,2.791091450100094,-8.07580326635713,49.6406,-109.514,CYPRESS HILLS PARK,0.9549166712489114,79.29541238853638
717,987,74.0,2.791706214675361,9.415332080574757,49.41015,-82.45555,KAPUSKASING A COMPOSITE,1.0159820519022444,81.10550050503923
717,1171,78.0,2.765421761788179,17.55235818730697,47.2842,-70.6375,CHARLEVOIX (MRC),1.0701747925891645,81.16046195942324
718,528,61.0,2.812988203747359,-10.92062877066302,49.1311,-113.809,WATERTON PARK GATE,0.8290812011036399,81.92895055707908
718,536,63.0,2.8090390132346363,-10.571265786085739,49.2006,-113.286,CARDSTON,0.8760143020580285,80.08182792028886
718,1298,80.0,2.804635508720081,23.185237070177262,45.2331,-63.0553,UPPER STEWIACKE RCS,1.0565207974366824,84.31727479487168
719,563,65.0,2.856562528174021,-9.3643909618418,49.4833,-111.486,FOREMOST AGDM,0.9226458434627507,78.44819435979421
719,1291,78.0,2.853505215275901,22.845728161553936,45.4167,-63.4667,DEBERT,1.0442112253567433,83.1784589503845
720,1161,80.0,2.8986000488602337,17.08311893214299,47.5622,-71.2289,L'ETAPE,1.0758728116728689,82.80063724767902
721,554,64.0,2.9502621245868705,-9.764270125749597,49.5,-112.117,WRENTHAM AGDM,0.9118126941275922,78.15899469502239
721,961,76.0,2.9296590159790448,8.264570518409494,49.7468,-84.1637,NAGAGAMI (AUT),1.06639261854581,79.35989541935481
721,1276,79.0,2.9483979876506776,22.21049334934004,45.7596,-64.2414,NAPPAN AUTO,1.0875054171211709,80.89101542757142
722,694,73.0,2.995535908365118,-3.5550168868492085,50.3681,-102.571,BROADVIEW,1.0072984480274947,80.69921685355352
722,723,79.0,3.008132497519388,-2.2962437089641146,50.4549,-100.603,SHOAL LAKE CS,1.0989497919154323,80.04862289530844
722,760,79.0,3.003904372048266,-0.6603151832297092,50.4995,-98.0367,OAKPOINT MARINE,1.1083518305341569,79.36957836891949
723,594,68.0,3.044682502865984,-8.003292419347956,49.9025,-109.466,MAPLE CREEK,0.9575205221205154,79.07977896461263
724,564,67.0,3.098854685759743,-9.295091002394907,49.7342,-111.45,BOW ISLAND,0.9528056956342794,78.30240169130776
724,891,74.0,3.0628319237385395,5.168523459661336,50.2936,-88.9053,ARMSTRONG (AUT),1.0124085537846832,81.39177856175372
725,541,66.0,3.1357359907382967,-10.345348538815898,49.5667,-113.05,BLOOD TRIBE AGDM,0.9307012876798598,78.96565563638909
725,651,71.0,3.1327570583551307,-5.455457263620255,50.3325,-105.5525,MOOSE JAW A COMPOSITE,0.9953164587247589,79.43315047237938
725,774,76.0,3.132752498545924,-0.015706259812682064,50.63275,-97.024725,GIMLI COMPOSITE,1.0566752895501084,80.08969975989417
725,1267,77.0,3.143485364303546,21.790230230835956,46.1053,-64.6838,MONCTON A,1.064881049384759,80.51823596950581
726,489,71.0,3.170292165436488,-12.649333957750157,49.0817,-116.501,CRESTON CAMPBELL SCIENTIFIC,0.9368804883730107,84.38762789351854
726,545,61.0,3.16518878430455,-10.173529005346774,49.6303,-112.8,LETHBRIDGE A,0.8654840188043045,78.48296589793256
726,664,71.0,3.1741915710209807,-4.882522538616095,50.4333,-104.667,REGINA RCS COMPOSITE,0.9857691566037583,80.202470835978
726,732,76.0,3.190349735680813,-1.8675357401014678,50.655,-99.9419,WASAGAMING,1.0815399176149691,78.24843568454907
726,829,76.0,3.188937835040126,2.3995117841802442,50.6306,-93.2214,EAR FALLS (AUT),1.057984175600971,79.990616717585
727,527,62.0,3.2197105976804714,-10.956741179292207,49.5206,-113.997,PINCHER CREEK (AUT),0.843953276461754,81.80463491121017
727,545,63.0,3.2174458259035728,-10.135335810670703,49.68915,-112.7585,LETHBRIDGE CDA COMPOSITE,0.8939224422184109,78.47753147244806
727,556,66.0,3.234234661046603,-9.653124284583617,49.8,-112.033,FINCASTLE AGDM,0.9410874301200495,78.09416535708753
727,566,67.0,3.221146255468036,-9.228122352966734,49.8667,-111.383,BOW ISLAND IRRIGATION AGDM,0.9517048630921884,78.39297371131994
727,573,68.0,3.2161300997674656,-8.923334960260773,49.9167,-110.917,SEVEN PERSONS AGDM,0.961540630299846,78.74915407345628
727,679,77.0,3.2308577774768055,-4.226503991244114,50.55,-103.65,INDIAN HEAD CDA,1.0591255552017318,80.95578771818572
728,553,66.0,3.267530353212105,-9.822486970496383,49.8,-112.3,BARNWELL AGDM,0.9395254842110351,78.22399564285124
728,620,71.0,3.239737027524128,-6.847848201400339,50.2667,-107.733,SWIFT CURRENT CDA,0.9985955224020281,79.17231778022139
728,621,68.0,3.2683382675249044,-6.811573228356866,50.3,-107.683,SWIFT CURRENT A,0.9563386927212909,79.17750460133095
728,738,72.0,3.238015104367025,-1.604296915523847,50.7119,-99.53,MCCREARY,1.0287034624333615,77.937580548158
729,530,61.0,3.2884978068758657,-10.821872555980045,49.6167,-113.817,BROCKET AGDM,0.8392839961979115,80.93297744355688
729,576,63.0,3.2973173390410704,-8.779173353024989,50.022,-110.719,MEDICINE HAT A COMPOSITE,0.8893437575799226,78.88156406924413
729,1213,76.0,3.3020657185607187,19.387549788287743,47.1578,-67.8319,ST LEONARD A COMPOSITE,1.0840703474993365,78.06578869995262
731,471,69.0,3.4054207760822335,-13.42696425884179,49.1119,-117.739,WARFIELD RCS,0.9333867016785882,82.31748752713452
731,1299,79.0,3.3983083590013163,23.20151034990656,45.7667,-62.6833,CARIBOU POINT (AUT),1.0714751814008652,82.10121802252422
732,547,67.0,3.420719141938451,-10.07685408044761,49.9,-112.733,IRON SPRINGS AGDM,0.952023615781601,78.3667264935122
732,1203,75.0,3.424540786966939,18.982279408560863,47.4167,-68.3245,EDMUNDSTON,1.0834478808496366,77.08286778707382
732,1263,77.0,3.419170347604767,21.608220895106566,46.4303,-64.7681,BUCTOUCHE CDA CS,1.0807324056747583,79.3372560715282
733,556,70.0,3.4919469342595337,-9.668283227416524,50.05,-112.133,VAUXHALL CDA CS,0.9964317641226237,78.2267164797825
734,586,68.0,3.509125391368239,-8.333259311197898,50.3069,-110.091,SCHULER AGDM,0.9625561031135527,78.66607566918944
734,1183,75.0,3.5026325469840005,18.071611554798213,47.8058,-69.5486,RIVIERE-DU-LOUP,1.059549545950194,78.82148604841517
734,1327,82.0,3.527571178938827,24.45827343914825,45.35,-60.9833,HART ISLAND (AUT),1.0843038771847724,84.21073666280456
735,474,66.0,3.5652891404836695,-13.311122271809033,49.2964,-117.632,CASTLEGAR A,0.8868879002071943,82.86665920924415
735,502,65.0,3.571559414933753,-12.065385886346006,49.6122,-115.782,CRANBROOK A,0.8450111291099264,85.65555879655915
735,515,66.0,3.5657829046224143,-11.467856191599479,49.74515,-114.8835,SPARWOOD COMPOSITE,0.8753763343612807,83.95639052419239
735,767,72.0,3.584645139984343,-0.3490100752920779,51.0834,-97.5545,FISHER BRANCH (AUT),1.0015228263112261,80.05275252573685
735,1139,70.0,3.5858890255644726,16.122340479606144,48.5167,-72.2667,ROBERVAL A,0.979052774013768,79.61530488689861
735,1315,81.0,3.5504531204191316,23.905245644814915,45.6084,-61.6797,TRACADIE,1.0804981057588807,83.47676951332215
736,446,64.0,3.6280316709637113,-14.524794319905412,49.0283,-119.441,OSOYOOS CS,0.8504505864655598,83.7983589609278
736,540,67.0,3.6081148703473227,-10.361061959962393,50.0258,-113.224,BARONS AGCM,0.9465020625804295,78.8238898391006
736,820,72.0,3.6085516827729736,2.018623133323337,51.0669,-93.7931,RED LAKE A,1.0080706668504855,79.53277642137803
736,1157,74.0,3.6254941753179493,16.906447140250897,48.3072,-71.1292,LATERRIERE,1.0301591304389384,79.98932435667282
736,1281,80.0,3.631858308369431,22.414812996378107,46.3028,-63.5756,MAPLE PLAINS,1.105105392136103,80.61036986868162
737,534,63.0,3.6421323328406863,-10.62702051987502,50.0036,-113.639,CLARESHOLM,0.8843625608481436,79.32586667378057
737,552,68.0,3.6601523349675458,-9.831331034647569,50.1833,-112.433,ENCHANT AGDM,0.96552780028004,78.42395757160902
737,563,67.0,3.6503923431492087,-9.35506824693226,50.265,-111.701,ROLLING HILLS AGCM,0.9503473855387873,78.50495034615558
737,731,71.0,3.637650982133446,-1.9186062210436028,51.1,-100.05,DAUPHIN A,0.99865250337034,79.16780037770612
737,1158,74.0,3.677953743438618,16.97946760951628,48.3333,-71.0,BAGOTVILLE A,1.029205885160768,80.06341006376643
737,1160,76.0,3.662019493356082,17.041652278761006,48.2981,-70.9195,LA BAIE,1.0611538252626964,79.75168601292741
737,1256,78.0,3.6767683756974234,21.31198319515317,46.7833,-65.0167,KOUCHIBOUGUAC CS,1.1224738427715197,77.37897956660548
738,1276,78.0,3.684710788877479,22.195185432129644,46.44,-63.8349,SUMMERSIDE COMPOSITE,1.0813844664961783,80.31914941897634
739,713,78.0,3.760196423505861,-2.739158794258717,51.1833,-101.363,ROBLIN,1.0753883642983437,80.76698932904786
739,1155,74.0,3.7341605230781916,16.86002063192468,48.425,-71.1425,JONQUIERE,1.0211278046864058,80.69678687181994
739,1248,74.0,3.765619739795685,20.940153426022277,47.00945,-65.4664,MIRAMICHI RCS COMPOSITE,1.0886225598186559,75.69357449049637
739,1287,78.0,3.745334014783396,22.703007279034583,46.2886,-63.1286,CHARLOTTETOWN A,1.074258482964212,80.85193826368891
740,1052,72.0,3.7814550733955166,12.289198024598608,49.76225,-77.8049,MATAGAMI COMPOSITE,0.9438981009244258,84.93995155308443
740,1171,74.0,3.802860285901953,17.561084638260063,48.2603,-70.1144,POINTE CLAVEAU,1.0921191124740353,75.4512322717247
741,387,82.0,3.8239210122061644,-17.15789936957119,48.4133,-123.325,VICTORIA GONZALES CS,1.054433192415875,86.59631441880066
741,1133,77.0,3.8382573925206396,15.845783579360823,48.8417,-72.5469,NORMANDIN,1.048224797880087,81.79766762551404
742,380,83.0,3.8731095045639248,-17.440320329245736,48.3667,-123.75,VICTORIA MARINE,1.0593050691965065,87.24924281181683
742,385,84.0,3.866425232576927,-17.22336588045333,48.432,-123.439,ESQUIMALT HARBOUR,1.079639460773102,86.63735026615689
742,387,80.0,3.860863145810521,-17.13098660583699,48.457,-123.305,VICTORIA UNIVERSITY CS,1.032887689156438,86.2465061198667
742,540,68.0,3.8753849419885085,-10.387030233865174,50.2819,-113.35,CHAMPION AGDM,0.9633018317573179,78.60517726332624
742,630,73.0,3.8673502491107055,-6.388839086316044,50.95,-107.15,LUCKY LAKE,1.0235748354219376,79.41597729892422
742,697,70.0,3.887198018830976,-3.425408340145934,51.2667,-102.467,YORKTON A,0.9618660623021951,81.03787851388059
744,386,77.0,3.9669161304813976,-17.202327127922683,48.5338,-123.459,VICTORIA HARTLAND CS,0.999640771489404,85.77315577681581
744,562,70.0,3.9532646939536473,-9.393077020352113,50.5553,-111.849,BROOKS,0.99113617431813,78.64467781845964
745,639,72.0,4.004028274264496,-6.011103315258324,51.1333,-106.583,ELBOW CS,1.0037966528377933,79.87141492941878
746,387,78.0,4.066814708077395,-17.144251143372646,48.6472,-123.426,VICTORIA INT'L A,1.0158995767363812,85.49652203113877
746,447,62.0,4.074800059239958,-14.502483686793461,49.4631,-119.602,PENTICTON A,0.8137361994358732,84.84234781608002
746,597,69.0,4.042323964101323,-7.864251449612356,50.9095,-109.501,LEADER AIRPORT,0.9704777357646437,79.17136616522431
746,1294,79.0,4.050689586418005,22.98365073703906,46.4503,-62.5758,ST. PETERS,1.0838777444274503,81.16175272183051
747,394,80.0,4.113870510243994,-16.861279139610314,48.7839,-123.045,SATURNA ISLAND CS,1.0232499417479242,87.05884141248367
748,870,72.0,4.132586328310283,4.232948026607022,51.4478,-90.216,PICKLE LAKE (AUT) COMPOSITE,0.9900255979929496,80.98241007717871
749,405,76.0,4.198174141908334,-16.35606704872496,49.0253,-122.36,ABBOTSFORD A,0.9756959996057732,86.73685934754411
749,422,79.0,4.1991101393692425,-15.578263258483593,49.2667,-121.233,HOPE SLIDE,1.0110039558562431,87.01194190621416
749,447,62.0,4.1788700064708015,-14.503447269573998,49.5626,-119.649,SUMMERLAND CS,0.8138705727305346,84.8283400042917
749,658,77.0,4.190016549970016,-5.148031551390762,51.4167,-105.25,LAST MOUNTAIN CS,1.059401149493763,80.934727751418
749,1154,75.0,4.20185281218835,16.777550400371577,48.8942,-71.0317,ONATCHIWAY,1.0236705855482535,81.5841257263332
750,434,67.0,4.249087464114037,-15.0688028537222,49.4664,-120.5115,PRINCETON A COMPOSITE,0.8711794217769452,85.6390456986982
750,561,72.0,4.2504422562418815,-9.465240944258065,50.8333,-112.05,ROSEMARY AGDM,1.016535402519592,78.87050344222901
751,399,82.0,4.2800796662597635,-16.622603912934878,49.0181,-122.784,WHITE ROCK CAMPBELL SCIENTIFIC,1.0470966197831721,87.20305895264268
751,415,77.0,4.282087444883862,-15.91382619343588,49.2431,-121.76,AGASSIZ RCS,0.9916502448244097,86.46429934477482
751,1238,75.0,4.264025097535811,20.52416016276687,47.6292,-65.7483,BATHURST A,1.0895076705732039,76.65413655121804
752,1092,77.0,4.314826475256753,14.041572275934413,49.8225,-74.9753,CHAPAIS,1.0044709681685644,85.3606986473184
752,1098,74.0,4.341123900397775,14.331937270448247,49.7667,-74.5333,CHIBOUGAMAU CHAPAIS A,0.9694154647702498,85.00146306537144
753,419,76.0,4.348558395632354,-15.712158813189633,49.3683,-121.498,HOPE A,0.9784976144263648,86.48851610474316
753,555,70.0,4.359475769684267,-9.711349543044342,50.8925,-112.465,BASSANO AGCM,0.9919725110262293,78.57837211923399
754,633,74.0,4.388030623549306,-6.257256460178759,51.4833,-107.05,OUTLOOK PFRA,1.0301547388361976,79.98966535528483
754,1193,78.0,4.416708703505286,18.502904398959508,48.5139,-68.4683,POINTE-AU-PERE (INRS),1.148260634881628,75.64125940172143
755,402,81.0,4.440452463283688,-16.502915772943545,49.2083,-122.69,PITT MEADOWS CS,1.0294647072573688,87.61494269610344
755,657,77.0,4.448566909522275,-5.214211817459767,51.6667,-105.4,WATROUS EAST,1.0565025486953923,81.15677876943576
755,674,73.0,4.473443711760957,-4.46219952097385,51.7667,-104.2,WYNYARD (AUT),0.9940323807467393,81.77620514993002
755,1227,74.0,4.445044420877726,20.023108968557214,47.98665,-66.33375,CHARLO A COMPOSITE,1.1008141007453505,74.85526645041597
755,1317,80.0,4.446991408341724,24.01922014584583,46.3684,-60.9759,NORTHEAST MARGAREE (AUT),1.0607287594203207,83.98278411216904
756,453,70.0,4.506705494696645,-14.223333606531101,49.9561,-119.378,KELOWNA A,0.9192415157148831,84.79554477350936
756,567,71.0,4.495893017200723,-9.19575838743062,51.1253,-111.705,POLLOCKVILLE AGDM,0.9986215011772387,79.17025814116487
757,384,75.0,4.547856150701866,-17.285246670498605,49.0544,-123.87,NANAIMO A,0.9766144181957558,85.51508988369018
757,395,79.0,4.531847882450481,-16.812356613135417,49.195,-123.182,VANCOUVER INT'L A,1.0125588264471919,86.87832763512432
757,477,78.0,4.53565887991749,-13.171565240541375,50.2694,-117.817,NAKUSP CS,1.0231440626816863,84.89115434654931
757,621,73.0,4.543253953489351,-6.782143420224657,51.5667,-107.917,ROSETOWN EAST,1.018012644439961,79.8498882480362
757,1195,74.0,4.5562730774171545,18.628454874362962,48.6,-68.2167,MONT-JOLI A,1.0749035643549898,76.65965167127763
757,1332,79.0,4.547908489350023,24.68599969266512,46.1667,-60.0481,SYDNEY A,1.0313325316180415,85.29685118717461
758,544,68.0,4.601576348302695,-10.188871211149374,51.0333,-113.283,STRATHMORE AGDM,0.965049408036176,78.46283372937148
758,587,70.0,4.597677436781176,-8.312432835564865,51.3833,-110.35,OYEN AGDM,0.9809087151519948,79.4646677100751
758,1314,79.0,4.588363646646774,23.89393865227279,46.55,-61.05,GRAND ETANG,1.0530334181861563,83.53905579316078
759,396,78.0,4.613994097564178,-16.742374252793955,49.2954,-123.122,VANCOUVER HARBOUR CS,0.9979730174171977,87.03229348690586
759,556,69.0,4.648897319967058,-9.67540328145398,51.1833,-112.5,HUSSAR AGDM,0.9738898421477561,78.89398251035803
759,603,71.0,4.610409614867476,-7.570753106418949,51.5167,-109.183,KINDERSLEY A,0.9905267133512979,79.81725375788015
759,1207,75.0,4.623485216674943,19.159314658896264,48.4719,-67.4347,AMQUI,1.1151699718808465,74.89017087938704
760,396,77.0,4.67786479441112,-16.76938595703542,49.347,-123.193,WEST VANCOUVER AUT,0.9859470240824881,86.96445297718496
760,716,73.0,4.685995917015492,-2.6066397449072096,52.115,-101.233,SWAN RIVER RCS,1.029759366623543,78.93902063756207
760,1250,77.0,4.662707364772209,21.02564696281144,47.8022,-64.8333,BAS CARAQUET,1.0888671803689487,78.74453850722574
761,1241,76.0,4.7250359023055095,20.634839340816264,48.0119,-65.3317,NEW CARLISLE 1,1.13042582977722,74.8645372871971
761,1315,77.0,4.704626271084214,23.916315122938823,46.645,-60.9472,CHETICAMP CS,1.0188401894564096,84.1568133070642
762,531,62.0,4.76924219822372,-10.758306236355214,51.0761,-114.222,COP UPPER,0.8678883172313752,79.54858740732172
762,534,61.0,4.778503714622416,-10.625797002736029,51.1139,-114.02,CALGARY INT'L A,0.860443513657198,78.94272157891537
763,529,65.0,4.816583810372801,-10.845805340030955,51.1031,-114.374,SPRINGBANK A,0.9058137531220113,79.90594115374698
764,395,79.0,4.8334767565191905,-16.7885490023161,49.4878,-123.299,HOWE SOUND - PAM ROCKS,1.0169841679870752,86.50028215093523
764,590,70.0,4.864690176494659,-8.17501403860561,51.6697,-110.206,ESTHER 1,0.977405491967793,79.7494854940292
764,774,75.0,4.859701908610029,-0.013483923037703209,52.3597,-97.022,BERENS RIVER CS,1.0592808782703345,78.84147771088556
764,1005,77.5,4.853192638299974,10.190266595970183,51.279125,-80.6314,MOOSONEE UA,1.0346792729762362,83.40663076259752
765,382,82.0,4.890221179886947,-17.364549459480404,49.3503,-124.16,BALLENAS ISLAND,1.0579670008021849,86.30706647261268
765,520,62.0,4.895315794269249,-11.275867224351842,51.0833,-115.067,BOW VALLEY,0.8398925634283029,82.20014400564094
765,1322,77.0,4.883307348938683,24.243318232091806,46.6628,-60.4064,INGONISH BEACH RCS,0.9753994604883778,87.90485035832008
766,372,77.0,4.945895438594795,-17.81291919406879,49.25,-124.833,PORT ALBERNI A,0.9613708457227825,89.18758457809666
766,379,79.0,4.9296002355417565,-17.512957381789764,49.3372,-124.394,QUALICUM BEACH AIRPORT,1.0028189257084796,87.72213529154008
766,555,67.0,4.927662707280547,-9.731934430373395,51.4453,-112.677,DRUMHELLER EAST,0.94246302658809,79.16169887683962
766,1252,78.0,4.942492261216898,21.153051514564137,48.0089,-64.4942,MISCOU ISLAND (AUT),1.087628888284642,79.85801175330275
767,358,84.0,5.0044347021713405,-18.449748667971477,49.0822,-125.773,TOFINO A,1.0542236523790443,88.72605154805697
768,640,71.0,5.039762809078846,-5.965341609252912,52.1667,-106.717,SASKATOON DIEFENBAKER INT'L A,0.9785098276750656,80.79747366602172
768,900,75.0,5.02058830583224,5.562715540897963,52.1961,-87.9361,LANSDOWNE HOUSE (AUT),1.031621262756957,80.95535907289018
769,379,78.0,5.079148563625665,-17.48702781581934,49.4866,-124.435,SISTERS ISLAND,1.003597267843215,86.5445565934277
769,399,78.0,5.08339526237996,-16.606789185471683,49.7832,-123.161,SQUAMISH AIRPORT,0.9913985771233135,87.6094464406954
769,513,64.0,5.069347677214045,-11.553046379784682,51.18835,-115.5595,BANFF CS COMPOSITE,0.845133910656344,84.32552832701506
769,1145,77.0,5.0684658115503245,16.386396578181373,49.8403,-71.1683,CHUTE-DES-PASSES,1.0231731912743018,83.80042044204652
769,1191,75.0,5.058478584630331,18.448044213540186,49.1333,-68.2,BAIE-COMEAU A,1.07634555877592,77.59150309376112
770,556,71.0,5.138070948144064,-9.687548815657058,51.6603,-112.675,MORRIN AGDM,0.997007574602938,79.29841662938814
771,424,64.0,5.184233667687611,-15.498892268984644,50.22885,-121.5825,LYTTON COMPOSITE,0.8177827611966424,87.14583738460095
771,570,73.0,5.1715504380844495,-9.052190682327568,51.8158,-111.683,SPONDIN AGCM,1.0216005490065074,79.5694520452934
771,584,71.0,5.18190198753528,-8.438819655987178,51.9369,-110.713,CONSORT AGDM,0.9903110820924287,79.83463324117436
771,1296,80.0,5.160340225196276,23.067063733372112,47.42100000000001,-61.779,ILES DE LA MADELEINE COMPOSITE,1.0792463433824364,82.54181721364304
772,459,77.0,5.207853828775503,-13.959067681366966,50.703,-119.291,SALMON ARM CS,1.010895835365994,84.81817870262967
772,562,73.0,5.1987883260020045,-9.406860009659002,51.775,-112.252,CRAIGMYLE AGCM,1.0232132422324305,79.44404210041829
772,1191,72.0,5.1887276143913486,18.43614600800423,49.2592,-68.1458,BAIE-COMEAU,1.0512819100143878,76.26371023779137
773,476,78.0,5.258987524420587,-13.208070252451712,50.9572,-118.1745,REVELSTOKE A COMPOSITE,1.0101615015324548,85.98217256557766
774,549,73.0,5.3099265254253885,-9.989132869980383,51.7675,-113.206,THREE HILLS,1.0289986640141988,78.99737748590219
774,593,71.0,5.301782684398907,-8.034036962194845,52.1242,-110.101,BODO AGDM,0.9879212689520479,80.02775577185903
776,375,79.0,5.398827057118161,-17.69177543345937,49.7167,-124.9,COMOX A,1.0330206942902682,85.15745905202323
776,405,74.0,5.367198301998756,-16.368037148016132,50.1289,-122.955,WHISTLER,0.9345735583070016,88.17040894345506
776,494,71.0,5.3944151406758785,-12.392954006362155,51.2992,-116.982,GOLDEN A,0.900689228152787,87.77846960117985
776,574,71.0,5.3949422586397935,-8.86254343967241,52.07045,-111.4495,CORONATION A COMPOSITE,0.9923540348724913,79.67027820235367
776,1213,80.0,5.405639870783257,19.402403838180682,49.1092,-66.6544,CAP-CHAT,1.1509604536884355,77.39879690782183
776,1251,80.0,5.366053007944036,21.097471836404118,48.4194,-64.3169,CAP-D'ESPOIR,1.1097003211910572,80.27658702337915
777,381,78.0,5.420220326338664,-17.40753530712463,49.8342,-124.5,POWELL RIVER A,1.0219427408706938,84.99094623429241
777,443,62.0,5.4168346831905705,-14.660457567490088,50.7022,-120.442,KAMLOOPS A,0.8156376582231104,84.64455872902859
777,537,71.0,5.416627615103591,-10.525009840106886,51.7586,-114.085,OLDS AGDM,1.004177855608632,78.73219031065032
777,611,75.0,5.410314696485807,-7.227641306952379,52.3597,-108.835,SCOTT CDA,1.0341954587562752,80.7538546477021
777,702,70.0,5.427034731484576,-3.2249597601387054,52.8167,-102.317,HUDSON BAY A COMPOSITE,0.9708942363220014,80.28432159485837
777,1201,79.0,5.422717212948875,18.882282923933264,49.3167,-67.3811,POINTE-DES-MONTS,1.1654200864713142,75.48301122925722
778,555,68.0,5.484581550677684,-9.697295705595849,51.9978,-112.803,BIG VALLEY AGCM,0.9533347196780156,79.42699419249631
779,529,68.0,5.517534556250312,-10.883216694736563,51.7781,-114.683,SUNDRE A,0.9590479695716794,78.95383093005077
779,544,70.0,5.524228340797437,-10.187388476931687,51.9358,-113.591,WIMBORNE AGCM,0.985212387304555,79.11754471208688
780,588,72.0,5.551407514468578,-8.246042385577823,52.3342,-110.51,CADOGAN AGCM,0.999539595090678,80.21158877282465
780,670,78.0,5.541979838388668,-4.606198823522794,52.8167,-104.6,MELFORT,1.0661411750084984,81.46752285706836
782,1246,74.0,5.651301920249028,20.85593090429929,48.7769,-64.4781,GASPE A,1.0417366882451398,79.10034632885814
783,371,77.0,5.703163327113734,-17.835905794927697,49.9519,-125.273,CAMPBELL RIVER A,0.9825982037445966,87.26083895437661
783,571,72.0,5.673227190517969,-9.015923551224448,52.3153,-111.779,ALLIANCE AGCM,1.0069230157304156,79.62342474157364
783,744,75.0,5.7063233640495,-1.365436807885565,53.1864,-99.2678,GRAND RAPIDS (AUT),1.034626982687889,80.72017369656352
785,541,69.0,5.801064729915265,-10.31761829085488,52.1786,-113.893,RED DEER A,0.9681529466480775,79.36147737755066
785,560,71.0,5.80114413522297,-9.50199083700556,52.3469,-112.596,STETTLER AGDM,0.9930335344332243,79.61576250155926
785,591,73.0,5.782834529229405,-8.101626068486448,52.5869,-110.343,RIBSTONE SOUTH AGCM,1.0106626627920023,80.4305916170449
785,620,70.0,5.765774172302074,-6.816518407766225,52.7719,-108.256,NORTH BATTLEFORD A COMPOSITE,0.9562547200004822,81.51341214130758
787,1230,75.0,5.868272928845077,20.155391389530983,49.2508,-65.3247,CAP-MADELEINE,1.0502191596894128,79.52175408646733
788,576,71.0,5.899614217282353,-8.776780488424757,52.5822,-111.465,BELLSHILL AGCM,0.9906741179109875,79.80537757485175
789,1140,78.0,5.94133415030525,16.191733535969586,50.7289,-71.0131,BONNARD 1,1.0193781500447643,85.20476973148033
789,1147,78.0,5.97269704592703,16.505185607563952,50.6564,-70.5319,MANOUANE EST,1.0269376008583484,84.57756388632527
790,547,68.0,6.011625811417479,-10.086977829025768,52.4333,-113.6,PRENTISS,0.9492562206457958,79.76825391974448
790,657,70.0,6.007061876745139,-5.205649220236125,53.2167,-105.667,PRINCE ALBERT A,0.9526963178072099,81.81787170425872
790,680,73.0,6.022339598671445,-4.196613718484254,53.3333,-104.0,NIPAWIN A COMPOSITE,1.0040777092726356,80.95807241105344
791,432,67.0,6.040529782467067,-15.168750889719446,51.1447,-121.505,CLINTON (AUT),0.8966218050346879,83.20896714131877
791,545,74.0,6.047101757492389,-10.177073514979266,52.4489,-113.756,LACOMBE CDA 2,1.0328682390562396,79.77952047297052
792,582,69.0,6.101760253486226,-8.51030655742628,52.8294,-111.096,WAINWRIGHT CFB AIRFIELD 21,0.956994394685899,80.28683198153797
792,1330,85.0,6.07942366355763,24.598257854640586,47.5739,-59.1547,PORT AUX BASQUES,1.0715446126550483,88.33102974564017
794,529,71.0,6.182117809439772,-10.874585430531898,52.42735,-114.9145,ROCKY MTN HOUSE A COMPOSITE,1.0032313676858569,78.80646935500931
794,596,73.0,6.1838732114001385,-7.88359819250942,53.0189,-110.102,RIVERCOURSE AGCM,1.004121273169183,80.95456003741349
795,535,76.0,6.2439010814346885,-10.582020508956104,52.5531,-114.472,LEEDALE AGDM,1.0687097035667152,79.18783407816638
795,564,72.0,6.20569266152084,-9.314940305333598,52.7803,-112.428,ROSALIND AGCM,1.003759605745911,79.87436285004709
795,572,72.0,6.206484689719541,-8.970219103168288,52.8475,-111.872,KILLAM AGDM,1.0034708623694037,79.89734627098196
796,590,72.0,6.28848290458475,-8.183879472767455,53.0708,-110.621,GILT EDGE NORTH AGCM,0.9926946010453074,80.76467715160858
797,366,82.0,6.335759578282908,-18.08989630523469,50.4535,-125.993,FANNY ISLAND,1.0327702591761354,88.41272049885029
797,632,77.0,6.295206216756323,-6.310304850448561,53.3667,-107.55,SPIRITWOOD WEST,1.0657478812950782,80.4527460187154
798,806,72.0,6.37108696084185,1.3946292957132782,53.85,-94.65,ISLAND LAKE A,1.0010516532666274,80.09043159955186
799,514,68.0,6.406167945919117,-11.529902496188551,52.492,-116.04,NORDEGG CS,0.9674440222319715,78.2686227867505
799,582,74.0,6.39023592991597,-8.509207539713254,53.1133,-111.181,ALBERT HALL AGCM,1.024527889208593,80.42897971993747
800,598,71.0,6.467027949933973,-7.816700497910845,53.3092,-110.072,LLOYDMINSTER A,0.9721528477404785,81.32581436887932
800,763,72.0,6.452753004204012,-0.5033945328851623,53.95,-97.85,NORWAY HOUSE A,0.9949952398197254,80.57793219000251
802,560,77.0,6.5168158846192465,-9.491987419918509,53.05,-112.817,CAMROSE,1.0706485404807093,80.08449119570054
802,575,73.0,6.519155409001907,-8.823180162448537,53.1822,-111.732,VIKING AGCM,1.013088911652343,80.23796821646982
802,720,71.0,6.530706804739108,-2.4262533068727663,53.9667,-101.1,THE PAS A COMPOSITE,0.9717458110160769,81.35987944301161
802,870,75.0,6.5178768261047715,4.222264895214605,53.82445,-89.88115,BIG TROUT LAKE COMPOSITE,1.0171665718265588,82.1057947310899
802,1209,74.0,6.5281147544200975,19.221659956798636,50.2167,-66.25835,SEPT-ILES A COMPOSITE,1.0301716279529982,79.98835396719726
803,468,75.0,6.576161870116752,-13.555416375438215,52.129,-119.29,BLUE RIVER A COMPOSITE,0.9585453644843455,87.12709157864983
803,568,72.0,6.581022963586244,-9.12691376887489,53.185,-112.246,HOLDEN AGDM,1.0020221015612758,80.01286482468498
803,587,73.0,6.584772918176092,-8.290268669050546,53.3438,-110.882,VERMILION AGDM,1.005835978703244,80.81655221601642
803,1351,83.0,6.597500707225498,25.503301629128412,47.6167,-57.6167,BURGEO,1.0804138053762447,85.54459849939508
805,354,84.0,6.6747472272446595,-18.602265614133806,50.5833,-126.933,ALERT BAY,1.0319709478943102,90.63927847486616
805,1133,79.0,6.681568308578967,15.871063520888601,51.5325,-71.1108,LAC BENOIT,1.0164123185659244,86.54894855862615
805,1239,80.0,6.672664893036011,20.54019153843304,49.8386,-64.2933,PORT-MENIER,1.103761103764867,80.7085465324958
806,653,72.0,6.729632151874412,-5.362566278886246,53.9167,-106.067,WASKESIU LAKE,1.0026404285443649,79.96352100021225
806,1389,86.0,6.714805284597526,27.17979422671576,46.9167,-55.3833,ST LAWRENCE COMPOSITE,1.1282189262571651,84.88084515826915
807,539,70.0,6.762574807232476,-10.4434834705437,53.0894,-114.441,BRETON PLOTS,0.984803152100696,79.15042202819824
808,546,70.0,6.8155085797781725,-10.093559028413027,53.2172,-113.895,THORSBY AGCM,0.9725173160466564,80.15033132811638
808,599,73.0,6.817885406962582,-7.761994236902337,53.6642,-110.081,TULLIBY LAKE AGCM,0.9941932737061264,81.76297108769887
809,349,84.0,6.867169200978581,-18.822471420345344,50.6803,-127.366,PORT HARDY A,1.036640987037356,90.23095101756121
810,551,72.0,6.869367874748275,-9.896363041606373,53.3117,-113.5945,EDMONTON INTERNATIONAL CS COMPOSITE,0.9992591490408507,80.23410047386167
810,572,71.0,6.878051683715291,-8.976976249942552,53.5053,-112.098,VEGREVILLE,0.9824525194566117,80.473224372459
811,578,73.0,6.948249156394621,-8.707260567495911,53.6253,-111.678,TWO HILLS AGDM,1.0065094893421436,80.76247343355782
812,569,72.0,6.961652056468458,-9.083551639856822,53.5667,-112.3,MUNDARE AGDM,0.9976702702313163,80.3618804286712
814,1236,81.0,7.086274614072902,20.404725115702817,50.2714,-64.2264,LONGUE-POINTE-DE-MINGAN,1.1283951065202031,79.93343006614711
815,397,71.0,7.128698629262367,-16.716391235889667,51.6746,-124.403,TATLAYOKO LAKE RCS,0.9222236482535247,85.72879494387591
815,432,68.0,7.133331673139345,-15.169367061339733,52.1831,-122.054,WILLIAMS LAKE A,0.9120593768184231,83.02147115411503
815,489,67.0,7.097323706908893,-12.626067082342265,52.8833,-118.067,JASPER,0.8637465243517962,86.37600523985961
815,490,68.0,7.132905600093984,-12.59280256834153,52.9264,-118.03,JASPER WARDEN,0.8800197782458532,86.04410163860729
815,553,69.0,7.1152353415096,-9.795438105772934,53.5732,-113.5175,EDMONTON CITY CENTRE A COMPOSITE,0.9555725275329876,80.40629670652393
815,1328,78.0,7.117358910371174,24.517097913492673,48.5333,-58.55,STEPHENVILLE A,0.9863340732778337,88.05929238074768
816,537,69.0,7.140820673012801,-10.527039980520042,53.4394,-114.718,TOMAHAWK AGDM,0.9597365975787269,80.05743280735706
816,545,69.0,7.165371154454474,-10.146260505635633,53.54735,-114.108,EDMONTON STONY PLAIN COMPOSITE,0.957960462375021,80.20586568148106
816,556,71.0,7.169430466081352,-9.681257865613995,53.65,-113.35,OLIVER AGDM,0.9819589339838621,80.51367455130142
816,562,72.0,7.142646703644518,-9.39280651845686,53.6828,-112.868,ELK ISLAND NAT PARK,0.9974899884265326,80.37640466952332
816,594,75.0,7.142733701567932,-8.005841552539946,53.9428,-110.579,LINDBERGH AGDM,1.020905737114188,81.8050743742433
816,622,74.0,7.1352525405297005,-6.770535142688344,54.1333,-108.517,MEADOW LAKE A COMPOSITE,1.0098222745478436,81.60023293263593
817,336,87.0,7.217536626163485,-19.408809155479275,50.7822,-128.42700000000002,CAPE SCOTT,1.1001250920322225,88.06063384606007
817,554,68.0,7.200312782906686,-9.746050255364205,53.6667,-113.467,EDMONTON NAMAO A COMPOSITE,0.940707501925781,80.49315125940706
818,713,70.0,7.265476171623048,-2.727125817074123,54.6833,-101.683,FLIN FLON COMPOSITE,0.9769252507577674,79.78868909674381
818,1244,75.0,7.2595427423462,20.768642084400955,50.2833,-63.6,HAVRE-SAINT-PIERRE A,1.0257098683295616,81.42192283840278
819,571,75.0,7.302630708009056,-9.002126367410352,53.9169,-112.279,ANDREW AGDM,1.0309036279543686,81.011713887784
819,585,74.0,7.282822993053725,-8.397715283859812,54.0111,-111.272,ST. PAUL AGCM,1.0087177746622602,81.68958146024352
820,1395,86.0,7.3418976867710075,27.448261560571915,47.3283,-54.5853,MARTICOT ISLAND,1.086284423043756,88.15755243542297
823,404,69.0,7.486091580041011,-16.409195423637918,52.1144,-124.136,PUNTZI MOUNTAIN (AUT),0.9145836514907738,84.00986399459548
824,514,70.0,7.529917532802947,-11.51067431339382,53.5862,-116.467,EDSON A COMPOSITE,0.990144451909941,78.72344782936757
824,1403,83.0,7.514621430997384,27.815292532611775,47.2939,-53.9933,ARGENTIA (AUT),1.06637851765425,86.67050551376613
825,1032,74.0,7.55110484508539,11.40209725081259,53.6333,-77.7,LA GRANDE RIVIERE A,0.9490854526928364,86.8222482916266
826,599,69.0,7.579601901793156,-7.751283756222328,54.4167,-110.283,COLD LAKE A,0.9402610440678867,81.71565615545485
827,1268,78.0,7.646599951001509,21.855483859627054,50.1833,-61.8167,NATASHQUAN A,1.0501979175918832,82.70429705576656
827,1333,79.0,7.665818126824087,24.702111897273234,48.9333,-57.9167,CORNER BROOK,0.9880108200243425,89.03689685478216
828,570,73.0,7.681597894971211,-9.05791632634179,54.2775,-112.499,SMOKY LAKE AGDM,0.9960069357311637,81.61408618499775
829,544,72.0,7.743529592078992,-10.221767770910317,54.0947,-114.448,BARRHEAD CS,0.9923000303451789,80.79679180870303
829,564,74.0,7.7423996277592515,-9.326787101985772,54.2833,-112.967,ABEE AGDM,1.0127113261469876,81.36744469638553
831,581,73.0,7.809699892844955,-8.553772913280616,54.5,-111.7,RICH LAKE AGDM,1.027791297839383,79.09017722226514
833,667,71.0,7.901462901160688,-4.759302141690492,55.1482,-105.2685,LA RONGE RCS COMPOSITE,0.9893554383749091,79.91174755493678
834,526,71.0,7.970771424867976,-10.980626536377773,54.1418,-115.7855,WHITECOURT COMPOSITE,0.9930214122019784,79.61673440475491
835,432,70.0,8.020634284705773,-15.164130981795742,53.0261,-122.51,QUESNEL A,0.9398106845937876,82.93966687254796
835,925,77.0,7.980076893652368,6.671684239981935,54.9833,-85.4333,PEAWANUCK (AUT),0.9982317789869608,85.89422358485841
836,490,72.0,8.036429614482419,-12.598464775815508,53.795,-118.447,HENDRICKSON CREEK,0.9742078689421666,82.29728122667079
837,1336,75.0,8.075391192008935,24.868387906174352,49.2167,-57.4,DEER LAKE A,0.9293475578669548,89.8644097644187
838,578,71.0,8.109459289381412,-8.687796526019358,54.7689,-112.024,LAC LA BICHE CLIMATE,0.9822763405579635,80.48765787091072
838,705,70.0,8.138488938936142,-3.055518822819442,55.5333,-102.35,ISLAND FALLS (AUT),0.9436405006248995,82.60305174677367
840,568,74.0,8.213527245036316,-9.14271447786085,54.7817,-112.825,ATMORE AGDM,1.0083915889047887,81.71600569691834
840,1326,79.0,8.23989353197616,24.42289491438044,49.57,-57.8778,ROCKY HARBOUR CS,1.014601913422344,86.70338219369933
840,1416,82.0,8.230534649080468,28.377457088340115,47.6222,-52.7428,ST JOHN'S A,1.0759117889532404,84.86757855204914
841,374,74.0,8.274041871210073,-17.733803823622914,52.3875,-126.596,BELLA COOLA A,0.9167962906118331,89.88008968565596
841,1357,77.0,8.276607341657702,25.763095697857583,48.9667,-56.0667,BADGER (AUT),0.9717930601186583,88.23107216195558
842,361,83.0,8.288057845471815,-18.311029088565448,52.1875,-127.471,CATHEDRAL POINT (AUT),1.0372985889413173,89.10025153745106
842,763,70.0,8.306018505604065,-0.4898819825218631,55.8033,-97.8625,THOMPSON A,0.9642837932666768,80.83469373617612
842,1084,74.0,8.314253687711462,13.681998561384583,53.7572,-73.6792,LA GRANDE IV A,0.9449107885951005,87.20583341648972
847,1294,83.0,8.51185137838431,22.990534772134843,50.465,-59.6394,CHEVERY,1.091401265226766,84.68339568482276
849,1389,82.0,8.608947022211417,27.178288344027237,48.5569,-53.9744,TERRA NOVA NAT PARK CS,1.0544657947602238,86.59363700349135
850,345,86.0,8.650836671452103,-18.9954872190085,52.2617,-128.719,MCINNES ISLAND,1.0922396613455125,87.67688939833293
852,1376,79.0,8.74541391101366,26.63526688911577,48.94625,-54.5719,GANDER AIRPORT CS COMPOSITE,1.0013314074734414,87.85245006533899
853,628,71.0,8.812475748517459,-6.464228930655402,55.83695,-108.427,BUFFALO NARROWS A COMPOSITE,0.9698828472311242,81.51615657419623
855,436,71.0,8.871679997996239,-14.978951097074027,53.8908,-122.679,PRINCE GEORGE A,0.9526199260149464,82.99335325081066
855,804,74.0,8.877158689736492,1.2852613930495622,56.3582,-94.7074,GILLAM COMPOSITE,0.977326654698067,84.31339964745489
856,313,87.0,8.9221102400567,-20.436114299632873,51.9333,-131.017,CAPE ST JAMES,1.1020885466063772,87.90374712869021
856,1323,82.0,8.917592883317909,24.275196665536356,50.2364,-57.5811,DANIELS HARBOUR,1.0746962432996359,84.96356885338689
856,1369,79.0,8.920267481638986,26.294066602940795,49.2667,-54.8833,COMFORT COVE,1.0145124433512305,86.7110285836687
857,545,72.0,8.953304446870469,-10.139585833530148,55.29165,-114.783,SLAVE LAKE A COMPOSITE,0.9912354887582732,80.88356386836433
857,695,75.0,8.975675671215516,-3.521382304920681,56.3333,-103.283,SOUTHEND,1.0027801344215626,83.28372978977319
858,1398,82.0,8.995449237262823,27.614971456792322,48.6672,-53.1142,BONAVISTA,1.0829387910231703,84.31688754799734
860,514,70.0,9.100559585566144,-11.541608424210233,55.0981,-117.199,VALLEYVIEW AGDM,0.9854101050852452,79.10167015866652
861,1022,76.0,9.143254450485722,10.963379553343792,55.2833,-77.75,KUUJJUARAPIK A,0.9550517879372721,88.61174624524743
863,1351,81.0,9.231985979494414,25.520707508907858,49.9167,-55.6667,LA SCIE,1.0654045324300976,84.65938391334295
864,525,70.0,9.284503540207844,-11.06298075782664,55.3958,-116.479,HIGH PRAIRIE AGDM,0.9682895114752585,80.50028858074818
865,1365,81.0,9.307897246727128,26.13004376259036,49.6833,-54.8,TWILLINGATE (AUT),1.0697353051129757,84.31664440998284
867,393,75.0,9.431478060616245,-16.883217519727875,53.7719,-125.997,OOTSA LAKESKINS LAKE CLIMATE,0.9603808046105463,86.96057787992228
867,493,68.0,9.437642625030247,-12.46008114715757,55.1797,-118.885,GRANDE PRAIRIE A,0.9447776262695828,80.14638486132478
867,723,70.0,9.42309971960384,-2.257218021476368,56.8639,-101.076,LYNN LAKE A,0.9291937588885901,83.88733174090966
870,487,65.0,9.536136619901917,-12.739011854163321,55.1967,-119.396,BEAVERLODGE RCS,0.8992026076387793,80.49342810880506
871,340,85.0,9.606712845887811,-19.221120663833677,53.05,-129.683,ETHELDA BAY,1.0739775561904994,88.13092835007501
873,420,68.0,9.67382747036811,-15.68054825705745,54.4167,-124.25,FORT ST JAMES A,0.9053203996243817,83.63946208965064
875,503,71.0,9.76951591837804,-12.009133970288808,55.6211,-118.293,PEORIA AGDM,0.9828549046235134,80.44027827668442
875,1321,84.0,9.748990532666745,24.169962329644125,51.0167,-57.1,FEROLLE POINT (AUT),1.1163562803200608,83.78785856549915
875,1336,83.0,9.792500942910612,24.868298591591508,50.7211,-56.1128,ENGLEE (AUT),1.073463987724835,86.09843110806403
876,400,75.0,9.812902667229737,-16.586330772696368,54.2333,-125.767,BURNS LAKE,0.9744920566805397,85.70133453750256
877,597,69.0,9.871521038852975,-7.875701530273596,56.65055,-111.215,FORT MCMURRAY A COMPOSITE,0.9492722235884489,80.9399519591667
880,399,77.0,9.993147522311885,-16.63738722118312,54.3832,-125.959,BURNS LAKE DECKER LAKE,0.9933362054625248,86.31754600537587
880,492,70.0,9.986883825544258,-12.503884480613857,55.6947,-119.23,SPIRIT RIVER AUTO STATION,0.9681612039125719,80.51095704771589
880,668,74.0,10.01081133133084,-4.711898162748228,57.25,-105.6,KEY LAKE A,0.9651044301593557,85.38115694905918
883,1207,76.0,10.11636629865344,19.13577139970266,53.55,-64.1,CHURCHILL FALLS A,1.0044108883043315,84.25715777199471
883,1315,81.0,10.104162651119204,23.912489411212096,51.45,-57.1833,LOURDES DE BLANC SABLON A,1.0523367568589221,85.7106726968648
884,480,62.0,10.186876121441845,-13.011477242341922,55.7417,-120.182,DAWSON CREEK A,0.8630436811384857,79.99512790824225
885,517,68.0,10.226946829363605,-11.381198804475845,56.2269,-117.447,PEACE RIVER A,0.9341529587579112,81.0579365332761
885,649,73.0,10.211000872120755,-5.534482218850916,57.35,-107.133,CREE LAKE,0.9523962961574469,85.35123059758352
886,546,71.0,10.243617505655566,-10.11738344451972,56.552,-115.278,RED EARTH,0.9642206458556849,81.99484461708224
887,315,83.0,10.323304131822256,-20.314453931732185,53.2539,-131.813,SANDSPIT A,1.0332442160342588,89.44987425030016
887,441,73.0,10.295420807028806,-14.765125833156345,55.3053,-123.138,MACKENZIE A,0.9443802630755453,86.07570390013126
887,594,70.0,10.29025448153633,-7.989638709553197,57.0411,-111.559,MILDRED LAKE,0.9481420353540159,82.21087368451714
889,462,64.0,10.382100207627818,-13.81651035392004,55.6872,-121.627,CHETWYND A,0.8806100904710367,80.928397589735
889,1329,79.0,10.373611671056155,24.545692171940438,51.3833,-56.1,ST ANTHONY COMPOSITE,1.0297132812146936,85.43098266164311
892,1336,86.0,10.513143541501316,24.830079614182484,51.3667,-55.6,ST ANTHONY,1.1253374427102374,85.09818686351254
895,367,77.0,10.64544044520589,-18.038806278710556,54.4664,-128.577,TERRACE A,0.9426477642278724,90.95904840346061
895,387,74.0,10.665533425795687,-17.140960439352252,54.8247,-127.183,SMITHERS A,0.922350089535921,89.33888960224266
895,490,71.0,10.663113773742156,-12.603736837825105,56.3144,-119.745,CLEARDALE AGDM,0.961513334256172,82.22571566798014
895,1162,72.0,10.642722973708436,17.15060312140212,54.8,-66.8167,SCHEFFERVILLE A,0.9047955004075313,88.61080645013979
897,477,66.0,10.753806257076697,-13.163717285063106,56.2381,-120.74,FORT ST JOHN A,0.8970404322399061,81.92879021044669
899,693,75.0,10.84173036143908,-3.593483064969654,58.18665,-103.706,COLLINS BAY COMPOSITE,0.984090065332442,84.86547389898199
901,342,83.0,10.925168419012316,-19.12359427311639,54.2925,-130.445,PRINCE RUPERT A,1.0359772120118949,89.2138978758282
902,522,73.0,10.948419695171538,-11.184218485505541,56.9739,-117.451,MANNING AGDM,1.0587696274903,76.77609347965871
909,810,77.0,11.268490682622877,1.5517817622508403,58.7392,-94.0664,CHURCHILL A,0.9763893807975708,87.81572731134963
909,1322,77.0,11.25568296128817,24.23008477401911,52.3036,-55.83305,MARY'S HARBOUR A COMPOSITE,1.0044006467838729,85.36667502989675
915,310,88.0,11.545163694436308,-20.54536787529786,54.2552,-133.058,LANGARA,1.1049585066836234,88.68319421194299
924,607,71.0,11.942013308392715,-7.427243662432282,58.7667,-111.117,FORT CHIPEWYAN A,0.9556651479147868,82.72889537305711
926,670,72.0,12.01176366560062,-4.604034071073405,59.25,-105.833,STONY RAPIDS A,0.9344369445442446,85.79996695515172
928,547,73.0,12.118719845803014,-10.074177481250986,58.3823,-116.04,FORT VERMILION,0.986652699624816,82.38785129208007
929,574,79.0,12.174502673448476,-8.86753025568397,58.7108,-113.866,GARDEN RIVER,1.0690529549637418,82.28724037052001
930,1000,79.0,12.187637204389825,9.989987113095877,58.4693,-78.0801,INUKJUAK UA COMPOSITE,0.9735343426479706,90.36087749574727
932,364,82.0,12.314069788778712,-18.18701005126701,55.9361,-129.985,STEWART A,0.9904264970994978,92.19263471996133
937,535,68.0,12.498830656358052,-10.594224739549533,58.6214,-117.165,HIGH LEVEL A,0.9289180870114051,81.51473450903013
937,641,72.0,12.505036006001426,-5.928649267233514,59.5667,-108.483,URANIUM CITY (AUT),0.9376599947908192,85.50504384209667
942,1251,77.0,12.741825670817573,21.086584257574323,55.0822,-59.1886,MAKKOVIK A,0.9974753842469685,85.95935796305098
954,603,72.0,13.25566504900323,-7.607541496645303,60.0232,-111.9455,FORT SMITH A COMPOSITE,0.9570415830411287,83.77343302973664
957,1115,73.0,13.3816017084914,15.062915391847254,58.1,-68.4167,KUUJJUAQ A,0.9118840054252916,89.14313159348252
957,1207,74.0,13.419876797675242,19.12294867359371,56.55,-61.6833,NAIN COMPOSITE,0.9520278573758432,86.55390930555257
960,474,70.0,13.53351926237463,-13.294599528109782,58.8364,-122.597,FORT NELSON A,0.9758321472129982,79.87806645445151
962,807,82.0,13.627521603757163,1.4581972729819246,61.1,-94.0667,ARVIAT A COMPOSITE,1.0264313672573904,88.95872746761813
981,564,71.0,14.468214057228929,-9.32324361570522,60.8393,-115.78,HAY RIVER A COMPOSITE,0.951777555509335,83.06680649893107
984,387,74.0,14.589755925069625,-17.149025860475014,58.42553333,-130.0226667,DEASE LAKE COMPOSITE,0.9139990433552403,90.15516309642517
993,475,71.0,14.997500532148837,-13.242353392775357,60.2333,-123.467,FORT LIARD,1.004655399425213,78.69476646296062
997,547,71.0,15.15615711513494,-10.077110170574896,61.3169,-117.602,FORT PROVIDENCE,0.9463625045614601,83.54211166698336
1002,827,77.0,15.389341884371548,2.3116704332428544,62.8167,-92.1167,RANKIN INLET A,0.9515974801834108,90.10358413022595
1004,627,70.0,15.491470329004402,-6.5299173223889415,62.4156,-110.69,LUTSELK'E CS,0.8983105852184593,86.77130870556756
1008,644,73.0,15.665372425277164,-5.759402027381535,62.71405,-109.1675,FORT RELIANCE COMPOSITE,0.9242018016213793,87.95502859982554
1013,416,70.0,15.880923220563833,-15.851020784876589,60.1165,-128.822,WATSON LAKE A,0.9232054882399362,84.43145767263012
1013,587,66.0,15.8941364226464,-8.283411299371597,62.4628,-114.44,YELLOWKNIFE A,0.8636715562154589,85.09419680939152
1018,473,70.0,16.127037568073327,-13.349857386820682,61.2567,-124.468,DEADMEN VALLEY,0.9094460549368951,85.70886055344826
1018,511,73.0,16.085824204153216,-11.662896594650542,61.7603,-121.237,FORT SIMPSON A COMPOSITE,0.9738540896374004,83.47061100691697
1022,690,78.0,16.296719225433336,-3.7576483250916217,63.6,-105.133,HANBURY RIVER,0.9751334747527506,89.07076086777684
1033,375,71.0,16.761427364583458,-17.661919021479473,60.1704,-132.7345,TESLIN A COMPOSITE,0.8846424223263046,89.37071073939238
1034,784,74.0,16.80137872475479,0.41775555963923183,64.2989,-96.0778,BAKER LAKE A,0.9204117209908368,89.52703550424324
1035,562,73.0,16.86203978958295,-9.404454925856033,63.1336,-117.245,LAC LA MARTRE,0.9489630706202767,85.66002030035351
1043,914,75.0,17.235601653792568,6.170803303022934,64.1933,-83.3594,CORAL HARBOUR A,0.9169960464794963,91.07484167935856
1055,638,77.0,17.73073436889728,-6.0628760300721645,64.6989,-110.615,EKATI A,0.9565624092676018,89.63591165940356
1056,357,66.0,17.7729222850007,-18.468791200743226,60.7095,-135.069,WHITEHORSE A,0.8234241042239043,89.2534442534214
1060,982,79.0,17.945778795694643,9.198410704987277,64.2303,-76.525,CAPE DORSET A,0.9538684909286057,92.22384250084258
1070,333,67.0,18.431001006079605,-19.56058255517341,60.7725,-137.58,HAINES JUNCTION,0.8426860640491314,88.53471950732467
1075,1065,77.0,18.61430228253761,12.847934209073113,63.7486,-68.5472,IQALUIT A COMPOSITE,0.9343407371591593,91.76774618060058
1077,391,69.0,18.715016646635824,-16.975755181391452,62.2072,-133.3745,FARO A COMPOSITE,0.859335189483345,89.41103438300377
1079,636,78.0,18.822067679202526,-6.129352998978208,65.7592,-111.25,LUPIN A,0.963696459391689,90.12784025240926
1090,325,68.0,19.306314193603082,-19.882004589804254,61.3667,-139.05,BURWASH A,0.8905340417447561,85.02820520484244
1098,516,75.0,19.663546246690753,-11.432770199531427,65.2086,-123.433,DELINE CS,0.959255707253143,87.06257270323289
1112,486,67.0,20.251751757393915,-12.786591017652583,65.285,-126.7765,NORMAN WELLS A COMPOSITE,0.853246608556296,87.43893449463246
1117,383,71.0,20.495251114049235,-17.3192127506522,63.6167,-135.86700000000002,MAYO A,0.8887527010670113,88.95739156528133
1120,321,69.0,20.64611864520335,-20.05859822861877,62.4103,-140.868,BEAVER CREEK A,0.8870624783305577,86.61627568558788
1132,611,79.0,21.164558334912606,-7.2414532923086385,67.81695,-115.1395,KUGLUKTUK A COMPOSITE,0.9726577764801818,90.44231136696055
1132,785,82.0,21.138921535217452,0.44902530231432797,68.6356,-95.8503,GJOA HAVEN CLIMATE,0.9840225388649957,92.79261872333215
1132,838,77.0,21.168269643134604,2.820157471562718,68.5375,-89.7964,KUGAARUK CLIMATE,0.9362020416677206,91.5852986830474
1135,1069,72.0,21.28843459550038,13.026649004652166,66.145,-65.7136,PANGNIRTUNG A,0.8882059466579361,90.2658434851099
1138,478,73.0,21.43659517878678,-13.124659609447363,66.2422,-128.644,FORT GOOD HOPE CS,0.932842776052489,87.14029628616086
1142,359,70.0,21.60635893049916,-18.40222896408782,64.05199999999999,-139.1275,DAWSON A COMPOSITE,0.8775284152756019,88.82628043331142
1143,632,82.0,21.661324385943654,-6.322944136993751,68.5,-113.217,LADY FRANKLIN POINT A,1.0066980543160347,90.70249800582184
1145,508,77.0,21.74932347936409,-11.803610114555505,67.0214,-126.123,COLVILLE LAKE,0.971820164958775,88.22861132692611
1146,704,79.0,21.771353847100382,-3.115997225108183,69.1081,-105.138,CAMBRIDGE BAY A COMPOSITE,0.9601416760355639,91.62128847186685
1149,912,79.0,21.893848234284437,6.082122147370087,68.7758,-81.2425,HALL BEACH A,0.9679459986277019,90.88256741453975
1160,1100,75.0,22.39945260697579,14.412454916130438,66.5833,-61.6167,CAPE DYER A,0.9159393664821872,91.17991082146813
1163,474,72.0,22.551131746181326,-13.304558056771857,67.1792,-130.22799999999998,LITTLE CHICAGO,0.9112393782187703,87.9841904114034
1170,1069,78.0,22.83741019766121,13.033776520184484,67.5458,-64.0314,QIKIQTARJUAQ A,0.9596578644984921,90.50713150697368
1171,1071,82.0,22.868701178463567,13.129046420759014,67.5356,-63.7889,FOX FIVE,1.0069710580982585,90.67790730402001
1184,421,75.0,23.480497388330893,-15.638171778396813,66.9811,-136.218,ROCK RIVER,0.9353865132910151,89.28423551872912
1184,575,82.0,23.44235374761187,-8.826311309401945,69.5833,-120.8,CLINTON POINT,1.0153244126490595,89.93187509973286
1188,547,80.0,23.628469659569642,-10.089579069383861,69.3578,-124.083,PAULATUK,0.9956271601798773,89.47421079580766
1199,460,71.0,24.124623751581403,-13.937953309449579,68.31045,-133.5,INUVIK A COMPOSITE,0.8971900518817637,88.12081884735235
1202,608,79.0,24.25257185841111,-7.373396591071229,70.7614,-117.8,HOLMAN CS,0.9688827924659101,90.79469483612623
1207,549,83.0,24.460936365558336,-9.983429469768035,70.1667,-124.717,CAPE PARRY A,1.005596439561719,91.90920090607767
1212,400,72.0,24.7216824726706,-16.594913935534528,67.5706,-139.839,OLD CROW A COMPOSITE,0.8945556995097542,89.62511670039939
1215,514,82.0,24.832678410066798,-11.546456477131793,69.9333,-128.967,NICHOLSON PENINSULA,1.0031052760352261,91.02736317464877
1215,1003,77.0,24.854671892755793,10.111462339176834,70.4861,-68.5167,CLYDE A,0.9292188315141159,92.2735750782236
1219,477,80.0,25.030944279325773,-13.174092855261414,69.43886667,-133.01433329999998,TUKTOYAKTUK COMPOSITE,0.9700240559280986,91.83581980215223
1227,438,81.0,25.359134172031187,-14.871314613656038,68.95,-137.217,SHINGLE POINT A,0.9870189715689743,91.38273319168133
1240,914,74.0,25.95102437247518,6.194640307498111,72.6894,-77.9689,POND INLET A,0.9085225968011741,90.6986057515766
1244,419,71.0,26.1095088620721,-15.71801209818014,69.1644,-140.15,IVVAVIK NAT. PARK,0.876930915153555,90.15661401294714
1246,562,84.0,26.214275750688067,-9.387968858171991,71.9925,-125.254,SACHS HARBOUR CLIMATE,1.0190778125807665,91.78602553153982
1252,425,84.0,26.46237673783208,-15.465895824824763,69.5833,-140.183,KOMAKUK BEACH A,1.023036091994527,91.43089169200532
1259,614,81.0,26.768680893281097,-7.115011108950228,73.2308,-119.538,THOMSEN RIVER,0.988518542237987,91.24410669102083
1269,788,78.0,27.22416020466172,0.599798396843279,74.71635,-94.97625,RESOLUTE CARS COMPOSITE,0.9271309560902014,93.6824296215348
1279,618,81.0,27.6694190593657,-6.922336498707375,74.1389,-119.989,NANGMAGVIK LAKE,0.9738279299583765,92.62056320141737
1323,640,79.0,29.599335786158985,-5.970276831056421,76.2354,-119.34,MOULD BAY A COMPOSITE,0.9366523817665937,93.91895988990012
1391,826,70.0,32.64541886648805,2.272431308433523,79.9833,-85.9333,EUREKA A,0.8342623708982151,93.43293887215253
1472,894,79.0,36.21327590231115,5.277068396838443,82.5089,-62.30695,ALERT COMPOSITE,0.9766014312171128,90.07709251898406
