,ilocy,ilocx,RL50 (kPa),rlat,rlon,lat,lon,station_name,ratio,model_vals,best_tol
0,558,1009,0.402,-4.286848910227873,10.373390404111557,42.2756,-82.9556,WINDSOR A,1.163206912440688,0.28239578369646906,0.8171261881588013
1,559,1009,0.484,-4.227125340313413,10.379271031382924,42.3333,-82.9333,WINDSOR RIVERSIDE,1.4033804519771123,0.2818117314600516,0.8171261881588013
2,576,1017,0.389,-3.4945859613826147,10.7134921602455,42.9922,-82.3047,SARNIA AIRPORT,1.1107377667459042,0.28617203511950884,0.8171261881588013
3,577,1048,0.47,-3.434479081735439,12.106219211616422,42.774390000000004,-80.42905999999999,HAGERSVILLE 2 composite,1.1964753616853465,0.320983883774813,0.8171261881588013
4,579,1046,0.5870000000000001,-3.3628448895127754,11.999925006386508,42.8667,-80.55,DELHI CDA,1.5126880363103365,0.31708657762585285,0.8171261881588013
5,579,1050,0.446,-3.335374154899144,12.206799132067156,42.85,-80.2667,SIMCOE,1.1345837901762579,0.32120878429103045,0.8171261881588013
6,580,1035,0.45799999999999996,-3.290371679059054,11.534368202439223,43.0331,-81.1511,LONDON INT'L AIRPORT,1.1695669696099977,0.3199849208305924,0.8171261881588013
7,580,1037,0.491,-3.3033197995587598,11.625518178228763,43.001999999999995,-81.0328,DORCHESTER,1.249390574132504,0.3211237275937871,0.8171261881588013
8,580,1051,0.34,-3.2976268496041468,12.223659162002475,42.8833,-80.2333,WATERFORD,0.8551402543438593,0.32488577465829066,0.8171261881588013
9,587,1054,0.423,-2.9689855230488806,12.37546741076384,43.1717,-79.9342,HAMILTON A,1.0726226008940742,0.3222423034001562,0.8171261881588013
10,590,1054,0.397,-2.851997203751697,12.387474338992014,43.2833,-79.8833,HAMILTON RBG,1.0068248597286442,0.3222001260343085,0.8171261881588013
11,591,1066,0.309,-2.817509219258394,12.915619247015943,43.2,-79.1667,ST CATHARINES A,0.8162059359127461,0.30934838994856495,0.8171261881588013
12,592,1046,0.467,-2.767016061611644,11.996249233882299,43.45,-80.3833,WATERLOO WELLINGTON A,1.1608817554268258,0.328713866064556,0.8171261881588013
13,594,1044,0.41700000000000004,-2.666314502571736,11.94129167027309,43.56001071,-80.42801786,GUELPH OAC composite,1.0348834353308045,0.329256038727976,0.8171261881588013
14,598,1059,0.406,-2.4868552600065392,12.60189887608841,43.59246944,-79.48505417,TORONTO NEW INT'L A composite,1.0321699717918733,0.32141337324175523,0.8171261881588013
15,599,1061,0.396,-2.4371144169958994,12.657472533066505,43.6286,-79.395,TORONTO ISLAND A,1.0073051197195402,0.3212353081268751,0.8171261881588013
16,600,1057,0.373,-2.4275243009702034,12.480315141272046,43.6772,-79.6306,TORONTO LESTER B. PEARSON INT'L A,0.9413243655613052,0.323786443158188,0.8171261881588013
17,600,1060,0.436,-2.4007826199030635,12.645432657636889,43.6667,-79.4,TORONTO,1.1065156725854786,0.3219719583408934,0.8171261881588013
18,602,1053,0.494,-2.327916851748337,12.32637283896129,43.8081,-79.8081,SANDHILL,1.2394462887229591,0.32567795847478953,0.8171261881588013
19,603,1037,0.401,-2.300804570575231,11.625346633334846,43.9833,-80.75,MOUNT FOREST,1.010605835086484,0.3242288833842314,0.8171261881588013
20,603,1059,0.376,-2.3012399580428746,12.57237144415825,43.78,-79.4678,TORONTO NORTH YORK,0.9486707129092975,0.3238631092610577,0.8171261881588013
21,605,1058,0.415,-2.2032653790882666,12.564815949223863,43.8772,-79.4478,RICHMOND HILL,1.042912794157918,0.32515409724137956,0.8171261881588013
22,605,1060,0.41200000000000003,-2.2053809803339703,12.62287891217746,43.8622,-79.37,TORONTO BUTTONVILLE A,1.0375759592591671,0.3244639455233714,0.8171261881588013
23,608,1038,0.258,-2.068590235243496,11.658569176059126,44.2036,-80.6378,PRICEVILLE,0.6590540037552713,0.3198805490046832,0.8171261881588013
24,609,1050,0.365,-2.0028898354841,12.2065379573681,44.1514,-79.8722,ALLISTON NELSON,0.9332449567882009,0.3195849669570197,0.8171261881588013
25,611,1027,0.36,-1.9374790458624405,11.156459894997607,44.43423333,-81.2871,WALKERTON composite,0.9811476409406757,0.2998176986443521,0.8171261881588013
26,611,1053,0.35700000000000004,-1.9211289341184725,12.318754222071837,44.2067,-79.6947,COOKSTOWN,0.9017996506996117,0.32347988707511893,0.8171261881588013
27,616,1053,0.442,-1.7233069520001558,12.319592020167152,44.3995,-79.6328,SHANTY BAY,1.1105112156813817,0.3252283903720734,0.8171261881588013
28,616,1086,0.493,-1.7037724583668714,13.763648867181702,44.0833,-77.6667,SMITHFIELD CDA,1.0445121102105797,0.38567595992838566,0.8171261881588013
29,617,1071,0.49,-1.6437599584267275,13.111996013499192,44.29722,-78.52882667,HALIBURTON A composite,1.0818867087991915,0.37008665412131353,0.8171261881588013
30,617,1074,0.37799999999999995,-1.6786484471005159,13.239909508912735,44.2333,-78.3667,PETERBOROUGH A,0.8228837992009723,0.3753551831059817,0.8171261881588013
31,617,1087,0.444,-1.647919910661428,13.848380542642577,44.1167,-77.5333,TRENTON A,0.9287685948812838,0.39062908623528747,0.8171261881588013
32,618,1028,0.348,-1.6065279350677362,11.219407227076683,44.7458,-81.1072,WIARTON A,0.8888718407579238,0.3199110382851083,0.8171261881588013
33,619,1089,0.441,-1.5905322191931184,13.936456970299941,44.1506,-77.3947,BELLEVILLE,0.8996775415959001,0.4005353388490914,0.8171261881588013
34,623,1084,0.499,-1.39563263390509,13.715114449914411,44.39395238,-77.62724286,STIRLING composite,1.0118823477612398,0.4029578822017875,0.8171261881588013
35,623,1102,0.516,-1.3803565049833204,14.473210899310928,44.2186,-76.5967,KINGSTON A,1.0292553671202926,0.40965257657059495,0.8171261881588013
36,627,1099,0.48,-1.1950455367128394,14.354715693013972,44.4281,-76.6903,HARTINGTON IHD,0.952598423911195,0.41173758057024556,0.8171261881588013
37,629,1055,0.46799999999999997,-1.1177117079756498,12.424309244301325,44.9667,-79.3,MUSKOKA A,1.0501321847072436,0.3641589712488708,0.8171261881588013
38,633,1067,0.502,-0.929498972966488,12.938661086656456,45.0322,-78.5311,HALIBURTON 3,1.1106732168516884,0.36932316385413766,0.8171261881588013
39,637,1052,0.48,-0.7779930357615851,12.262381226920443,45.33400909,-79.41611818,BURKS FALLS composite,1.0664742124978397,0.36777314042839,0.8171261881588013
40,639,1000,0.371,-0.6883970505338951,9.992710779507949,45.8833,-82.5667,GORE BAY A,0.833624551976444,0.36365749435782163,0.8171261881588013
41,640,1059,0.469,-0.6480473584073168,12.604555155685231,45.3833,-78.9,DWIGHT,1.088215852482996,0.3521655941438935,0.8171261881588013
42,642,1043,0.59,-0.5742533922365206,11.880619147076752,45.6167,-79.8833,DUNCHURCH,1.2652973728107728,0.3810206686375474,0.8171261881588013
43,647,968,0.355,-0.3282026503152139,8.56463998274487,46.4833,-84.5094,SAULT STE MARIE A,0.9314323595617988,0.31143409805178474,0.8171261881588013
44,651,1109,0.46,-0.14229068458931268,14.818651720335906,45.3225,-75.6692,OTTAWA MACDONALD-CARTIER INT'L A,1.0203686349059666,0.36837475564670624,0.8171261881588013
45,652,1108,0.491,-0.0926557441963778,14.770203286375427,45.3833,-75.7167,OTTAWA CDA,1.0921099786701127,0.36737047204214063,0.8171261881588013
46,652,1134,0.41200000000000003,-0.11059958944123897,15.91164378309388,45.05,-74.1667,HUNTINGDON,0.891285079016289,0.3777197637965546,0.8171261881588013
47,653,1111,0.506,-0.08342891017602053,14.878650645037006,45.36306667,-75.56446667,OTTAWA ROCKCLIFFE A composite,1.1081639221787096,0.3731089263359679,0.8171261881588013
48,653,1131,0.42700000000000005,-0.06763698819223248,15.76386408140092,45.1333,-74.35,ST ANICET,0.9327779482288302,0.37405781623196405,0.8171261881588013
49,654,1102,0.425,-0.010141822987990141,14.504972791199682,45.5333,-76.05,LUSKVILLE,0.9692072151006186,0.3583120560358578,0.8171261881588013
50,654,1135,0.348,-0.02306995179155099,15.971452536902286,45.1167,-74.05,ORMSTOWN,0.755099720870667,0.37658590729100244,0.8171261881588013
51,654,1141,0.33799999999999997,-0.002819591108613995,16.211153361252567,45.0667,-73.7167,HEMMINGFORD FOUR WINDS,0.7264943865436168,0.3801662569089833,0.8171261881588013
52,655,1050,0.327,0.0108004267438218,12.200271604969695,46.1167,-79.25,POWASSAN,0.8353817887311603,0.31985406808277633,0.8171261881588013
53,656,1146,0.436,0.08212766041682308,16.43136179542141,45.0833,-73.3833,ST BERNARD DE LACOLLE,0.9182784772760642,0.3879727412255705,0.8171261881588013
54,657,1110,0.493,0.09932157620079315,14.83803900373631,45.55,-75.55,ANGERS,1.0768757618308171,0.37408513130373333,0.8171261881588013
55,657,1134,0.46399999999999997,0.12639370122986404,15.889859305178064,45.2833,-74.1,VALLEYFIELD,0.9982057318032554,0.37982806472244635,0.8171261881588013
56,657,1141,0.41,0.09970703767826301,16.204535378802806,45.1667,-73.6833,STE CLOTHILDE CDA,0.878395169018912,0.38140207159756756,0.8171261881588013
57,658,1081,0.315,0.16636607784747412,13.543748046258958,45.95,-77.3167,PETAWAWA A,0.8297883824094897,0.3101932429116626,0.8171261881588013
58,659,1081,0.318,0.19407473605052883,13.584505642712083,45.9667,-77.25,SHEENBORO,0.8296558037006254,0.31319750512859934,0.8171261881588013
59,659,1157,0.385,0.2143332821945056,16.907970562019244,45.0667,-72.6833,SUTTON,0.7507220068249559,0.4190546961206794,0.8171261881588013
60,660,1046,0.36,0.2247059616752298,12.02855117692835,46.3636,-79.4228,NORTH BAY A,0.907921542651236,0.3239987310777662,0.8171261881588013
61,660,1148,0.384,0.2478536721012904,16.515278173256952,45.2167,-73.2,SABREVOIS,0.7957023404205108,0.3943389887318365,0.8171261881588013
62,661,1024,0.386,0.27785930544065024,11.04782465123829,46.6256,-80.7978,SUDBURY A,0.9045783177518131,0.3486825877202109,0.8171261881588013
63,661,1128,0.39399999999999996,0.2806495088143387,15.648523738310713,45.5,-74.3667,RIGAUD,0.805188174745039,0.3998415876344827,0.8171261881588013
64,662,1146,0.413,0.34872560816845866,16.447024680651992,45.3333,-73.25,IBERVILLE,0.8602229398851453,0.3923089004748507,0.8171261881588013
65,662,1158,0.46799999999999997,0.35043721364910185,16.950859185149188,45.1833,-72.5667,BROME,0.911687546400678,0.41945846202252635,0.8171261881588013
66,663,1118,0.526,0.361483120581601,15.211915468380836,45.7,-74.9333,MONTEBELLO (SEDBERGH),1.0656059132190927,0.403346461989048,0.8171261881588013
67,663,1136,0.413,0.3845159255402604,15.995474941061378,45.5,-73.85,STE GENEVIEVE,0.8508746496936118,0.3966190740682007,0.8171261881588013
68,663,1138,0.47600000000000003,0.3730154780297401,16.072237754624673,45.4667,-73.75,MONTREAL/PIERRE ELLIOTT TRUDEAU INTL A,0.9912793280387282,0.39237382901259643,0.8171261881588013
69,663,1139,0.5670000000000001,0.378677196996154,16.15032437560446,45.44933929,-73.64116429,LAVALTRIE CDA composite,1.1872110604329231,0.3902512064847944,0.8171261881588013
70,663,1163,0.431,0.3750065977850023,17.189960041690064,45.1333,-72.2333,GEORGEVILLE,0.8191551857052906,0.42993243922788094,0.8171261881588013
71,664,1128,0.474,0.43111426674639375,15.628350571746576,45.65,-74.3333,LACHUTE,0.9357616240123021,0.4139064941844419,0.8171261881588013
72,664,1140,0.47,0.43899501354061177,16.174297228821235,45.5,-73.5833,MONTREAL MCGILL,0.9806316464069158,0.39163462635721863,0.8171261881588013
73,665,1169,0.395,0.4860499102898444,17.47520195436037,45.15,-71.8,COATICOOK,0.7395962963515306,0.43640678829104934,0.8171261881588013
74,666,1132,0.444,0.5070676872066261,15.82450983689447,45.6667,-74.0333,MONTREAL/MIRABEL INT'L A,0.8697002481987234,0.4171598528273714,0.8171261881588013
75,666,1134,0.433,0.521333283639665,15.929713258832273,45.65,-73.8833,STE THERESE OUEST,0.852616003059818,0.41497654067365414,0.8171261881588013
76,666,1142,0.446,0.4892824791896059,16.280985270212184,45.5167,-73.4167,MONTREAL/ST-HUBERT A,0.9240579482759902,0.394388988914338,0.8171261881588013
77,666,1154,0.408,0.5088716677241474,16.78949405383804,45.3833,-72.7167,GRANBY,0.8164772489869945,0.4083242799262633,0.8171261881588013
78,666,1164,0.43700000000000006,0.5272872692490097,17.226791433609083,45.2667,-72.1167,MAGOG,0.8342182945019282,0.4280464077314368,0.8171261881588013
79,668,1155,0.537,0.6005135224791582,16.855793371577782,45.45045263,-72.58703684,ST HYACINTHE composite,1.0643165488283064,0.41228031596834847,0.8171261881588013
80,668,1161,0.40299999999999997,0.6214263288690471,17.08527176163669,45.4,-72.2667,BONSECOURS,0.7793850210715795,0.422514989286346,0.8171261881588013
81,668,1174,0.474,0.6002534616609015,17.66009565819819,45.2,-71.5,ST MALO D AUCKLAND,0.8873014138391553,0.43651211093131703,0.8171261881588013
82,669,1146,0.494,0.6436379439510136,16.440798499950514,45.6167,-73.1333,STE MADELEINE,1.0117870748279993,0.39895779160755623,0.8171261881588013
83,669,1150,0.39,0.6413453724906322,16.600395614683634,45.5667,-72.9167,ST HYACINTHE 2,0.7908811569686403,0.4029419724745935,0.8171261881588013
84,669,1266,0.596,0.6616967255468574,21.753266688790557,43.8308,-66.0886,YARMOUTH A,1.1302753593276247,0.43087483428140483,0.8171261881588013
85,670,1167,0.294,0.6886805319462729,17.390734475406397,45.3689,-71.8236,LENNOXVILLE,0.562538903506529,0.4270550851171475,0.8171261881588013
86,671,1098,0.336,0.7391769186864998,14.331629182838835,46.3018,-76.0061,MANIWAKI UA,0.7979585303866318,0.3440710121719339,0.8171261881588013
87,671,1141,0.387,0.738457158552364,16.240560473908765,45.7667,-73.3667,VERCHERES,0.7645308727652574,0.41362336837187624,0.8171261881588013
88,671,1267,0.542,0.7390764935272756,21.803607253579266,43.8833,-65.9833,TUSKET,1.0224249443582534,0.43316861196110085,0.8171261881588013
89,672,1140,0.467,0.7652575197208127,16.182646599358296,45.8094,-73.4347,L'ASSOMPTION,0.9053535259810259,0.4214905215690933,0.8171261881588013
90,672,1165,0.37200000000000005,0.7695743040876517,17.270669708561627,45.4833,-71.95,BROMPTONVILLE,0.7205721296721038,0.42184665417658607,0.8171261881588013
91,672,1169,0.38799999999999996,0.7807929838028224,17.463999638422727,45.4333,-71.6833,SHERBROOKE A,0.7524585978276116,0.42134538952832856,0.8171261881588013
92,673,1126,0.535,0.8244980392844867,15.547958374592634,46.05,-74.2833,STE AGATHE DES MONTS,0.9920411656683332,0.4406697280252927,0.8171261881588013
93,673,1131,0.563,0.816943782864911,15.7555788147033,45.9833,-74.0,ST HIPPOLYTE,1.0119545201690803,0.45460743023959216,0.8171261881588013
94,674,1147,0.45,0.8463890909946689,16.47479579678509,45.8,-73.0,FLEURY,0.8912375836077643,0.41257998028199094,0.8171261881588013
95,674,1178,0.32299999999999995,0.8834959655618496,17.87385061537259,45.4,-71.0833,NOTRE DAME DES BOIS,0.6132214134699178,0.4304020586656181,0.8171261881588013
96,677,881,0.17,0.9978671020460085,4.707577833482668,48.2833,-89.9167,WHITEFISH LAKE,0.5234782430963726,0.2653624172904213,0.8171261881588013
97,678,1117,0.42,1.0340555599277181,15.137667577989024,46.3667,-74.7667,LA MACAZA,0.8749791077278721,0.39222993554428187,0.8171261881588013
98,678,1143,0.40299999999999997,1.0447050148731867,16.327496188013978,46.0333,-73.1167,SOREL,0.7759365420821984,0.4243927640581625,0.8171261881588013
99,678,1154,0.405,1.0348232563982545,16.79264234742965,45.8833,-72.4833,DRUMMONDVILLE,0.8047111113744,0.41124833685854645,0.8171261881588013
100,678,1172,0.326,1.0408049695193322,17.61091405605013,45.6333,-71.3667,LINGWICK,0.6473242291987902,0.41151423865205616,0.8171261881588013
101,678,1177,0.318,1.0494863716117762,17.79263385317223,45.5833,-71.1167,MILAN,0.6130772415283205,0.42383913515813565,0.8171261881588013
102,679,959,0.39399999999999996,1.1072814606393633,8.146944438375767,47.9667,-84.7833,WAWA A,0.9106146094433849,0.3535499154042333,0.8171261881588013
103,679,1135,0.542,1.1048802078623199,15.95810005194841,46.2,-73.6,STE BEATRIX,0.9814422899399682,0.4512566846993725,0.8171261881588013
104,680,890,0.248,1.1206948848156557,5.08967868562008,48.3694,-89.3272,THUNDER BAY A,0.6822174370037296,0.29704209196616427,0.8171261881588013
105,680,981,0.319,1.1215982693691606,9.121374066660865,47.82,-83.3467,CHAPLEAU A,0.9749795232686506,0.2673525420808589,0.8171261881588013
106,680,1147,0.45299999999999996,1.1514404604556916,16.500102870276372,46.0833,-72.8333,PIERREVILLE,0.8890749809917741,0.41634077119459706,0.8171261881588013
107,681,1132,0.595,1.1542596729610621,15.834532095958147,46.2833,-73.75,ST COME,1.0554735173910879,0.46063693114370885,0.8171261881588013
108,683,1178,0.312,1.2606717705989359,17.84366708527203,45.7667,-70.95,ST SEBASTIEN,0.6171988700237816,0.41306519355053695,0.8171261881588013
109,684,1138,0.5489999999999999,1.29909797368146,16.07911852243818,46.35,-73.35,ST CHARLES DE MANDEVILLE,0.9940698225067846,0.4512784385385768,0.8171261881588013
110,684,1150,0.406,1.3081477460879134,16.607760775956216,46.2,-72.6167,NICOLET,0.7949204383618201,0.41734142988718936,0.8171261881588013
111,684,1182,0.294,1.3054290288877226,18.025092727207987,45.75,-70.6833,ST LUDGER,0.5824362309267984,0.41246592598886717,0.8171261881588013
112,686,1105,0.40700000000000003,1.3913321643034506,14.630169131697288,46.85,-75.3333,STE ANNE DU LAC,1.0024114155459263,0.33177032246735744,0.8171261881588013
113,687,1166,0.457,1.4353865918581943,17.319534723993772,46.1,-71.5833,ST FERDINAND,0.9225256388497344,0.4047873059161642,0.8171261881588013
114,688,1033,0.275,1.464268420428553,11.450362801068342,47.7,-79.85,EARLTON A,0.820415260567301,0.27389751573890525,0.8171261881588013
115,688,1149,0.40299999999999997,1.4827451771107225,16.55193535398155,46.3833,-72.6167,TROIS RIVIERES AQUEDUC,0.7787854241237832,0.4228402890289026,0.8171261881588013
116,688,1169,0.345,1.4868129159530434,17.472963414579834,46.1,-71.35,THETFORD MINES,0.7006983901718623,0.40232507861997785,0.8171261881588013
117,689,1140,0.634,1.5150610464679561,16.15629574000493,46.5333,-73.15,ST ALEXIS DES MONTS,1.1910305647728003,0.4349661701515647,0.8171261881588013
118,690,1149,0.441,1.5858719669451118,16.564190208663554,46.47778333,-72.55415833,RIVIERE A PIERRE composite,0.8426330746469062,0.4276507293866102,0.8171261881588013
119,691,1182,0.304,1.6268592987363577,18.036246116246513,46.05,-70.5167,ST COME DE LINIERE,0.6084402675083274,0.4082674577367216,0.8171261881588013
120,691,1284,1.014,1.6142468085780268,22.551400289984592,44.4,-64.55,BRIDGEWATER,1.6559924256319347,0.5003440486612369,0.8171261881588013
121,692,1150,0.375,1.664176253985097,16.626426689197242,46.5333,-72.4333,ST NARCISSE,0.7103714276845672,0.43135507513065974,0.8171261881588013
122,692,1179,0.377,1.6796607608428853,17.883321299254668,46.15,-70.7,ST GEORGES,0.7601105557654918,0.40527864084933096,0.8171261881588013
123,692,1246,0.6940000000000001,1.6654751578683622,20.850317762178534,45.1,-66.7333,PENNFIELD,0.8914961267117579,0.6361054833450337,0.8171261881588013
124,693,758,0.295,1.6882373082187547,-0.7083728658870007,49.1833,-98.0833,MORDEN CDA,2.127246321348043,0.11331655534564086,0.8171261881588013
125,693,1156,0.38,1.6981108675439935,16.892890608074847,46.4833,-72.05,FORTIERVILLE,0.7305477836559567,0.4250344172511715,0.8171261881588013
126,694,1153,0.415,1.7540822281724946,16.741931706325044,46.5833,-72.2333,STE ANNE DE LA PERADE,0.7841466386419245,0.43245402246856246,0.8171261881588013
127,695,1172,0.345,1.7744012915046719,17.594713197903786,46.3333,-71.05,ST SEVERIN,0.7148225761452927,0.39437553362540495,0.8171261881588013
128,695,1181,0.353,1.788085543520356,17.992307149959434,46.2167,-70.5,ST PROSPER,0.7122642121594165,0.40496986861877876,0.8171261881588013
129,697,686,0.071,1.8662740844535828,-3.895667948011195,49.2167,-102.96700000000001,ESTEVAN A,0.5910824053398358,0.09815206616735496,0.8171261881588013
130,697,1157,0.40299999999999997,1.9009426839342536,16.922755381469877,46.6667,-71.9167,DESCHAMBAULT,0.7601545268180067,0.4332038318661978,0.8171261881588013
131,698,1154,0.508,1.912824438817077,16.798519081378075,46.7167,-72.0833,ST ALBAN,0.934745431328789,0.44407823742404906,0.8171261881588013
132,699,756,0.19399999999999998,1.956539149126066,-0.8130760493526549,49.45,-98.25,MIAMI THIESSEN,1.4474455361899161,0.10951878778118532,0.8171261881588013
133,699,1148,0.473,1.9884978888085978,16.545808996887292,46.8667,-72.4,LAC AUX SABLES,0.8430507348360007,0.4584548367356554,0.8171261881588013
134,699,1180,0.37,1.9845023376234565,17.948131049345225,46.4167,-70.4667,STE GERMAINE,0.7505232365264606,0.4028345491580223,0.8171261881588013
135,701,1163,0.467,2.054217978278324,17.173129500136174,46.7333,-71.5,ST AUGUSTIN,0.8823106220691871,0.43249839719172845,0.8171261881588013
136,701,1168,0.43200000000000005,2.0641528045347988,17.411163562539105,46.6667,-71.1667,BEAUSEJOUR,0.8477914488774491,0.4163742318373268,0.8171261881588013
137,701,1273,0.618,2.0477520185861904,22.08183244528817,44.9833,-64.9167,GREENWOOD A,1.1495885153441225,0.43927368579441245,0.8171261881588013
138,702,1007,0.24600000000000002,2.1028662985791216,10.272256140147682,48.5697,-81.3767,TIMMINS VICTOR POWER A,0.8343801771448338,0.24091301278862093,0.8171261881588013
139,702,1183,0.48200000000000004,2.1043623241683953,18.088712820603085,46.4833,-70.2167,ST CAMILLE,0.9690392330935853,0.4064384694056093,0.8171261881588013
140,702,1256,0.643,2.0923818993230565,21.32172942210499,45.3181,-65.8856,SAINT JOHN A,0.9777545037672679,0.5373661148700488,0.8171261881588013
141,703,1062,0.28300000000000003,2.1295758090215102,12.715646487269279,48.0564,-77.7867,VAL-D'OR A,0.8313147163495642,0.27816987562109097,0.8171261881588013
142,703,1164,0.47600000000000003,2.142892402870948,17.22771444423007,46.8,-71.3833,QUEBEC/JEAN LESAGE INTL A,0.8960107903351501,0.4340930597700762,0.8171261881588013
143,703,1297,0.6970000000000001,2.1285083347995943,23.143751611246888,44.6333,-63.5,SHEARWATER A,1.0994911415243935,0.5180004928071071,0.8171261881588013
144,704,1277,0.534,2.1832299349175868,22.229032603976535,45.05,-64.65,WATERVILLE CAMBRIDGE,1.0202344780897739,0.4276912747487097,0.8171261881588013
145,705,1168,0.45,2.220882571941183,17.406153681880436,46.8167,-71.1,LAUZON,0.8715081831323019,0.4219200597174883,0.8171261881588013
146,705,1279,0.565,2.245163530071908,22.330642996726787,45.0667,-64.4833,KENTVILLE CDA,1.072755525658277,0.4303648736989011,0.8171261881588013
147,705,1287,0.612,2.249827933933791,22.675906214322463,44.9333,-64.0333,SALMON HOLE,1.1028813943516624,0.45343155638885646,0.8171261881588013
148,707,813,0.18,2.3191516259454263,1.7019727769211224,49.7903,-94.3653,KENORA A,0.8310213013603495,0.17699030533611543,0.8171261881588013
149,707,1046,0.306,2.3301463594803966,12.017196687285196,48.4167,-78.7333,MONT BRUN,0.9185616263706257,0.27220886045995746,0.8171261881588013
150,708,1168,0.48,2.377566928011995,17.400888965846388,46.9667,-71.0333,CHATEAU RICHER,0.9133017092848698,0.42945345040834293,0.8171261881588013
151,708,1184,0.51,2.38587791745667,18.134863525524572,46.7333,-70.0167,STE LUCIE,1.0399237480844807,0.40073549308649337,0.8171261881588013
152,708,1295,0.76,2.353824406162802,23.043207937173968,44.88,-63.5,HALIFAX STANFIELD INT'L A,1.2189773851924541,0.5094564596066251,0.8171261881588013
153,709,756,0.121,2.406655175540253,-0.816592826955396,49.9,-98.2667,PORTAGE SOUTHPORT A,0.9643800445292826,0.102524175327036,0.8171261881588013
154,709,771,0.16899999999999998,2.4169256900823712,-0.15035553299554535,49.9167,-97.2333,WINNIPEG RICHARDSON INT'L A,1.2776882113129622,0.108081396209276,0.8171261881588013
155,709,836,0.16699999999999998,2.408289044403697,2.742262906325916,49.8333,-92.75,DRYDEN A,0.7305520648417294,0.1867903466292758,0.8171261881588013
156,709,1242,0.57,2.4355673986902304,20.695842322706284,45.8721,-66.5279,FREDERICTON A,0.8528710987288507,0.5461105763165205,0.8171261881588013
157,710,732,0.18899999999999997,2.4461289022730366,-1.9022360052764455,49.91,-99.9519,BRANDON A,1.5716314613151676,0.0982653079703419,0.8171261881588013
158,710,1225,0.552,2.4503054913706883,19.923144460296516,46.1703,-67.5536,WOODSTOCK,0.8838496635420353,0.5103284805880413,0.8171261881588013
159,710,1240,0.581,2.4538374466501836,20.62178160144984,45.9167,-66.6167,FREDERICTON CDA,0.8898302164111481,0.533529100905362,0.8171261881588013
160,710,1248,0.647,2.4523914808738034,20.97348209091824,45.7833,-66.15,GAGETOWN 2,0.9637190246750164,0.5485837990144744,0.8171261881588013
161,712,1054,0.233,2.5693781490772243,12.368776262825914,48.5667,-78.1333,AMOS,0.704339886348796,0.27031040770381354,0.8171261881588013
162,712,1355,0.528,2.558199415687226,25.705259485464225,43.9322,-60.0094,SABLE ISLAND,0.9111281525661169,0.47352573414916965,0.8171261881588013
163,713,1244,0.61,2.5880834006331126,20.757678859211282,45.9903,-66.3633,ACADIA FOREST EXP ST,0.9465745670134057,0.526579724563643,0.8171261881588013
164,713,1278,0.619,2.5929897681063143,22.295057999272316,45.4,-64.3333,PARRSBORO,1.1029097136806811,0.45860608914424666,0.8171261881588013
165,715,921,0.243,2.703334463357099,6.489334819136607,49.7828,-86.9306,GERALDTON A,0.851664450532359,0.23314541730428184,0.8171261881588013
166,715,1163,0.501,2.6832756820036425,17.21270812915398,47.3167,-71.15,FORET MONTMORENCY,0.8684065060800744,0.47141542284784677,0.8171261881588013
167,716,848,0.18100000000000002,2.724053173483273,3.2714077284853,50.1167,-91.9,SIOUX LOOKOUT A,0.7939162404828746,0.18629149085902014,0.8171261881588013
168,717,988,0.307,2.7844182733983796,9.431461031270734,49.4,-82.4333,KAPUSKASING CDA,1.0730386468976814,0.23378257669471653,0.8171261881588013
169,717,1051,0.261,2.7724424149031415,12.216949590249524,48.8,-78.2833,LAC BERRY,0.816538925021086,0.26118771386672074,0.8171261881588013
170,718,987,0.266,2.7939506024780143,9.406987093709729,49.4139,-82.4675,KAPUSKASING A,0.9342943020301852,0.2326414338372138,0.8171261881588013
171,718,1299,0.573,2.8057614051937527,23.227533862191482,45.2167,-63.0,UPPER STEWIACKE,0.932974254899088,0.5018501886374516,0.8171261881588013
172,718,1313,0.648,2.8341066245898623,23.849578318579603,44.9833,-62.1833,ECUM SECUM,1.0800883812230533,0.490235594727275,0.8171261881588013
173,719,1294,0.539,2.865301707549471,22.994531657643748,45.3667,-63.2667,TRURO,0.957965134777422,0.4597568318808656,0.8171261881588013
174,720,1218,0.384,2.915060025357727,19.622613419942642,46.7122,-67.7156,AROOSTOOK,0.6793315144678956,0.461890033908928,0.8171261881588013
175,720,1293,0.595,2.906569872397495,22.932472395768386,45.42973684,-63.32314737,DEBERT A composite,1.0679662808958703,0.4552485323287952,0.8171261881588013
176,721,1179,0.479,2.9632011627512,17.917497467271644,47.35,-70.0333,LA POCATIERE CDA,1.0123479311454036,0.3866293712727986,0.8171261881588013
177,721,1276,0.486,2.952510648604285,22.20214615660833,45.7667,-64.25,NAPPAN CDA,0.8763985006670743,0.45313099821930936,0.8171261881588013
178,721,1304,0.69,2.9636487927491326,23.41369120676652,45.2833,-62.6667,TRAFALGAR,1.0834524694032688,0.5203892978711889,0.8171261881588013
179,722,694,0.09,2.995535908365118,-3.5550168868492085,50.3681,-102.571,BROADVIEW,0.8196144581742842,0.08972676872746693,0.8171261881588013
180,722,1273,0.5589999999999999,2.99186183107382,22.08356301670653,45.85,-64.3833,SACKVILLE,1.0050911143743801,0.45445983219649594,0.8171261881588013
181,724,695,0.149,3.0926391667634663,-3.503230109800849,50.46864,-102.5009,BROADVIEW A composite,1.3483052289901671,0.09029988122707881,0.8171261881588013
182,724,891,0.243,3.0628319237385395,5.168523459661336,50.2936,-88.9053,ARMSTRONG (AUT),1.004966617831101,0.1975803575954797,0.8171261881588013
183,725,651,0.10800000000000001,3.1345694278645513,-5.464582646908156,50.3333,-105.56700000000001,MOOSE JAW A,1.04736593902927,0.08425863877427878,0.8171261881588013
184,725,1267,0.57,3.143485364303546,21.790230230835956,46.1053,-64.6838,MONCTON A,0.9855385838325883,0.47259633959661884,0.8171261881588013
185,726,489,0.35,3.187961984628174,-12.656336194902284,49.0971,-116.51799999999999,CRESTON,1.1666788760359423,0.245135291064248,0.8171261881588013
186,726,545,0.261,3.16518878430455,-10.173529005346774,49.6303,-112.8,LETHBRIDGE A,2.7839252671050088,0.07660763657324235,0.8171261881588013
187,726,664,0.068,3.1741915710209807,-4.882522538616095,50.4333,-104.667,REGINA INT'L A,0.7412940740405882,0.07495619180109102,0.8171261881588013
188,726,1242,0.45,3.1668816081319098,20.688150177613355,46.5525,-66.1403,DOAKTOWN,0.7459562532985305,0.4929334435437796,0.8171261881588013
189,728,620,0.09300000000000001,3.2540343879709486,-6.82970579631831,50.28335,-107.708,SWIFT CURRENT (HYBRID),0.8970225130474155,0.08471664244033489,0.8171261881588013
190,729,576,0.13,3.294490341736107,-8.78098449257167,50.0189,-110.721,MEDICINE HAT A,1.3549840833114046,0.0783967913490472,0.8171261881588013
191,729,1142,0.233,3.321200862802388,16.278681835293746,48.2167,-72.1667,LAC BOUCHETTE,0.6442308221105875,0.29553134576401663,0.8171261881588013
192,729,1213,0.444,3.3020657185607187,19.387549788287743,47.1578,-67.8319,ST LEONARD A,0.850150456046837,0.42675272942807196,0.8171261881588013
193,729,1301,0.44799999999999995,3.2939386094819403,23.293464625867358,45.63357273,-62.62608182,STELLARTON LOURDES composite,0.8280912591646744,0.44206786177699015,0.8171261881588013
194,730,1311,0.748,3.336863255409132,23.744543989867303,45.4833,-62.0167,COLLEGEVILLE,1.2746815506162508,0.47950045911254524,0.8171261881588013
195,730,1326,0.741,3.3478667584073754,24.392707899410343,45.2164,-61.1778,DEMING,1.2541777062028374,0.4827788776909946,0.8171261881588013
196,733,1198,0.327,3.491313994124788,18.733677276905336,47.5667,-68.6333,STE ROSE DU DEGELIS,0.664013557849106,0.4024018190132318,0.8171261881588013
197,735,474,0.381,3.5652891404836695,-13.311122271809033,49.2964,-117.632,CASTLEGAR A,1.0588380289624,0.29402521365197265,0.8171261881588013
198,735,502,0.132,3.5715594149337595,-12.06538588634602,49.6122,-115.78200000000001,CRANBROOK A,0.9218725487260637,0.11700170157579211,0.8171261881588013
199,735,515,0.282,3.565855703432369,-11.467506817735874,49.7453,-114.883,SPARWOOD,2.9218211365694127,0.07886505514548212,0.8171261881588013
200,735,1139,0.225,3.5858890255644726,16.122340479606144,48.5167,-72.2667,ROBERVAL A,0.6354584033659606,0.28932403971979437,0.8171261881588013
201,735,1316,0.763,3.568214239959637,23.980406366594252,45.592375,-61.571925,COPPER LAKE composite,1.3327558383206,0.4678030766316461,0.8171261881588013
202,736,570,0.187,3.5910565071829694,-9.028653520187895,50.2667,-111.18299999999999,SUFFIELD A,2.1408398136366595,0.07137507262915155,0.8171261881588013
203,736,820,0.18100000000000002,3.6085516827729736,2.018623133323337,51.0669,-93.7931,RED LAKE A,0.86344566655816,0.17129026849633372,0.8171261881588013
204,736,1147,0.32299999999999995,3.5978108026814204,16.479739155928193,48.4167,-71.75,LAC STE CROIX,0.9333097015419758,0.2827911874688923,0.8171261881588013
205,737,725,0.174,3.6486471044256565,-2.1807652710283705,51.1,-100.46700000000001,GILBERT PLAINS,1.5307292765845029,0.09288380310911397,0.8171261881588013
206,737,731,0.131,3.637650982133446,-1.9186062210436028,51.1,-100.05,DAUPHIN A,1.1155315827210033,0.09595741824512267,0.8171261881588013
207,737,1136,0.255,3.6504271546022258,15.99683941147927,48.6167,-72.4167,ST PRIME,0.6973198079047624,0.29881150028790293,0.8171261881588013
208,737,1158,0.24,3.677953743438618,16.97946760951628,48.3333,-71.0,BAGOTVILLE A,0.6386122205076269,0.3070882123148631,0.8171261881588013
209,738,1188,0.26,3.71007111167222,18.31675132549891,47.9167,-69.1,ST CLEMENT,0.5796671573987388,0.3665082732557631,0.8171261881588013
210,738,1276,0.35600000000000004,3.6845959413421965,22.197652168319504,46.4389,-63.8317,SUMMERSIDE A,0.6048466343654386,0.4809432779430464,0.8171261881588013
211,738,1281,0.615,3.7031269177923956,22.396835274342646,46.3752,-63.55731667,SUMMERSIDE CDA composite,1.0749793105289998,0.4674811885173543,0.8171261881588013
212,738,1288,0.461,3.7088202378029633,22.71596758927946,46.25,-63.1333,CHARLOTTETOWN CDA,0.8196066929474655,0.4596048031117684,0.8171261881588013
213,738,1297,0.495,3.695154703131543,23.128978936207325,46.0667,-62.6,ALLISTON,0.9003903186965704,0.44922458042878477,0.8171261881588013
214,739,478,0.42700000000000005,3.7345715322890913,-13.108365117454234,49.5123,-117.399,NELSON RIXEN CREEK,1.3460384345441825,0.2592146504805881,0.8171261881588013
215,739,628,0.062,3.7636991911369555,-6.505263198283556,50.832,-107.311,BEECHY,0.6125927777045083,0.08270065451258558,0.8171261881588013
216,739,1248,0.47,3.765296967036392,20.93925168325036,47.0095,-65.4678,MIRAMICHI A,0.8612948184554733,0.4458976185684449,0.8171261881588013
217,739,1287,0.527,3.745334014783396,22.703007279034583,46.2886,-63.1286,CHARLOTTETOWN A,0.9346591283396603,0.460730001026852,0.8171261881588013
218,740,1268,0.496,3.805146627159658,21.821103653985478,46.7003,-64.2617,O'LEARY,0.8472830338747449,0.4783461642956499,0.8171261881588013
219,741,387,0.387,3.823732054743596,-17.157965052632917,48.4131,-123.325,VICTORIA GONZALES HTS,0.9567303322504838,0.3305297471583286,0.8171261881588013
220,741,1133,0.33899999999999997,3.8488977138356315,15.851778350050044,48.85,-72.5333,NORMANDIN CDA,0.9293826134459688,0.2980535398211835,0.8171261881588013
221,741,1164,0.36200000000000004,3.8422604402526868,17.25132301995396,48.4,-70.5333,STE ROSE DU NORD,0.8651233056271217,0.34191620800119704,0.8171261881588013
222,741,1280,0.46299999999999997,3.8191632149950627,22.350518174671695,46.5,-63.55,LONG RIVER,0.7911901707494917,0.4781776102692667,0.8171261881588013
223,742,697,0.11800000000000001,3.887198018830976,-3.42540834014595,51.2667,-102.46700000000001,YORKTON A,1.2440974525080206,0.07750268277485839,0.8171261881588013
224,742,1237,0.521,3.862139802217241,20.45703721604458,47.2833,-66.0667,LITTLE RIVER MINE,1.0102722807598614,0.42139406587552264,0.8171261881588013
225,743,1180,0.433,3.9275140340820363,17.940016482155016,48.25,-69.5167,GRANDES BERGERONNES,1.0063443915361192,0.3515850462809103,0.8171261881588013
226,746,387,0.5680000000000001,4.05401331129362,-17.1462653539833,48.63445,-123.4225,SAANICHTON CDA,1.3305715443849535,0.3488182780045388,0.8171261881588013
227,746,439,0.205,4.062019040754055,-14.8297517816315,49.3572,-120.07700000000001,HEDLEY,1.1374411677880312,0.14726991893419045,0.8171261881588013
228,746,447,0.15,4.074800059239958,-14.502483686793461,49.4631,-119.602,PENTICTON A,0.8961981100323838,0.13676543930603827,0.8171261881588013
229,747,384,0.818,4.110152086638713,-17.269400328837698,48.6469,-123.626,SHAWNIGAN LAKE,1.3627521586820064,0.4904848014039143,0.8171261881588013
230,747,1295,0.449,4.097032741271308,23.04520507377626,46.4667,-62.4667,MONTICELLO,0.8438683027136488,0.43477122828702697,0.8171261881588013
231,748,1300,0.589,4.153673757113379,23.247299074645955,46.4333,-62.1667,EAST BALTIC,1.106989822490733,0.43477122828702697,0.8171261881588013
232,749,405,0.804,4.198174141908334,-16.35606704872496,49.0253,-122.36,ABBOTSFORD A,0.8741742117362786,0.751531498481073,0.8171261881588013
233,749,422,0.7290000000000001,4.1991101393692425,-15.578263258483593,49.2667,-121.23299999999999,HOPE SLIDE,1.343537611747074,0.4433705360828456,0.8171261881588013
234,749,482,0.297,4.196953729114685,-12.965453311805444,49.9958,-117.37,NEW DENVER,1.2196165602669327,0.1989858827679809,0.8171261881588013
235,750,434,0.168,4.250712703917452,-15.069322822765542,49.4678,-120.51299999999999,PRINCETON A,0.7519533658075055,0.18256078881069945,0.8171261881588013
236,751,415,0.795,4.282087444883862,-15.91382619343588,49.2431,-121.76,AGASSIZ CDA,1.007674441535325,0.6446678538323077,0.8171261881588013
237,751,1323,0.722,4.273588051025234,24.277623200008552,46.1,-60.75,BADDECK,1.2979753697422056,0.45452719797589775,0.8171261881588013
238,752,706,0.17800000000000002,4.329181842759334,-3.0410843278094837,51.7333,-101.9,PELLY 2,1.7077301867212131,0.08517063329045146,0.8171261881588013
239,752,1313,0.662,4.307962092008874,23.836527778183594,46.321999999999996,-61.30098,MARGAREE FORKS composite,1.2515185893816876,0.4322249314957252,0.8171261881588013
240,753,419,1.023,4.348558395632354,-15.712158813189633,49.3683,-121.49799999999999,HOPE A,1.580920951505367,0.5287551472390085,0.8171261881588013
241,753,1098,0.308,4.371155389527281,14.306667475765332,49.802625,-74.5576,CACHE LAKE composite,0.9339993270144406,0.26945936541239035,0.8171261881588013
242,753,1192,0.34700000000000003,4.345598033008107,18.495415831965524,48.45,-68.5167,RIMOUSKI,0.8283698492633803,0.34229008641881603,0.8171261881588013
243,753,1223,0.231,4.377253566453017,19.848600589722924,47.989175,-66.612725,CAMPBELLTON composite,0.5312948042476712,0.3552757300760117,0.8171261881588013
244,754,385,0.794,4.407282646003369,-17.245770999404836,48.935,-123.742,CHEMAINUS,1.3311051717371485,0.4874131715312767,0.8171261881588013
245,754,402,0.938,4.414650227614725,-16.48604181669755,49.18924706,-122.6529608,PITT MEADOWS A composite,1.161500932726836,0.6598913034822453,0.8171261881588013
246,754,1207,0.35600000000000004,4.415906609261064,19.14630208065784,48.2833,-67.5667,LAC HUMQUI,0.8187895680194297,0.355276782150735,0.8171261881588013
247,755,674,0.081,4.473443711760957,-4.46219952097385,51.7667,-104.2,WYNYARD,0.9274365659025505,0.07136576632219768,0.8171261881588013
248,755,1227,0.379,4.442055448008857,20.024656104182274,47.9833,-66.3333,CHARLO A,0.8622348910967684,0.3591722261647948,0.8171261881588013
249,756,453,0.132,4.506705494696642,-14.223333606531087,49.9561,-119.37799999999999,KELOWNA A,0.7234466551376834,0.14909275766356841,0.8171261881588013
250,757,384,0.621,4.547856150701866,-17.285246670498605,49.0544,-123.87,NANAIMO A,0.8633665782249608,0.5877403360805068,0.8171261881588013
251,757,395,0.583,4.531847882450481,-16.812356613135417,49.195,-123.182,VANCOUVER INT'L A,0.7604306692711903,0.6264667996007529,0.8171261881588013
252,757,1195,0.29,4.5562730774171545,18.628454874362962,48.6,-68.2167,MONT-JOLI A,0.685912705545843,0.34547631593655426,0.8171261881588013
253,757,1247,0.424,4.553130535964961,20.90147083831138,47.75,-65.0667,BERTRAND,0.7574042399897726,0.45743274923310445,0.8171261881588013
254,757,1332,0.7070000000000001,4.547908489350023,24.68599969266512,46.1667,-60.0481,SYDNEY A,1.19384397999295,0.4839059581568474,0.8171261881588013
255,758,453,0.136,4.590826836110048,-14.224088312309972,50.0366,-119.416,WINFIELD,0.7450733914761658,0.14915196658603516,0.8171261881588013
256,759,603,0.046,4.610409614867476,-7.570753106418941,51.5167,-109.18299999999999,KINDERSLEY A,0.5657929298325669,0.06643385357683435,0.8171261881588013
257,759,1249,0.507,4.651853828796736,21.005823736238465,47.8,-64.8667,BAS CARAQUET,0.9021654433517422,0.4592095390590004,0.8171261881588013
258,759,1251,0.534,4.632375784571248,21.087559840485376,47.75,-64.7667,HAUT SHIPPAGAN,0.9502097569030185,0.4592095390590004,0.8171261881588013
259,761,1235,0.337,4.715470111362363,20.38318679106956,48.1,-65.6833,CAPLAN,0.6940788000308554,0.39674389334074806,0.8171261881588013
260,761,1315,0.5489999999999999,4.70829070687878,23.912394653903753,46.65,-60.95,CHETICAMP,1.1081697850377954,0.40481366967055665,0.8171261881588013
261,762,534,0.217,4.778503714622416,-10.625797002736029,51.1139,-114.02,CALGARY INT'L A,2.3535713001186016,0.07533928664983489,0.8171261881588013
262,763,391,0.665,4.788781407389454,-16.97143584939462,49.3856,-123.541,GIBSONS GOWER POINT,0.6350079267796169,0.8557198929489728,0.8171261881588013
263,764,457,0.166,4.859998740791233,-14.047864832441528,50.3443,-119.271,VERNON NORTH,0.8354077811827302,0.1623673495622991,0.8171261881588013
264,764,520,0.46799999999999997,4.8363904848695105,-11.26905824222256,51.0275,-115.035,KANANASKIS,4.626205185329671,0.08266279612305338,0.8171261881588013
265,764,1005,0.23399999999999999,4.838614639714897,10.181446848171866,51.2667,-80.65,MOOSONEE UA,1.0124069675310714,0.1888642948551134,0.8171261881588013
266,764,1323,1.178,4.873758057634859,24.25294202573579,46.65,-60.4,INGONISH BEACH,2.3173982337548615,0.4153686818391226,0.8171261881588013
267,766,386,0.34600000000000003,4.946532338915584,-17.173074384200916,49.4675,-123.913,MERRY ISLAND LIGHTSTATION,0.33372179604182345,0.8471896785174706,0.8171261881588013
268,767,358,0.6990000000000001,5.0044347021713405,-18.449748667971477,49.0822,-125.773,TOFINO A,1.020919167095709,0.5594676091231189,0.8171261881588013
269,768,376,0.695,5.032427849855934,-17.630534663570668,49.3938,-124.617,QUALICUM R FISH RESEARCH,0.9365258207820377,0.6063929986427333,0.8171261881588013
270,768,640,0.087,5.039762809078846,-5.965341609252919,52.1667,-106.71700000000001,SASKATOON DIEFENBAKER INT'L A,1.1010293142840286,0.06456683527635568,0.8171261881588013
271,769,457,0.183,5.066941291229419,-14.03967533064155,50.5452,-119.35,SILVER CREEK,0.8164220684862884,0.1831578275564118,0.8171261881588013
272,769,513,0.168,5.0655475865321336,-11.558827532360517,51.1833,-115.56700000000001,BANFF,0.8417370741660339,0.16308798058667962,0.8171261881588013
273,769,901,0.158,5.061316046013959,5.590602250568889,52.2333,-87.8833,LANSDOWNE HOUSE,0.7686974900394927,0.16795415544085832,0.8171261881588013
274,769,1191,0.622,5.058478584630331,18.448044213540186,49.1333,-68.2,BAIE-COMEAU A,1.3764703604885566,0.3692433223584837,0.8171261881588013
275,769,1208,0.252,5.083231709000099,19.203872504046767,48.8833,-67.1167,ST JEAN DE CHERBOURG,0.608953221952745,0.33814715481051694,0.8171261881588013
276,770,1295,0.455,5.100925893032472,23.02929875054479,47.3833,-61.8667,GRINDSTONE ISLAND,0.8936610696595946,0.4160329102775781,0.8171261881588013
277,771,377,0.855,5.152302859502165,-17.588380624383266,49.52080435,-124.6196087,CAPE LAZO composite,1.1182132944700014,0.6247849979345044,0.8171261881588013
278,772,398,1.1540000000000001,5.2151149274009825,-16.64324273203796,49.8958,-123.281,SQUAMISH UPPER,1.1079970435397601,0.8510524704314512,0.8171261881588013
279,772,424,0.408,5.1885658794574345,-15.497821704493647,50.2333,-121.583,LYTTON,1.6789080704403867,0.1985739961815429,0.8171261881588013
280,773,476,0.331,5.253797842772089,-13.203936242889501,50.9533,-118.166,REVELSTOKE AIRPORT RD,0.9729421622326748,0.2779905926369772,0.8171261881588013
281,776,375,0.67,5.398827057118161,-17.69177543345937,49.7167,-124.9,COMOX A,0.8546416365391246,0.6405896023079307,0.8171261881588013
282,776,405,0.778,5.367198301998756,-16.368037148016132,50.1289,-122.955,WHISTLER,1.20339243388712,0.5282766921959717,0.8171261881588013
283,776,494,0.151,5.394415140675882,-12.39295400636217,51.2992,-116.98200000000001,GOLDEN A,1.0476605171239033,0.11777293540726853,0.8171261881588013
284,776,574,0.122,5.391313639347458,-8.863542897471344,52.0667,-111.45,CORONATION A,1.44804553111227,0.06884410249089373,0.8171261881588013
285,777,443,0.138,5.416834683190573,-14.660457567490104,50.7022,-120.44200000000001,KAMLOOPS A,0.7651380009728085,0.1473765697463012,0.8171261881588013
286,778,349,0.55,5.466629246781768,-18.811593513119927,49.3833,-126.54299999999999,ESTEVAN POINT,0.8953945342272538,0.5019233268775759,0.8171261881588013
287,778,487,0.48200000000000004,5.482574779413113,-12.71709709241998,51.3017,-117.51700000000001,GLACIER NP ROGERS PASS,2.549961160683705,0.15445522416778318,0.8171261881588013
288,782,1246,0.542,5.651301920249028,20.85593090429929,48.7769,-64.4781,GASPE A,1.0547305396761484,0.41990098638658546,0.8171261881588013
289,783,371,0.701,5.703163327113734,-17.835905794927697,49.9519,-125.273,CAMPBELL RIVER A,0.9418216171505456,0.6081889048505027,0.8171261881588013
290,785,541,0.063,5.801064729915265,-10.317618290854872,52.1786,-113.89299999999999,RED DEER A,0.7389202033941491,0.0696678066420996,0.8171261881588013
291,785,620,0.083,5.765774172302074,-6.816518407766225,52.7719,-108.256,NORTH BATTLEFORD A,1.1826275836267666,0.057348124258350425,0.8171261881588013
292,785,1249,0.611,5.79153324323768,20.99524749910319,48.85,-64.2,CAP DES ROSIERS,1.1823301806278452,0.422271298783819,0.8171261881588013
293,788,451,0.138,5.932724915674236,-14.330120957742263,51.2918,-120.18299999999999,DARFIELD,0.5030782329939041,0.22414687531766253,0.8171261881588013
294,790,657,0.158,6.007061876745139,-5.205649220236125,53.2167,-105.667,PRINCE ALBERT A,1.8285850408871116,0.07060428410070375,0.8171261881588013
295,790,680,0.111,6.022339598671445,-4.196613718484254,53.3333,-104.0,NIPAWIN A,1.1110875556416706,0.08163263680263766,0.8171261881588013
296,792,372,0.696,6.099084371860609,-17.80527022983485,50.3332,-125.446,CHATHAM POINT,0.8185857088771643,0.6947590469648266,0.8171261881588013
297,792,1330,0.6829999999999999,6.07942366355763,24.598257854640586,47.5739,-59.1547,PORT AUX BASQUES,1.121053924567006,0.4978325968824558,0.8171261881588013
298,794,1327,1.117,6.194931185731555,24.47214019417098,47.733779999999996,-59.242580000000004,ST ANDREWS composite,1.813576757423058,0.5032761632158843,0.8171261881588013
299,798,806,0.111,6.37108696084185,1.3946292957132782,53.85,-94.65,ISLAND LAKE A,0.6210634027707711,0.14604146127590112,0.8171261881588013
300,800,598,0.14300000000000002,6.467027949933973,-7.816700497910845,53.3092,-110.072,LLOYDMINSTER A,1.937837776851739,0.06029867221215213,0.8171261881588013
301,800,763,0.107,6.452753004204012,-0.5033945328851623,53.95,-97.85,NORWAY HOUSE A,0.6864278257870486,0.12737319037546715,0.8171261881588013
302,801,439,0.099,6.4965383453506425,-14.83152150856505,51.6814,-121.21700000000001,100 MILE HOUSE 6NE,0.4909394595500822,0.1647769211744711,0.8171261881588013
303,802,720,0.17,6.530706804739108,-2.4262533068727663,53.9667,-101.1,THE PAS A,1.4653795697126433,0.09479554298292583,0.8171261881588013
304,802,870,0.14400000000000002,6.527474346337769,4.229992367547862,53.8333,-89.8667,BIG TROUT LAKE,0.8285015235199429,0.1420228783586963,0.8171261881588013
305,802,1209,0.6,6.526088218670024,19.216683889338345,50.2167,-66.2667,SEPT-ILES A,1.120092759168303,0.437709920792027,0.8171261881588013
306,803,468,0.303,6.576161870116752,-13.555416375438215,52.129,-119.29,BLUE RIVER A,1.2254972021822388,0.20203166075878057,0.8171261881588013
307,803,1351,0.8220000000000001,6.597500707225498,25.503301629128412,47.6167,-57.6167,BURGEO,1.52172760753238,0.44139156268297014,0.8171261881588013
308,805,354,0.5870000000000001,6.6747472272446595,-18.602265614133806,50.5833,-126.93299999999999,ALERT BAY,0.8449317707703686,0.5676826094631187,0.8171261881588013
309,806,1389,0.606,6.714805284597526,27.17979422671576,46.9167,-55.3833,ST LAWRENCE,4.496251273153768,0.11013140501751913,0.8171261881588013
310,809,349,0.618,6.867169200978581,-18.822471420345344,50.6803,-127.366,PORT HARDY A,0.9103691435471845,0.5547024389628445,0.8171261881588013
311,809,572,0.076,6.849001617251035,-8.94303792876865,53.4833,-112.03299999999999,VEGREVILLE CDA,1.0297581475752597,0.06030696668562189,0.8171261881588013
312,810,551,0.096,6.872797573742963,-9.888532509729613,53.3167,-113.583,EDMONTON INT'L A,1.187099144190003,0.0660805076367652,0.8171261881588013
313,812,559,0.124,6.98369096721194,-9.527016403047012,53.5,-113.03299999999999,UNCAS,1.6007264014996,0.06329854198491938,0.8171261881588013
314,814,437,0.083,7.063303973997932,-14.953217742857733,52.1836,-121.686,SPOKIN LAKE 4E,0.34793791148952063,0.19492406943191987,0.8171261881588013
315,815,432,0.159,7.133331673139345,-15.169367061339733,52.1831,-122.054,WILLIAMS LAKE A,0.8059435834040041,0.1612061521335067,0.8171261881588013
316,815,489,0.175,7.097323706908893,-12.626067082342265,52.8833,-118.06700000000001,JASPER,1.6290759604182456,0.08777803270209539,0.8171261881588013
317,815,553,0.078,7.1153958025878365,-9.795709266970313,53.5733,-113.51799999999999,EDMONTON CITY CENTRE A,0.9905095691259908,0.06434651886566423,0.8171261881588013
318,815,1328,0.49200000000000005,7.117358910371174,24.517097913492673,48.5333,-58.55,STEPHENVILLE A,0.8420510700424877,0.4774367005481569,0.8171261881588013
319,816,545,0.07400000000000001,7.165517526809998,-10.146227458310676,53.5475,-114.10799999999999,EDMONTON STONY PLAIN,0.9153736007725708,0.06605755057029958,0.8171261881588013
320,816,622,0.065,7.135252540529704,-6.770535142688353,54.1333,-108.51700000000001,MEADOW LAKE A,0.7786040643199357,0.06821593241580791,0.8171261881588013
321,817,336,0.48700000000000004,7.217536626163485,-19.408809155479275,50.7822,-128.42700000000002,CAPE SCOTT,0.8102990282116708,0.4911032097762606,0.8171261881588013
322,817,554,0.10300000000000001,7.20031278290669,-9.74605025536421,53.6667,-113.46700000000001,EDMONTON NAMAO A,1.3171878426979595,0.06389673109035515,0.8171261881588013
323,818,343,0.599,7.225774117220209,-19.07644773785695,50.9167,-127.95,BULL HARBOUR,0.7972961439047394,0.6138980985283711,0.8171261881588013
324,818,1417,0.583,7.251016002521476,28.45011299373771,46.74611667,-53.39608333,CAPE RACE (AUT) composite,0.9686510090208378,0.49180206623449985,0.8171261881588013
325,820,1390,0.6759999999999999,7.3432719055429,27.244436784751777,47.4306,-54.8428,BOAT HARBOUR,1.4232484108396757,0.3881102546739981,0.8171261881588013
326,821,1331,0.7170000000000001,7.362144133067964,24.62615250390588,48.7,-58.2333,GALLANTS,1.2825652733238615,0.45680285369922047,0.8171261881588013
327,824,514,0.08900000000000001,7.52710801321648,-11.51139931173636,53.5833,-116.46700000000001,EDSON A,1.2171028079361619,0.05975192093217797,0.8171261881588013
328,825,1032,0.141,7.55110484508539,11.40209725081259,53.6333,-77.7,LA GRANDE RIVIERE A,0.5296476241680331,0.2175310286935953,0.8171261881588013
329,825,1399,0.57,7.574171644166242,27.635093055999413,47.43571429,-54.1762,ARGENTIA A composite,2.531824976457355,0.18396292460240757,0.8171261881588013
330,826,599,0.11,7.579601901793152,-7.751283756222322,54.4167,-110.28299999999999,COLD LAKE A,1.4025016083907664,0.06408825498646031,0.8171261881588013
331,826,1410,0.703,7.601455119667214,28.116150540572814,47.2167,-53.55,COLINET,1.2650400513299758,0.45408816082282216,0.8171261881588013
332,827,1268,0.456,7.646599951001509,21.855483859627054,50.1833,-61.8167,NATASHQUAN A,0.720863762140299,0.5168931514799794,0.8171261881588013
333,828,1332,0.431,7.670314249600299,24.67471781601549,48.95,-57.95,CORNER BROOK,0.824853762326345,0.4269622121904154,0.8171261881588013
334,829,1419,0.645,7.717138353829867,28.539548624607665,47.1,-52.9333,CAPE BROYLE,1.6274386240840386,0.32385024145476526,0.8171261881588013
335,830,1407,0.648,7.758143300668337,27.987996394216502,47.4163,-53.59278125,HARBOUR GRACE composite,1.6185054433723778,0.32715229478846986,0.8171261881588013
336,833,667,0.086,7.903160812653753,-4.758247218746956,55.15,-105.26700000000001,LA RONGE A,0.8176935774384889,0.08594032547228023,0.8171261881588013
337,833,1348,0.618,7.890790861218801,25.37151188867836,48.8167,-56.8667,BUCHANS,1.400555858569593,0.3605596886352582,0.8171261881588013
338,834,526,0.067,7.97302083337573,-10.980979499107141,54.1439,-115.787,WHITECOURT A,0.8394232281986037,0.0652203236311763,0.8171261881588013
339,834,528,0.10300000000000001,7.945925692469452,-10.914612003503843,54.1333,-115.667,WHITECOURT,1.3156533298268025,0.06397125707228378,0.8171261881588013
340,835,432,0.228,8.020634284705773,-15.164130981795742,53.0261,-122.51,QUESNEL A,0.9739353790308244,0.19129069023614378,0.8171261881588013
341,837,1336,0.317,8.075391192008935,24.868387906174352,49.2167,-57.4,DEER LAKE A,0.6765111871599895,0.38288945779854744,0.8171261881588013
342,837,1418,0.639,8.106864939483001,28.474338160291843,47.4667,-52.7167,PETTY HARBOUR,5.853390359624992,0.0892036242508395,0.8171261881588013
343,838,1416,0.7020000000000001,8.126197355843289,28.409254978313303,47.5167,-52.7833,ST JOHN'S WEST CDA,6.383656650176831,0.08985799448840798,0.8171261881588013
344,839,1327,0.461,8.166239327159682,24.433605951924587,49.5,-57.9167,WOODY POINT,0.9454007551871566,0.3984502558035664,0.8171261881588013
345,839,1335,0.544,8.163405045656338,24.820435529383964,49.3167,-57.4,CORMACK,1.1614088192551868,0.38273916900635996,0.8171261881588013
346,840,1416,0.784,8.230534649080468,28.377457088340115,47.6222,-52.7428,ST JOHN'S A,7.3017823932259445,0.08773569205661713,0.8171261881588013
347,842,763,0.08199999999999999,8.306018505604065,-0.4898819825218631,55.8033,-97.8625,THOMPSON A,0.581475613505619,0.1152315692571589,0.8171261881588013
348,842,1124,0.165,8.299960359573916,15.44560701182247,53.2,-70.9,NITCHEQUON,0.5957382118338452,0.22631722855442069,0.8171261881588013
349,845,1392,0.521,8.455403278865548,27.32675373010038,48.35,-53.9017,LETHBRIDGE,1.385379126238393,0.3072969239739202,0.8171261881588013
350,848,1324,0.446,8.568414912870594,24.31154833282076,49.9117,-57.7889,COW HEAD,0.9882116447466005,0.3687856562470234,0.8171261881588013
351,849,1366,0.42700000000000005,8.611102176608682,26.155877500630655,49.0667,-55.3,RATTLING BRK NORRIS ARM,1.1134007565146484,0.3133758265406907,0.8171261881588013
352,850,345,0.774,8.650836671452103,-18.9954872190085,52.2617,-128.719,MCINNES ISLAND,0.8174441638800157,0.7736989235239607,0.8171261881588013
353,850,1378,0.262,8.683901913262767,26.702849450200837,48.85947143,-54.5312,GLENWOOD composite,0.6400394505170708,0.33449041480904146,0.8171261881588013
354,851,1337,0.457,8.71890176481015,24.90090147023769,49.7667,-56.8833,SOPS ARM WHITE BAY,1.1382525422877834,0.3280701374389367,0.8171261881588013
355,852,1350,0.41,8.736699349311783,25.49020065588056,49.5,-56.0833,SPRINGDALE,1.1426709110275066,0.29319179644106985,0.8171261881588013
356,852,1376,0.35,8.743890975982405,26.6323194328237,48.9464,-54.5769,GANDER INT'L A,0.8910769597666777,0.3209533842401963,0.8171261881588013
357,855,436,0.184,8.871679997996239,-14.978951097074027,53.8908,-122.679,PRINCE GEORGE A,0.780362986482052,0.1926683110625435,0.8171261881588013
358,855,804,0.109,8.876406118523924,1.2834890209619778,56.3575,-94.7106,GILLAM A,0.7156649517109316,0.124453145702299,0.8171261881588013
359,855,1177,0.184,8.894474268549919,17.832949980002578,52.9272,-66.8742,WABUSH LAKE A,0.6187087017659444,0.2430080879613955,0.8171261881588013
360,856,313,0.478,8.9221102400567,-20.436114299632873,51.9333,-131.017,CAPE ST JAMES,0.6089262807894416,0.6414344893006293,0.8171261881588013
361,856,1323,0.34,8.917592883317909,24.275196665536356,50.2364,-57.5811,DANIELS HARBOUR,0.8217645894935652,0.3380808902281959,0.8171261881588013
362,856,1369,0.447,8.920267481638986,26.294066602940795,49.2667,-54.8833,COMFORT COVE,1.3789612028747944,0.26487721724550095,0.8171261881588013
363,858,1398,0.529,8.995449237262823,27.614971456792322,48.6672,-53.1142,BONAVISTA,4.535483276356236,0.09530621704403666,0.8171261881588013
364,861,1022,0.158,9.143254450485722,10.963379553343792,55.2833,-77.75,KUUJJUARAPIK A,0.674675885601846,0.19135994109811913,0.8171261881588013
365,863,1370,0.39799999999999996,9.227860750135529,26.33760073397983,49.51111667,-54.5889,TWILLINGATE composite,1.7978740411367355,0.18088932564017643,0.8171261881588013
366,867,493,0.09699999999999999,9.437642625030247,-12.46008114715757,55.1797,-118.885,GRANDE PRAIRIE A,1.1667485458567695,0.06793343821414444,0.8171261881588013
367,870,487,0.055,9.539950230363896,-12.7402776438216,55.2,-119.4,BEAVERLODGE CDA,0.7308191030279017,0.06149530049574833,0.8171261881588013
368,871,340,0.9940000000000001,9.606712845887811,-19.221120663833677,53.05,-129.683,ETHELDA BAY,1.1903824654176238,0.6823214005801865,0.8171261881588013
369,877,597,0.08,9.871182472145804,-7.876901137946268,56.65,-111.21700000000001,FORT MCMURRAY A,0.8351522317047265,0.07827326871805107,0.8171261881588013
370,877,1323,0.358,9.858365396681622,24.266777866488194,51.0667,-56.8833,PLUM POINT,1.1350529120984558,0.25772470361758465,0.8171261881588013
371,883,1207,0.23,10.11636629865344,19.13577139970266,53.55,-64.1,CHURCHILL FALLS A,0.8851756670277261,0.21231833440202053,0.8171261881588013
372,883,1315,0.242,10.104162651119204,23.912489411212096,51.45,-57.1833,LOURDES DE BLANC SABLON A,0.624547657457738,0.3166204134675038,0.8171261881588013
373,885,505,0.11800000000000001,10.212029191845676,-11.935249413927469,56.0667,-118.383,FAIRVIEW,1.358742604949194,0.0709633228924502,0.8171261881588013
374,885,517,0.07,10.226946829363605,-11.381198804475845,56.2269,-117.447,PEACE RIVER A,0.7926315039570628,0.07216320936723022,0.8171261881588013
375,887,315,0.498,10.323304131822256,-20.314453931732185,53.2539,-131.813,SANDSPIT A,1.260695805059831,0.32278114995692464,0.8171261881588013
376,892,1336,0.498,10.513143541501316,24.830079614182484,51.3667,-55.6,ST ANTHONY,1.9016216651858162,0.21399043203650087,0.8171261881588013
377,895,367,0.986,10.64544044520589,-18.038806278710556,54.4664,-128.577,TERRACE A,2.3449452846880057,0.3435843159264905,0.8171261881588013
378,895,387,0.24100000000000002,10.665533425795687,-17.140960439352252,54.8247,-127.18299999999999,SMITHERS A,1.0033995332264953,0.19626021821341544,0.8171261881588013
379,895,1162,0.22399999999999998,10.642722973708436,17.15060312140212,54.8,-66.8167,SCHEFFERVILLE A,0.8153177618769816,0.2244968461452318,0.8171261881588013
380,897,477,0.09,10.753806257076697,-13.163717285063106,56.2381,-120.74,FORT ST JOHN A,1.1796943833440512,0.06233932955230846,0.8171261881588013
381,899,1255,0.16899999999999998,10.842940456164209,21.25454186850438,53.3167,-60.4167,GOOSE A,0.5910392643430497,0.23364661898111228,0.8171261881588013
382,901,342,0.8270000000000001,10.925168419012316,-19.12359427311639,54.2925,-130.445,PRINCE RUPERT A,1.1362094106107237,0.5947524737047366,0.8171261881588013
383,904,425,0.122,11.047399217578207,-15.445471313000713,55.7855,-124.70100000000001,GERMANSEN LANDING,0.8020560549041277,0.12429230394288332,0.8171261881588013
384,908,342,0.772,11.239871559683275,-19.14849221056054,54.5686,-130.708,GREEN ISLAND,1.0768168961094018,0.5858205044309639,0.8171261881588013
385,909,810,0.163,11.268490682622877,1.5517817622508403,58.7392,-94.0664,CHURCHILL A,1.0731989217311195,0.12410706530998042,0.8171261881588013
386,909,1325,0.46,11.27986689754487,24.383441139208454,52.25,-55.6,BATTLE HARBOUR LOR,1.791414671807419,0.20982190916959081,0.8171261881588013
387,913,368,0.89,11.456778063183705,-17.971764008077084,55.2375,-129.03,NASS CAMP,2.012473306669907,0.36136743034108626,0.8171261881588013
388,915,310,0.556,11.545163694436308,-20.54536787529786,54.2552,-133.058,LANGARA,1.6092578256926908,0.2823178196574776,0.8171261881588013
389,928,1292,0.335,12.126358983270919,22.883799444538962,53.7083,-57.035,CARTWRIGHT,1.7544324797847184,0.15602610883423,0.8171261881588013
390,929,1000,0.142,12.184706889709847,9.988977488368288,58.4667,-78.0833,INUKJUAK UA,0.6333980372432756,0.1831895773210049,0.8171261881588013
391,932,364,0.642,12.314069788778712,-18.18701005126701,55.9361,-129.985,STEWART A,1.1927659174841352,0.4398138856150943,0.8171261881588013
392,937,535,0.084,12.498830656358052,-10.594224739549533,58.6214,-117.165,HIGH LEVEL A,1.109671755733755,0.06185486784779253,0.8171261881588013
393,943,1235,0.191,12.800428563828865,20.37992732710111,55.45,-60.2167,HOPEDALE (AUT),0.9991569278879743,0.15620279215621852,0.8171261881588013
394,954,602,0.079,13.254432412961972,-7.616430689969889,60.0203,-111.962,FORT SMITH A,0.5659970555213512,0.11405177506636369,0.8171261881588013
395,957,1115,0.063,13.3816017084914,15.062915391847254,58.1,-68.4167,KUUJJUAQ A,0.3370961117955404,0.15271297429033567,0.8171261881588013
396,957,1207,0.35,13.419876797675242,19.12294867359371,56.55,-61.6833,NAIN A,2.1411049564751137,0.13357316510369052,0.8171261881588013
397,960,474,0.04,13.53351926237463,-13.294599528109782,58.8364,-122.59700000000001,FORT NELSON A,0.7345328557813751,0.04449773385777636,0.8171261881588013
398,981,564,0.111,14.468960203336742,-9.324605930233329,60.8397,-115.78299999999999,HAY RIVER A,1.37953445237553,0.06574754746388659,0.8171261881588013
399,1002,827,0.13699999999999998,15.389341884371548,2.3116704332428544,62.8167,-92.1167,RANKIN INLET A,1.1176548736577698,0.10016176765855016,0.8171261881588013
400,1013,587,0.073,15.8941364226464,-8.283411299371597,62.4628,-114.44,YELLOWKNIFE A,0.4854632233483551,0.12287277154419818,0.8171261881588013
401,1015,841,0.307,15.951712281201985,2.928277120662789,63.3333,-90.7167,CHESTERFIELD,2.5979251385551008,0.09656080386683992,0.8171261881588013
402,1018,511,0.05,16.085824204153216,-11.662896594650553,61.7603,-121.23700000000001,FORT SIMPSON A,0.7442071553391209,0.05489910855442211,0.8171261881588013
403,1034,784,0.18100000000000002,16.80137872475479,0.41775555963923183,64.2989,-96.0778,BAKER LAKE A,1.5100080699372966,0.09794639048709497,0.8171261881588013
404,1043,914,0.145,17.235601653792568,6.170803303022934,64.1933,-83.3594,CORAL HARBOUR A,1.492086572747669,0.07940779003515852,0.8171261881588013
405,1072,643,0.27399999999999997,18.483281173616597,-5.8054537397209645,65.4833,-110.367,CONTWOYTO LAKE,3.091040065087292,0.07243276400210255,0.8171261881588013
406,1112,485,0.039,20.25328633221057,-12.797273633836445,65.2825,-126.8,NORMAN WELLS A,0.9415481681199617,0.03384629954920479,0.8171261881588013
407,1146,704,0.1,21.771353847100382,-3.1159972251081784,69.1081,-105.13799999999999,CAMBRIDGE BAY A,1.2728659852334079,0.06419577533207185,0.8171261881588013
408,1149,912,0.081,21.893848234284437,6.082122147370087,68.7758,-81.2425,HALL BEACH A,1.1358167540269646,0.05827279885263218,0.8171261881588013
409,1215,1003,0.064,24.854671892755793,10.111462339176834,70.4861,-68.5167,CLYDE A,1.362959676154582,0.0383694961465845,0.8171261881588013
410,1269,788,0.081,27.224762925109236,0.6018099385145664,74.7169,-94.9694,RESOLUTE CARS,0.9738681934082906,0.067963223040712,0.8171261881588013
