ilocy,ilocx,RL50 (kPa),rlat,rlon,lat,lon,station_name,ratio,model_vals
558,1009,0.402,-4.286848910227873,10.373390404111557,42.2756,-82.9556,WINDSOR A,1.1799443848222329,0.28575465083122253
559,1009,0.484,-4.227125340313413,10.379271031382924,42.3333,-82.9333,WINDSOR RIVERSIDE,1.4176727754467078,0.28635063767433167
576,1017,0.389,-3.4945859613826147,10.7134921602455,42.9922,-82.3047,SARNIA AIRPORT,1.1401216845662485,0.2861720323562622
577,1048,0.47,-3.434479081735439,12.106219211616422,42.774390000000004,-80.42905999999999,HAGERSVILLE 2 composite,1.2281275083271108,0.3209838569164276
579,1046,0.5870000000000001,-3.3628448895127754,11.999925006386508,42.8667,-80.55,DELHI CDA,1.552705153466693,0.3170866072177887
579,1050,0.446,-3.335374154899144,12.206799132067156,42.85,-80.2667,SIMCOE,1.1645985628794997,0.32120877504348755
580,1035,0.45799999999999996,-3.290371679059054,11.534368202439223,43.0331,-81.1511,LONDON INT'L AIRPORT,1.2044931526681433,0.31892600655555725
580,1037,0.491,-3.3033197995587598,11.625518178228763,43.001999999999995,-81.0328,DORCHESTER,1.2909516524059101,0.3190070688724518
580,1051,0.34,-3.2976268496041468,12.223659162002475,42.8833,-80.2333,WATERFORD,0.8777625320382543,0.324885755777359
587,1054,0.423,-2.9689855230488806,12.37546741076384,43.1717,-79.9342,HAMILTON A,1.1009982401989784,0.32224228978157043
590,1054,0.397,-2.851997203751697,12.387474338992014,43.2833,-79.8833,HAMILTON RBG,1.0334598333791751,0.32220011949539185
591,1066,0.309,-2.817509219258394,12.915619247015943,43.2,-79.1667,ST CATHARINES A,0.8377981392057596,0.3093484044075012
592,1046,0.467,-2.767016061611644,11.996249233882299,43.45,-80.3833,WATERLOO WELLINGTON A,1.1946064939041448,0.3278844356536865
594,1044,0.41700000000000004,-2.666314502571736,11.94129167027309,43.56001071,-80.42801786,GUELPH OAC composite,1.063077922540385,0.32900291681289673
598,1059,0.406,-2.4868552600065392,12.60189887608841,43.59246944,-79.48505417,TORONTO NEW INT'L A composite,1.059475333414792,0.32141339778900146
599,1061,0.396,-2.4371144169958994,12.657472533066505,43.6286,-79.395,TORONTO ISLAND A,1.0339527104858062,0.321235328912735
600,1057,0.373,-2.4275243009702034,12.480315141272046,43.6772,-79.6306,TORONTO LESTER B. PEARSON INT'L A,0.9662265584837301,0.3237864375114441
600,1060,0.436,-2.4007826199030635,12.645432657636889,43.6667,-79.4,TORONTO,1.1357878004168225,0.32197198271751404
602,1053,0.494,-2.327916851748337,12.32637283896129,43.8081,-79.8081,SANDHILL,1.2722350926127313,0.3256779611110687
603,1037,0.401,-2.300804570575231,11.625346633334846,43.9833,-80.75,MOUNT FOREST,1.037340813119499,0.3242288827896118
603,1059,0.376,-2.3012399580428746,12.57237144415825,43.78,-79.4678,TORONTO NORTH YORK,0.9737672032871553,0.32386311888694763
605,1058,0.415,-2.2032653790882666,12.564815949223863,43.8772,-79.4478,RICHMOND HILL,1.0705022398898272,0.3251541554927826
605,1060,0.41200000000000003,-2.2053809803339703,12.62287891217746,43.8622,-79.37,TORONTO BUTTONVILLE A,1.065024257121049,0.32446399331092834
608,1038,0.258,-2.068590235243496,11.658569176059126,44.2036,-80.6378,PRICEVILLE,0.6764889565366637,0.31988051533699036
609,1050,0.365,-2.0028898354841,12.2065379573681,44.1514,-79.8722,ALLISTON NELSON,0.9435610115894735,0.3244529068470001
611,1027,0.36,-1.9374790458624405,11.156459894997607,44.43423333,-81.2871,WALKERTON composite,1.0071031760739004,0.2998177409172058
611,1053,0.35700000000000004,-1.9211289341184725,12.318754222071837,44.2067,-79.6947,COOKSTOWN,0.9256562132281518,0.32347989082336426
616,1053,0.442,-1.7233069520001558,12.319592020167152,44.3995,-79.6328,SHANTY BAY,1.139629819937289,0.325302392244339
616,1086,0.493,-1.7037724583668714,13.763648867181702,44.0833,-77.6667,SMITHFIELD CDA,1.0721438720476535,0.3856760263442993
617,1071,0.49,-1.6437599584267275,13.111996013499192,44.29722,-78.52882667,HALIBURTON A composite,1.1100522449317556,0.37023839354515076
617,1074,0.37799999999999995,-1.6786484471005159,13.239909508912735,44.2333,-78.3667,PETERBOROUGH A,0.846069102320134,0.374726802110672
617,1087,0.444,-1.647919910661428,13.848380542642577,44.1167,-77.5333,TRENTON A,0.9533384781385335,0.3906291425228119
618,1028,0.348,-1.6065279350677362,11.219407227076683,44.7458,-81.1072,WIARTON A,0.9123862618141536,0.31991109251976013
619,1089,0.441,-1.5905322191931184,13.936456970299941,44.1506,-77.3947,BELLEVILLE,0.9234778239311154,0.4005354046821594
623,1084,0.499,-1.39563263390509,13.715114449914411,44.39395238,-77.62724286,STIRLING composite,1.038650928671001,0.402957946062088
623,1102,0.516,-1.3803565049833204,14.473210899310928,44.2186,-76.5967,KINGSTON A,1.056483592093714,0.40965262055397034
627,1099,0.48,-1.1950455367128394,14.354715693013972,44.4281,-76.6903,HARTINGTON IHD,0.9725387623117295,0.41396450996398926
629,1055,0.46799999999999997,-1.1177117079756498,12.424309244301325,44.9667,-79.3,MUSKOKA A,1.0922522946278799,0.3593781590461731
633,1067,0.502,-0.929498972966488,12.938661086656456,45.0322,-78.5311,HALIBURTON 3,1.1294441838367286,0.3727929890155792
637,1052,0.48,-0.7779930357615851,12.262381226920443,45.33400909,-79.41611818,BURKS FALLS composite,1.0963797170772076,0.3672053813934326
639,1000,0.371,-0.6883970505338951,9.992710779507949,45.8833,-82.5667,GORE BAY A,0.8556774999880117,0.36365753412246704
640,1059,0.469,-0.6480473584073168,12.604555155685231,45.3833,-78.9,DWIGHT,1.1170041900158167,0.3521655201911926
642,1043,0.59,-0.5742533922365206,11.880619147076752,45.6167,-79.8833,DUNCHURCH,1.298900929820958,0.38098227977752686
647,968,0.355,-0.3282026503152139,8.56463998274487,46.4833,-84.5094,SAULT STE MARIE A,0.956072598325203,0.31143417954444885
651,1109,0.46,-0.14229068458931268,14.818651720335906,45.3225,-75.6692,OTTAWA MACDONALD-CARTIER INT'L A,1.0473618537338691,0.368374764919281
652,1108,0.491,-0.0926557441963778,14.770203286375427,45.3833,-75.7167,OTTAWA CDA,1.1210010550471987,0.36737048625946045
652,1134,0.41200000000000003,-0.11059958944123897,15.91164378309388,45.05,-74.1667,HUNTINGDON,0.9148635048703434,0.3777197599411011
653,1111,0.506,-0.08342891017602053,14.878650645037006,45.36306667,-75.56446667,OTTAWA ROCKCLIFFE A composite,1.1374796574498454,0.37310895323753357
653,1131,0.42700000000000005,-0.06763698819223248,15.76386408140092,45.1333,-74.35,ST ANICET,0.9559299257187299,0.37465420365333557
654,1102,0.425,-0.010141822987990141,14.504972791199682,45.5333,-76.05,LUSKVILLE,0.9928655317723671,0.3590271472930908
654,1135,0.348,-0.02306995179155099,15.971452536902286,45.1167,-74.05,ORMSTOWN,0.7750755094886299,0.37658587098121643
654,1141,0.33799999999999997,-0.002819591108613995,16.211153361252567,45.0667,-73.7167,HEMMINGFORD FOUR WINDS,0.7457134110393725,0.380166232585907
655,1050,0.327,0.0108004267438218,12.200271604969695,46.1167,-79.25,POWASSAN,0.85826257443111,0.3195629119873047
656,1146,0.436,0.08212766041682308,16.43136179542141,45.0833,-73.3833,ST BERNARD DE LACOLLE,0.9425709130230215,0.38797277212142944
657,1110,0.493,0.09932157620079315,14.83803900373631,45.55,-75.55,ANGERS,1.0983381167578827,0.37647804617881775
657,1134,0.46399999999999997,0.12639370122986404,15.889859305178064,45.2833,-74.1,VALLEYFIELD,1.0246124269388017,0.37982815504074097
657,1141,0.41,0.09970703767826301,16.204535378802806,45.1667,-73.6833,STE CLOTHILDE CDA,0.9016325819038651,0.38140207529067993
658,1081,0.315,0.16636607784747412,13.543748046258958,45.95,-77.3167,PETAWAWA A,0.8517397829687126,0.3101933002471924
659,1081,0.318,0.19407473605052883,13.584505642712083,45.9667,-77.25,SHEENBORO,0.8516036427741376,0.3131975829601288
659,1157,0.385,0.2143332821945056,16.907970562019244,45.0667,-72.6833,SUTTON,0.7705818728175822,0.41905471682548523
660,1046,0.36,0.2247059616752298,12.02855117692835,46.3636,-79.4228,NORTH BAY A,0.9367537230395511,0.32233381271362305
660,1148,0.384,0.2478536721012904,16.515278173256952,45.2167,-73.2,SABREVOIS,0.8167521590169129,0.394338995218277
661,1024,0.386,0.27785930544065024,11.04782465123829,46.6256,-80.7978,SUDBURY A,0.9298869689218382,0.3481656610965729
661,1128,0.39399999999999996,0.2806495088143387,15.648523738310713,45.5,-74.3667,RIGAUD,0.8264887248343965,0.39984169602394104
662,1146,0.413,0.34872560816845866,16.447024680651992,45.3333,-73.25,IBERVILLE,0.8829795806446011,0.39230892062187195
662,1158,0.46799999999999997,0.35043721364910185,16.950859185149188,45.1833,-72.5667,BROME,0.9358057273586882,0.41945844888687134
663,1118,0.526,0.361483120581601,15.211915468380836,45.7,-74.9333,MONTEBELLO (SEDBERGH),1.0937955952766267,0.40334656834602356
663,1136,0.413,0.3845159255402604,15.995474941061378,45.5,-73.85,STE GENEVIEVE,0.8733838847300959,0.39661914110183716
663,1138,0.47600000000000003,0.3730154780297401,16.072237754624673,45.4667,-73.75,MONTREAL/PIERRE ELLIOTT TRUDEAU INTL A,1.0175027983052354,0.3923739194869995
663,1139,0.5670000000000001,0.378677196996154,16.15032437560446,45.44933929,-73.64116429,LAVALTRIE CDA composite,1.2186177966765395,0.3902512788772583
663,1163,0.431,0.3750065977850023,17.189960041690064,45.1333,-72.2333,GEORGEVILLE,0.8408254952392133,0.4299324154853821
664,1128,0.474,0.43111426674639375,15.628350571746576,45.65,-74.3333,LACHUTE,0.9605163861067307,0.41390660405158997
664,1140,0.47,0.43899501354061177,16.174297228821235,45.5,-73.5833,MONTREAL MCGILL,1.0065734770383463,0.3916347026824951
665,1169,0.395,0.4860499102898444,17.47520195436037,45.15,-71.8,COATICOOK,0.7591619231310667,0.4364067614078522
666,1132,0.444,0.5070676872066261,15.82450983689447,45.6667,-74.0333,MONTREAL/MIRABEL INT'L A,0.892707390320992,0.4171599745750427
666,1134,0.433,0.521333283639665,15.929713258832273,45.65,-73.8833,STE THERESE OUEST,0.8751712080358082,0.41497665643692017
666,1142,0.446,0.4892824791896059,16.280985270212184,45.5167,-73.4167,MONTREAL/ST-HUBERT A,0.948503173086764,0.3943890631198883
666,1154,0.408,0.5088716677241474,16.78949405383804,45.3833,-72.7167,GRANBY,0.8380766251128585,0.40832430124282837
666,1164,0.43700000000000006,0.5272872692490097,17.226791433609083,45.2667,-72.1167,MAGOG,0.8562871076353903,0.4280463755130768
668,1155,0.537,0.6005135224791582,16.855793371577782,45.45045263,-72.58703684,ST HYACINTHE composite,1.092472396282762,0.4122803211212158
668,1161,0.40299999999999997,0.6214263288690471,17.08527176163669,45.4,-72.2667,BONSECOURS,0.8000032150427615,0.42251497507095337
668,1174,0.474,0.6002534616609015,17.66009565819819,45.2,-71.5,ST MALO D AUCKLAND,0.9107745657085927,0.4365120530128479
669,1146,0.494,0.6436379439510136,16.440798499950514,45.6167,-73.1333,STE MADELEINE,1.0385531517254811,0.39895784854888916
669,1150,0.39,0.6413453724906322,16.600395614683634,45.5667,-72.9167,ST HYACINTHE 2,0.8118033883386164,0.4029420018196106
669,1266,0.596,0.6616967255468574,21.753266688790557,43.8308,-66.0886,YARMOUTH A,1.160175987308628,0.43087488412857056
670,1167,0.294,0.6886805319462729,17.390734475406397,45.3689,-71.8236,LENNOXVILLE,0.5774206086182616,0.4270550310611725
671,1098,0.336,0.7391769186864998,14.331629182838835,46.3018,-76.0061,MANIWAKI UA,0.8190680046727075,0.34407103061676025
671,1141,0.387,0.738457158552364,16.240560473908765,45.7667,-73.3667,VERCHERES,0.7847559796880756,0.4136234223842621
671,1267,0.542,0.7390764935272756,21.803607253579266,43.8833,-65.9833,TUSKET,1.0494724966243398,0.4331686496734619
672,1140,0.467,0.7652575197208127,16.182646599358296,45.8094,-73.4347,L'ASSOMPTION,0.9293039864079667,0.4214905798435211
672,1165,0.37200000000000005,0.7695743040876517,17.270669708561627,45.4833,-71.95,BROMPTONVILLE,0.7396345344925347,0.4218465983867645
672,1169,0.38799999999999996,0.7807929838028224,17.463999638422727,45.4333,-71.6833,SHERBROOKE A,0.7723645637334609,0.4213453233242035
673,1126,0.535,0.8244980392844867,15.547958374592634,46.05,-74.2833,STE AGATHE DES MONTS,1.0182847093467635,0.44066986441612244
673,1131,0.563,0.816943782864911,15.7555788147033,45.9833,-74.0,ST HIPPOLYTE,1.0387249097092714,0.4546075463294983
674,1147,0.45,0.8463890909946689,16.47479579678509,45.8,-73.0,FLEURY,0.9148146044242986,0.41258004307746887
674,1178,0.32299999999999995,0.8834959655618496,17.87385061537259,45.4,-71.0833,NOTRE DAME DES BOIS,0.6294438913192693,0.430402010679245
677,881,0.17,0.9978671020460085,4.707577833482668,48.2833,-89.9167,WHITEFISH LAKE,0.5373268012146871,0.26536229252815247
678,1117,0.42,1.0340555599277181,15.137667577989024,46.3667,-74.7667,LA MACAZA,0.8927010401085442,0.3946135938167572
678,1143,0.40299999999999997,1.0447050148731867,16.327496188013978,46.0333,-73.1167,SOREL,0.793087360123273,0.42619937658309937
678,1154,0.405,1.0348232563982545,16.79264234742965,45.8833,-72.4833,DRUMMONDVILLE,0.8279711112274504,0.4102689325809479
678,1172,0.326,1.0408049695193322,17.61091405605013,45.6333,-71.3667,LINGWICK,0.6643741584044048,0.4115604758262634
678,1177,0.318,1.0494863716117762,17.79263385317223,45.5833,-71.1167,MILAN,0.6292958546687804,0.42383912205696106
679,959,0.39399999999999996,1.1072814606393633,8.146944438375767,47.9667,-84.7833,WAWA A,0.9347045816512706,0.3535498380661011
679,1135,0.542,1.1048802078623199,15.95810005194841,46.2,-73.6,STE BEATRIX,1.0074058111534592,0.451256662607193
680,890,0.248,1.1206948848156557,5.08967868562008,48.3694,-89.3272,THUNDER BAY A,0.7002650004099644,0.2970421314239502
680,981,0.319,1.1215982693691606,9.121374066660865,47.82,-83.3467,CHAPLEAU A,1.0007721038560469,0.26735252141952515
680,1147,0.45299999999999996,1.1514404604556916,16.500102870276372,46.0833,-72.8333,PIERREVILLE,0.8868546482287685,0.42842474579811096
681,1132,0.595,1.1542596729610621,15.834532095958147,46.2833,-73.75,ST COME,1.0797179998988111,0.46220582723617554
683,1178,0.312,1.2606717705989359,17.84366708527203,45.7667,-70.95,ST SEBASTIEN,0.6335265880075825,0.4130651354789734
684,1138,0.5489999999999999,1.29909797368146,16.07911852243818,46.35,-73.35,ST CHARLES DE MANDEVILLE,1.0203671918627433,0.4512785077095032
684,1150,0.406,1.3081477460879134,16.607760775956216,46.2,-72.6167,NICOLET,0.8145144152754414,0.4180767834186554
684,1182,0.294,1.3054290288877226,18.025092727207987,45.75,-70.6833,ST LUDGER,0.5978443155100612,0.4124658703804016
686,1105,0.40700000000000003,1.3913321643034506,14.630169131697288,46.85,-75.3333,STE ANNE DU LAC,1.018736698066368,0.3350898325443268
687,1166,0.457,1.4353865918581943,17.319534723993772,46.1,-71.5833,ST FERDINAND,0.933560762011295,0.41058436036109924
688,1033,0.275,1.464268420428553,11.450362801068342,47.7,-79.85,EARLTON A,0.8421188185073203,0.27389752864837646
688,1149,0.40299999999999997,1.4827451771107225,16.55193535398155,46.3833,-72.6167,TROIS RIVIERES AQUEDUC,0.7993876010253749,0.4228403568267822
688,1169,0.345,1.4868129159530434,17.472963414579834,46.1,-71.35,THETFORD MINES,0.7073881349978507,0.409062922000885
689,1140,0.634,1.5150610464679561,16.15629574000493,46.5333,-73.15,ST ALEXIS DES MONTS,1.1847375394488056,0.4488444924354553
690,1149,0.441,1.5858719669451118,16.564190208663554,46.47778333,-72.55415833,RIVIERE A PIERRE composite,0.8649243300060805,0.4276507794857025
691,1182,0.304,1.6268592987363577,18.036246116246513,46.05,-70.5167,ST COME DE LINIERE,0.6245362223696739,0.40826743841171265
691,1284,1.014,1.6142468085780268,22.551400289984592,44.4,-64.55,BRIDGEWATER,1.6998007562438073,0.5003440380096436
692,1150,0.375,1.664176253985097,16.626426689197242,46.5333,-72.4333,ST NARCISSE,0.729163807448036,0.4313551187515259
692,1179,0.377,1.6796607608428853,17.883321299254668,46.15,-70.7,ST GEORGES,0.780218862470122,0.40527862310409546
692,1246,0.6940000000000001,1.6654751578683622,20.850317762178534,45.1,-66.7333,PENNFIELD,0.9150799628410342,0.6361055970191956
693,758,0.295,1.6882373082187547,-0.7083728658870007,49.1833,-98.0833,MORDEN CDA,2.1835217309677097,0.11331653594970703
693,1156,0.38,1.6981108675439935,16.892890608074847,46.4833,-72.05,FORTIERVILLE,0.7498739092213034,0.42503446340560913
694,1153,0.415,1.7540822281724946,16.741931706325044,46.5833,-72.2333,STE ANNE DE LA PERADE,0.8048906655149064,0.43245407938957214
695,1172,0.345,1.7744012915046719,17.594713197903786,46.3333,-71.05,ST SEVERIN,0.7342298142484892,0.3941085636615753
695,1181,0.353,1.788085543520356,17.992307149959434,46.2167,-70.5,ST PROSPER,0.7311067337683048,0.40496987104415894
697,686,0.071,1.8662740844535828,-3.895667948011195,49.2167,-102.96700000000001,ESTEVAN A,0.6048220124635338,0.09845993667840958
697,1157,0.40299999999999997,1.9009426839342536,16.922755381469877,46.6667,-71.9167,DESCHAMBAULT,0.772271703378329,0.43768706917762756
698,1154,0.508,1.912824438817077,16.798519081378075,46.7167,-72.0833,ST ALBAN,0.9536701210500639,0.44678062200546265
699,756,0.19399999999999998,1.956539149126066,-0.8130760493526549,49.45,-98.25,MIAMI THIESSEN,1.4857369345904072,0.10951878130435944
699,1148,0.473,1.9884978888085978,16.545808996887292,46.8667,-72.4,LAC AUX SABLES,0.865352951704805,0.4584549367427826
699,1180,0.37,1.9845023376234565,17.948131049345225,46.4167,-70.4667,STE GERMAINE,0.7703779099967275,0.40283453464508057
701,1163,0.467,2.054217978278324,17.173129500136174,46.7333,-71.5,ST AUGUSTIN,0.9078830120240877,0.43143540620803833
701,1168,0.43200000000000005,2.0641528045347988,17.411163562539105,46.6667,-71.1667,BEAUSEJOUR,0.8795400066482519,0.41196179389953613
701,1273,0.618,2.0477520185861904,22.08183244528817,44.9833,-64.9167,GREENWOOD A,1.180000037034591,0.43927374482154846
702,1007,0.24600000000000002,2.1028662985791216,10.272256140147682,48.5697,-81.3767,TIMMINS VICTOR POWER A,0.8564533466546044,0.24091297388076782
702,1183,0.48200000000000004,2.1043623241683953,18.088712820603085,46.4833,-70.2167,ST CAMILLE,0.9891840263131159,0.40869444608688354
702,1256,0.643,2.0923818993230565,21.32172942210499,45.3181,-65.8856,SAINT JOHN A,1.0036201258379764,0.5373662710189819
703,1062,0.28300000000000003,2.1295758090215102,12.715646487269279,48.0564,-77.7867,VAL-D'OR A,0.8533066686869822,0.2781698703765869
703,1164,0.47600000000000003,2.142892402870948,17.22771444423007,46.8,-71.3833,QUEBEC/JEAN LESAGE INTL A,0.923085390856654,0.43250772356987
703,1297,0.6970000000000001,2.1285083347995943,23.143751611246888,44.6333,-63.5,SHEARWATER A,1.1285771562208438,0.5180006623268127
704,1277,0.534,2.1832299349175868,22.229032603976535,45.05,-64.65,WATERVILLE CAMBRIDGE,1.0472240133783313,0.42769134044647217
705,1168,0.45,2.220882571941183,17.406153681880436,46.8167,-71.1,LAUZON,0.894563284302921,0.42192012071609497
705,1279,0.565,2.245163530071908,22.330642996726787,45.0667,-64.4833,KENTVILLE CDA,1.1011344739643243,0.4303649365901947
705,1287,0.612,2.249827933933791,22.675906214322463,44.9333,-64.0333,SALMON HOLE,1.1213258913544502,0.45777109265327454
707,813,0.18,2.3191516259454263,1.7019727769211224,49.7903,-94.3653,KENORA A,0.8521947473591053,0.1771586835384369
707,1046,0.306,2.3301463594803966,12.017196687285196,48.4167,-78.7333,MONT BRUN,0.9383579210320517,0.27351534366607666
708,1168,0.48,2.377566928011995,17.400888965846388,46.9667,-71.0333,CHATEAU RICHER,0.9374624064495569,0.4294535219669342
708,1184,0.51,2.38587791745667,18.134863525524572,46.7333,-70.0167,STE LUCIE,1.063913834097284,0.4020615220069885
708,1295,0.76,2.353824406162802,23.043207937173968,44.88,-63.5,HALIFAX STANFIELD INT'L A,1.251224862680355,0.5094563961029053
709,756,0.121,2.406655175540253,-0.816592826955396,49.9,-98.2667,PORTAGE SOUTHPORT A,0.9770191563660044,0.10387501120567322
709,771,0.16899999999999998,2.4169256900823712,-0.15035553299554535,49.9167,-97.2333,WINNIPEG RICHARDSON INT'L A,1.3114887324355657,0.1080813929438591
709,836,0.16699999999999998,2.408289044403697,2.742262906325916,49.8333,-92.75,DRYDEN A,0.749067365358279,0.1869925856590271
709,1242,0.57,2.4355673986902304,20.695842322706284,45.8721,-66.5279,FREDERICTON A,0.8729140901488617,0.5476866364479065
710,732,0.18899999999999997,2.4461289022730366,-1.9022360052764455,49.91,-99.9519,BRANDON A,1.6401391054955317,0.09665179252624512
710,1225,0.552,2.4503054913706883,19.923144460296516,46.1703,-67.5536,WOODSTOCK,0.9072315023972969,0.5103284120559692
710,1240,0.581,2.4538374466501836,20.62178160144984,45.9167,-66.6167,FREDERICTON CDA,0.8970071942788843,0.5432615876197815
710,1248,0.647,2.4523914808738034,20.97348209091824,45.7833,-66.15,GAGETOWN 2,0.9422613395632928,0.5759193897247314
712,1054,0.233,2.5693781490772243,12.368776262825914,48.5667,-78.1333,AMOS,0.722972874199502,0.2703103721141815
712,1355,0.528,2.558199415687226,25.705259485464225,43.9322,-60.0094,SABLE ISLAND,0.9352313319576494,0.4735258221626282
713,1244,0.61,2.5880834006331126,20.757678859211282,45.9903,-66.3633,ACADIA FOREST EXP ST,0.9575597252829545,0.5343093276023865
713,1278,0.619,2.5929897681063143,22.295057999272316,45.4,-64.3333,PARRSBORO,1.1320863745814986,0.45860615372657776
715,921,0.243,2.703334463357099,6.489334819136607,49.7828,-86.9306,GERALDTON A,0.8730068701429655,0.2334626466035843
715,1163,0.501,2.6832756820036425,17.21270812915398,47.3167,-71.15,FORET MONTMORENCY,0.8785015590804911,0.4783259928226471
716,848,0.18100000000000002,2.724053173483273,3.2714077284853,50.1167,-91.9,SIOUX LOOKOUT A,0.8149188434493996,0.18629148602485657
717,988,0.307,2.7844182733983796,9.431461031270734,49.4,-82.4333,KAPUSKASING CDA,1.1014253965080314,0.2337825447320938
717,1051,0.261,2.7724424149031415,12.216949590249524,48.8,-78.2833,LAC BERRY,0.8320271237048055,0.26310664415359497
718,987,0.266,2.7939506024780143,9.406987093709729,49.4139,-82.4675,KAPUSKASING A,0.9590106459465043,0.23264139890670776
718,1299,0.573,2.8057614051937527,23.227533862191482,45.2167,-63.0,UPPER STEWIACKE,0.9252931039895934,0.5194025635719299
718,1313,0.648,2.8341066245898623,23.849578318579603,44.9833,-62.1833,ECUM SECUM,1.1086612696792024,0.49023568630218506
719,1294,0.539,2.865301707549471,22.994531657643748,45.3667,-63.2667,TRURO,0.946214986379061,0.477779746055603
720,1218,0.384,2.915060025357727,19.622613419942642,46.7122,-67.7156,AROOSTOOK,0.6915309451733581,0.465745210647583
720,1293,0.595,2.906569872397495,22.932472395768386,45.42973684,-63.32314737,DEBERT A composite,1.0707586347900129,0.46607324481010437
721,1179,0.479,2.9632011627512,17.917497467271644,47.35,-70.0333,LA POCATIERE CDA,1.0361708239866925,0.3877331614494324
721,1276,0.486,2.952510648604285,22.20214615660833,45.7667,-64.25,NAPPAN CDA,0.8995830582315806,0.4531310200691223
721,1304,0.69,2.9636487927491326,23.41369120676652,45.2833,-62.6667,TRAFALGAR,1.1121150254133112,0.5203890800476074
722,694,0.09,2.995535908365118,-3.5550168868492085,50.3681,-102.571,BROADVIEW,0.8412968738057296,0.0897267684340477
722,1273,0.5589999999999999,2.99186183107382,22.08356301670653,45.85,-64.3833,SACKVILLE,1.0316803734338273,0.4544597566127777
724,695,0.149,3.0926391667634663,-3.503230109800849,50.46864,-102.5009,BROADVIEW A composite,1.3842320633076002,0.09028303623199463
724,891,0.243,3.0628319237385395,5.168523459661336,50.2936,-88.9053,ARMSTRONG (AUT),1.0315525166136736,0.19758033752441406
725,651,0.10800000000000001,3.1345694278645513,-5.464582646908156,50.3333,-105.56700000000001,MOOSE JAW A,1.074751218920678,0.08428389579057693
725,1267,0.57,3.143485364303546,21.790230230835956,46.1053,-64.6838,MONCTON A,1.0116104041865546,0.47259634733200073
726,489,0.35,3.187961984628174,-12.656336194902284,49.0971,-116.51799999999999,CRESTON,1.2120611687479403,0.24219897389411926
726,545,0.261,3.16518878430455,-10.173529005346774,49.6303,-112.8,LETHBRIDGE A,2.857572611807493,0.07660762965679169
726,664,0.068,3.1741915710209807,-4.882522538616095,50.4333,-104.667,REGINA INT'L A,0.7655197578889208,0.0745042935013771
726,1242,0.45,3.1668816081319098,20.688150177613355,46.5525,-66.1403,DOAKTOWN,0.7657710437810161,0.49288132786750793
728,620,0.09300000000000001,3.2540343879709486,-6.82970579631831,50.28335,-107.708,SWIFT CURRENT (HYBRID),0.9059639073638888,0.0860995426774025
729,576,0.13,3.294490341736107,-8.78098449257167,50.0189,-110.721,MEDICINE HAT A,1.3903109289362616,0.07842602580785751
729,1142,0.233,3.321200862802388,16.278681835293746,48.2167,-72.1667,LAC BOUCHETTE,0.6612737283044423,0.2955312728881836
729,1213,0.444,3.3020657185607187,19.387549788287743,47.1578,-67.8319,ST LEONARD A,0.8674119249848722,0.4293251931667328
729,1301,0.44799999999999995,3.2939386094819403,23.293464625867358,45.63357273,-62.62608182,STELLARTON LOURDES composite,0.849997806588637,0.4420679211616516
730,1311,0.748,3.336863255409132,23.744543989867303,45.4833,-62.0167,COLLEGEVILLE,1.3084032692508316,0.4795001745223999
730,1326,0.741,3.3478667584073754,24.392707899410343,45.2164,-61.1778,DEMING,1.279183590801135,0.4858633279800415
733,1198,0.327,3.491313994124788,18.733677276905336,47.5667,-68.6333,STE ROSE DU DEGELIS,0.680942263683281,0.4027784764766693
735,474,0.381,3.5652891404836695,-13.311122271809033,49.2964,-117.632,CASTLEGAR A,1.0868494038993923,0.29402509331703186
735,502,0.132,3.5715594149337595,-12.06538588634602,49.6122,-115.78200000000001,CRANBROOK A,0.9470963757003069,0.11689839512109756
735,515,0.282,3.565855703432369,-11.467506817735874,49.7453,-114.883,SPARWOOD,3.090820211752235,0.07652514427900314
735,1139,0.225,3.5858890255644726,16.122340479606144,48.5167,-72.2667,ROBERVAL A,0.6522689978749148,0.2893240749835968
735,1316,0.763,3.568214239959637,23.980406366594252,45.592375,-61.571925,COPPER LAKE composite,1.3680133211224936,0.4678030014038086
736,570,0.187,3.5910565071829694,-9.028653520187895,50.2667,-111.18299999999999,SUFFIELD A,2.197474705945342,0.07137506455183029
736,820,0.18100000000000002,3.6085516827729736,2.018623133323337,51.0669,-93.7931,RED LAKE A,0.8862877878607974,0.17129023373126984
736,1147,0.32299999999999995,3.5978108026814204,16.479739155928193,48.4167,-71.75,LAC STE CROIX,0.9713336142314143,0.27890923619270325
737,725,0.174,3.6486471044256565,-2.1807652710283705,51.1,-100.46700000000001,GILBERT PLAINS,1.5750263674043197,0.09265955537557602
737,731,0.131,3.637650982133446,-1.9186062210436028,51.1,-100.05,DAUPHIN A,1.1855780747644227,0.0926765650510788
737,1136,0.255,3.6504271546022258,15.99683941147927,48.6167,-72.4167,ST PRIME,0.7157669291187589,0.29881152510643005
737,1158,0.24,3.677953743438618,16.97946760951628,48.3333,-71.0,BAGOTVILLE A,0.6635174421994857,0.3033805191516876
738,1188,0.26,3.71007111167222,18.31675132549891,47.9167,-69.1,ST CLEMENT,0.5950019522994884,0.36650824546813965
738,1276,0.35600000000000004,3.6845959413421965,22.197652168319504,46.4389,-63.8317,SUMMERSIDE A,0.62084758901729,0.4809432029724121
738,1281,0.615,3.7031269177923956,22.396835274342646,46.3752,-63.55731667,SUMMERSIDE CDA composite,1.103417231166363,0.46748119592666626
738,1288,0.461,3.7088202378029633,22.71596758927946,46.25,-63.1333,CHARLOTTETOWN CDA,0.8412888520095181,0.45960482954978943
738,1297,0.495,3.695154703131543,23.128978936207325,46.0667,-62.6,ALLISTON,0.9242094640103491,0.44922465085983276
739,478,0.42700000000000005,3.7345715322890913,-13.108365117454234,49.5123,-117.399,NELSON RIXEN CREEK,1.376035606199877,0.26027172803878784
739,628,0.062,3.7636991911369555,-6.505263198283556,50.832,-107.311,BEECHY,0.6089515352428482,0.08539604395627975
739,1248,0.47,3.765296967036392,20.93925168325036,47.0095,-65.4678,MIRAMICHI A,0.8840798203616288,0.44589763879776
739,1287,0.527,3.745334014783396,22.703007279034583,46.2886,-63.1286,CHARLOTTETOWN A,0.9593849478650563,0.46073001623153687
740,1268,0.496,3.805146627159658,21.821103653985478,46.7003,-64.2617,O'LEARY,0.8696975022897726,0.4783461093902588
741,387,0.387,3.823732054743596,-17.157965052632917,48.4131,-123.325,VICTORIA GONZALES HTS,0.9820395260892193,0.33052992820739746
741,1133,0.33899999999999997,3.8488977138356315,15.851778350050044,48.85,-72.5333,NORMANDIN CDA,0.953968899918122,0.2980535328388214
741,1164,0.36200000000000004,3.8422604402526868,17.25132301995396,48.4,-70.5333,STE ROSE DU NORD,0.8880094848831348,0.3419162631034851
741,1280,0.46299999999999997,3.8191632149950627,22.350518174671695,46.5,-63.55,LONG RIVER,0.8121207426982446,0.478177547454834
742,697,0.11800000000000001,3.887198018830976,-3.42540834014595,51.2667,-102.46700000000001,YORKTON A,1.2770094327323844,0.07750267535448074
742,1237,0.521,3.862139802217241,20.45703721604458,47.2833,-66.0667,LITTLE RIVER MINE,1.03699883837756,0.42139390110969543
743,1180,0.433,3.9275140340820363,17.940016482155016,48.25,-69.5167,GRANDES BERGERONNES,1.0329667674739251,0.3515850007534027
746,387,0.5680000000000001,4.05401331129362,-17.1462653539833,48.63445,-123.4225,SAANICHTON CDA,1.3657703449982226,0.34881845116615295
746,439,0.205,4.062019040754055,-14.8297517816315,49.3572,-120.07700000000001,HEDLEY,1.157768421078838,0.14851179718971252
746,447,0.15,4.074800059239958,-14.502483686793461,49.4631,-119.602,PENTICTON A,0.9151045595193107,0.13748310506343842
747,384,0.818,4.110152086638713,-17.269400328837698,48.6469,-123.626,SHAWNIGAN LAKE,1.3988024391852134,0.49048498272895813
747,1295,0.449,4.097032741271308,23.04520507377626,46.4667,-62.4667,MONTICELLO,0.8661923731443272,0.43477120995521545
748,1300,0.589,4.153673757113379,23.247299074645955,46.4333,-62.1667,EAST BALTIC,1.1362746275768567,0.43477120995521545
749,405,0.804,4.198174141908334,-16.35606704872496,49.0253,-122.36,ABBOTSFORD A,0.897299776925788,0.7515316605567932
749,422,0.7290000000000001,4.1991101393692425,-15.578263258483593,49.2667,-121.23299999999999,HOPE SLIDE,1.3790804247558348,0.44337043166160583
749,482,0.297,4.196953729114685,-12.965453311805444,49.9958,-117.37,NEW DENVER,1.2412177975972818,0.20069532096385956
750,434,0.168,4.250712703917452,-15.069322822765542,49.4678,-120.51299999999999,PRINCETON A,0.771846043069773,0.1825607419013977
751,415,0.795,4.282087444883862,-15.91382619343588,49.2431,-121.76,AGASSIZ CDA,1.0343321402239456,0.6446676850318909
751,1323,0.722,4.273588051025234,24.277623200008552,46.1,-60.75,BADDECK,1.3323128815868062,0.4545270800590515
752,706,0.17800000000000002,4.329181842759334,-3.0410843278094837,51.7333,-101.9,PELLY 2,1.760329348523147,0.08481152355670929
752,1313,0.662,4.307962092008874,23.836527778183594,46.321999999999996,-61.30098,MARGAREE FORKS composite,1.2846270412591396,0.432224839925766
753,419,1.023,4.348558395632354,-15.712158813189633,49.3683,-121.49799999999999,HOPE A,1.6227436984639092,0.5287550091743469
753,1098,0.308,4.371155389527281,14.306667475765332,49.802625,-74.5576,CACHE LAKE composite,0.9587077186179755,0.2694593667984009
753,1192,0.34700000000000003,4.345598033008107,18.495415831965524,48.45,-68.5167,RIMOUSKI,0.8509021592147661,0.34204137325286865
753,1223,0.231,4.377253566453017,19.848600589722924,47.989175,-66.612725,CAMPBELLTON composite,0.5453499528765196,0.3552756905555725
754,385,0.794,4.407282646003369,-17.245770999404836,48.935,-123.742,CHEMAINUS,1.3663149342530412,0.48741453886032104
754,402,0.938,4.414650227614725,-16.48604181669755,49.18924706,-122.6529608,PITT MEADOWS A composite,1.1922275265231075,0.6598914265632629
754,1207,0.35600000000000004,4.415906609261064,19.14630208065784,48.2833,-67.5667,LAC HUMQUI,0.8404502736868764,0.3552767336368561
755,674,0.081,4.473443711760957,-4.46219952097385,51.7667,-104.2,WYNYARD,0.9533726612660696,0.07126086950302124
755,1227,0.379,4.442055448008857,20.024656104182274,47.9833,-66.3333,CHARLO A,0.885824359767444,0.3588561415672302
756,453,0.132,4.506705494696642,-14.223333606531087,49.9561,-119.37799999999999,KELOWNA A,0.7533014061807781,0.14697177708148956
757,384,0.621,4.547856150701866,-17.285246670498605,49.0544,-123.87,NANAIMO A,0.886206478669647,0.5877403020858765
757,395,0.583,4.531847882450481,-16.812356613135417,49.195,-123.182,VANCOUVER INT'L A,0.7805456883128883,0.6264681816101074
757,1195,0.29,4.5562730774171545,18.628454874362962,48.6,-68.2167,MONT-JOLI A,0.7040580908150206,0.34547632932662964
757,1247,0.424,4.553130535964961,20.90147083831138,47.75,-65.0667,BERTRAND,0.7774409225455482,0.45743274688720703
757,1332,0.7070000000000001,4.547908489350023,24.68599969266512,46.1667,-60.0481,SYDNEY A,1.22116854703172,0.48559319972991943
758,453,0.136,4.590826836110048,-14.224088312309972,50.0366,-119.416,WINFIELD,0.7815093735053505,0.14595988392829895
759,603,0.046,4.610409614867476,-7.570753106418941,51.5167,-109.18299999999999,KINDERSLEY A,0.5910364625466462,0.06527882814407349
759,1249,0.507,4.651853828796736,21.005823736238465,47.8,-64.8667,BAS CARAQUET,0.9260317085843699,0.45920953154563904
759,1251,0.534,4.632375784571248,21.087559840485376,47.75,-64.7667,HAUT SHIPPAGAN,0.9753470066746618,0.45920953154563904
761,1235,0.337,4.715470111362363,20.38318679106956,48.1,-65.6833,CAPLAN,0.7124401342188923,0.3967439532279968
761,1315,0.5489999999999999,4.70829070687878,23.912394653903753,46.65,-60.95,CHETICAMP,1.1374858203636684,0.40481364727020264
762,534,0.217,4.778503714622416,-10.625797002736029,51.1139,-114.02,CALGARY INT'L A,2.4158324062220244,0.07533932477235794
763,391,0.665,4.788781407389454,-16.97143584939462,49.3856,-123.541,GIBSONS GOWER POINT,0.6518067054692092,0.8557198643684387
764,457,0.166,4.859998740791233,-14.047864832441528,50.3443,-119.271,VERNON NORTH,0.8575074760373941,0.16236744821071625
764,520,0.46799999999999997,4.8363904848695105,-11.26905824222256,51.0275,-115.035,KANANASKIS,4.748587700758617,0.08266281336545944
764,1005,0.23399999999999999,4.838614639714897,10.181446848171866,51.2667,-80.65,MOOSONEE UA,1.0445405235082368,0.18789678812026978
764,1323,1.178,4.873758057634859,24.25294202573579,46.65,-60.4,INGONISH BEACH,2.3787034870525705,0.4153687059879303
766,386,0.34600000000000003,4.946532338915584,-17.173074384200916,49.4675,-123.913,MERRY ISLAND LIGHTSTATION,0.3425501408449594,0.8471898436546326
767,358,0.6990000000000001,5.0044347021713405,-18.449748667971477,49.0822,-125.773,TOFINO A,1.047926521144967,0.5594678521156311
768,376,0.695,5.032427849855934,-17.630534663570668,49.3938,-124.617,QUALICUM R FISH RESEARCH,0.961300328441135,0.6063934564590454
768,640,0.087,5.039762809078846,-5.965341609252919,52.1667,-106.71700000000001,SASKATOON DIEFENBAKER INT'L A,1.090083609000282,0.06694038957357407
769,457,0.183,5.066941291229419,-14.03967533064155,50.5452,-119.35,SILVER CREEK,0.8380195336204666,0.18315793573856354
769,513,0.168,5.0655475865321336,-11.558827532360517,51.1833,-115.56700000000001,BANFF,0.864002683797455,0.1630883663892746
769,901,0.158,5.061316046013959,5.590602250568889,52.2333,-87.8833,LANSDOWNE HOUSE,0.7872790652462579,0.16832831501960754
769,1191,0.622,5.058478584630331,18.448044213540186,49.1333,-68.2,BAIE-COMEAU A,1.412883717339352,0.36924341320991516
769,1208,0.252,5.083231709000099,19.203872504046767,48.8833,-67.1167,ST JEAN DE CHERBOURG,0.625062921653287,0.33814704418182373
770,1295,0.455,5.100925893032472,23.02929875054479,47.3833,-61.8667,GRINDSTONE ISLAND,0.9173021443098407,0.416032999753952
771,377,0.855,5.152302859502165,-17.588380624383266,49.52080435,-124.6196087,CAPE LAZO composite,1.1477940710190822,0.6247854828834534
772,398,1.1540000000000001,5.2151149274009825,-16.64324273203796,49.8958,-123.281,SQUAMISH UPPER,1.1373087746193575,0.8510522246360779
772,424,0.408,5.1885658794574345,-15.497821704493647,50.2333,-121.583,LYTTON,1.723327538047138,0.19857342541217804
773,476,0.331,5.253797842772089,-13.203936242889501,50.9533,-118.166,REVELSTOKE AIRPORT RD,0.9986806009924688,0.2779906392097473
776,375,0.67,5.398827057118161,-17.69177543345937,49.7167,-124.9,COMOX A,0.8772508460602788,0.6405894756317139
776,405,0.778,5.367198301998756,-16.368037148016132,50.1289,-122.955,WHISTLER,1.2782999216495816,0.5104763507843018
776,494,0.151,5.394415140675882,-12.39295400636217,51.2992,-116.98200000000001,GOLDEN A,1.0753760120372418,0.1177729070186615
776,574,0.122,5.391313639347458,-8.863542897471344,52.0667,-111.45,CORONATION A,1.48635255692127,0.06884410977363586
777,443,0.138,5.416834683190573,-14.660457567490104,50.7022,-120.44200000000001,KAMLOOPS A,0.7853788885086448,0.1473766416311264
778,349,0.55,5.466629246781768,-18.811593513119927,49.3833,-126.54299999999999,ESTEVAN POINT,0.9190814533401248,0.5019234418869019
778,487,0.48200000000000004,5.482574779413113,-12.71709709241998,51.3017,-117.51700000000001,GLACIER NP ROGERS PASS,2.6174202885191704,0.15445514023303986
782,1246,0.542,5.651301920249028,20.85593090429929,48.7769,-64.4781,GASPE A,1.0826333537491308,0.4199007749557495
783,371,0.701,5.703163327113734,-17.835905794927697,49.9519,-125.273,CAMPBELL RIVER A,0.9667371017211168,0.608188807964325
785,541,0.063,5.801064729915265,-10.317618290854872,52.1786,-113.89299999999999,RED DEER A,0.7584680374694884,0.06966779381036758
785,620,0.083,5.765774172302074,-6.816518407766225,52.7719,-108.256,NORTH BATTLEFORD A,1.213913362642796,0.05734812095761299
785,1249,0.611,5.79153324323768,20.99524749910319,48.85,-64.2,CAP DES ROSIERS,1.2136085857968484,0.42227110266685486
788,451,0.138,5.932724915674236,-14.330120957742263,51.2918,-120.18299999999999,DARFIELD,0.540079735785922,0.21431373059749603
790,657,0.158,6.007061876745139,-5.205649220236125,53.2167,-105.667,PRINCE ALBERT A,1.8751501003017848,0.0706724002957344
790,680,0.111,6.022339598671445,-4.196613718484254,53.3333,-104.0,NIPAWIN A,1.1404809284957846,0.08163262158632278
792,372,0.696,6.099084371860609,-17.80527022983485,50.3332,-125.446,CHATHAM POINT,0.8402408778919899,0.6947590708732605
792,1330,0.6829999999999999,6.07942366355763,24.598257854640586,47.5739,-59.1547,PORT AUX BASQUES,1.1507105338789638,0.49783268570899963
794,1327,1.117,6.194931185731555,24.47214019417098,47.733779999999996,-59.242580000000004,ST ANDREWS composite,1.861553829090373,0.5032761693000793
798,806,0.111,6.37108696084185,1.3946292957132782,53.85,-94.65,ISLAND LAKE A,0.6398030276968513,0.14551423490047455
800,598,0.14300000000000002,6.467027949933973,-7.816700497910845,53.3092,-110.072,LLOYDMINSTER A,1.9891028070326846,0.060298651456832886
800,763,0.107,6.452753004204012,-0.5033945328851623,53.95,-97.85,NORWAY HOUSE A,0.6989118497628489,0.12840743362903595
801,439,0.099,6.4965383453506425,-14.83152150856505,51.6814,-121.21700000000001,100 MILE HOUSE 6NE,0.5039267427239051,0.1647769957780838
802,720,0.17,6.530706804739108,-2.4262533068727663,53.9667,-101.1,THE PAS A,1.4873318067969072,0.09586715698242188
802,870,0.14400000000000002,6.527474346337769,4.229992367547862,53.8333,-89.8667,BIG TROUT LAKE,0.8520454466677582,0.14175178110599518
802,1209,0.6,6.526088218670024,19.216683889338345,50.2167,-66.2667,SEPT-ILES A,1.149723972402004,0.4377099871635437
803,468,0.303,6.576161870116752,-13.555416375438215,52.129,-119.29,BLUE RIVER A,1.2579176738250093,0.20203155279159546
803,1351,0.8220000000000001,6.597500707225498,25.503301629128412,47.6167,-57.6167,BURGEO,1.1707283427873614,0.5889039635658264
805,354,0.5870000000000001,6.6747472272446595,-18.602265614133806,50.5833,-126.93299999999999,ALERT BAY,0.8672831876004468,0.5676831007003784
806,1389,0.606,6.714805284597526,27.17979422671576,46.9167,-55.3833,ST LAWRENCE,0.9621073028402051,0.528296709060669
809,349,0.618,6.867169200978581,-18.822471420345344,50.6803,-127.366,PORT HARDY A,0.9344526821375034,0.5547022819519043
809,572,0.076,6.849001617251035,-8.94303792876865,53.4833,-112.03299999999999,VEGREVILLE CDA,1.0569997934135376,0.06030696630477905
810,551,0.096,6.872797573742963,-9.888532509729613,53.3167,-113.583,EDMONTON INT'L A,1.2185032282568928,0.0660805031657219
812,559,0.124,6.98369096721194,-9.527016403047012,53.5,-113.03299999999999,UNCAS,1.6364012148720288,0.06355660408735275
814,437,0.083,7.063303973997932,-14.953217742857733,52.1836,-121.686,SPOKIN LAKE 4E,0.3571422617668615,0.19492414593696594
815,432,0.159,7.133331673139345,-15.169367061339733,52.1831,-122.054,WILLIAMS LAKE A,0.82527405716045,0.1615949273109436
815,489,0.175,7.097323706908893,-12.626067082342265,52.8833,-118.06700000000001,JASPER,1.6721707931242054,0.08777810633182526
815,553,0.078,7.1153958025878365,-9.795709266970313,53.5733,-113.51799999999999,EDMONTON CITY CENTRE A,1.0151229033251907,0.0644473060965538
815,1328,0.49200000000000005,7.117358910371174,24.517097913492673,48.5333,-58.55,STEPHENVILLE A,0.8643271543862365,0.4774366319179535
816,545,0.07400000000000001,7.165517526809998,-10.146227458310676,53.5475,-114.10799999999999,EDMONTON STONY PLAIN,0.9370137572651512,0.0662391185760498
816,622,0.065,7.135252540529704,-6.770535142688353,54.1333,-108.51700000000001,MEADOW LAKE A,0.8015415092981931,0.06801678985357285
817,336,0.48700000000000004,7.217536626163485,-19.408809155479275,50.7822,-128.42700000000002,CAPE SCOTT,0.8317349189803801,0.49110326170921326
817,554,0.10300000000000001,7.20031278290669,-9.74605025536421,53.6667,-113.46700000000001,EDMONTON NAMAO A,1.34973012902424,0.0640057623386383
818,343,0.599,7.225774117220209,-19.07644773785695,50.9167,-127.95,BULL HARBOUR,0.8183879802202441,0.6138982176780701
818,1417,0.583,7.251016002521476,28.45011299373771,46.74611667,-53.39608333,CAPE RACE (AUT) composite,0.9869787810586004,0.49543824791908264
820,1390,0.6759999999999999,7.3432719055429,27.244436784751777,47.4306,-54.8428,BOAT HARBOUR,1.076781210884401,0.5265601873397827
821,1331,0.7170000000000001,7.362144133067964,24.62615250390588,48.7,-58.2333,GALLANTS,1.3164949714436198,0.4568027853965759
824,514,0.08900000000000001,7.52710801321648,-11.51139931173636,53.5833,-116.46700000000001,EDSON A,1.244328135192519,0.059990692883729935
825,1032,0.141,7.55110484508539,11.40209725081259,53.6333,-77.7,LA GRANDE RIVIERE A,0.5436591824123304,0.2175310105085373
825,1399,0.57,7.574171644166242,27.635093055999413,47.43571429,-54.1762,ARGENTIA A composite,0.9353443718112792,0.5111308693885803
826,599,0.11,7.579601901793152,-7.751283756222322,54.4167,-110.28299999999999,COLD LAKE A,1.4396032805548027,0.06408828496932983
826,1410,0.703,7.601455119667214,28.116150540572814,47.2167,-53.55,COLINET,1.2199981739478067,0.4833090603351593
827,1268,0.456,7.646599951001509,21.855483859627054,50.1833,-61.8167,NATASHQUAN A,0.7399337031594307,0.516893208026886
828,1332,0.431,7.670314249600299,24.67471781601549,48.95,-57.95,CORNER BROOK,0.8482792975189429,0.42615461349487305
829,1419,0.645,7.717138353829867,28.539548624607665,47.1,-52.9333,CAPE BROYLE,1.1040588759960641,0.4900002181529999
830,1407,0.648,7.758143300668337,27.987996394216502,47.4163,-53.59278125,HARBOUR GRACE composite,1.1835090867367843,0.45923206210136414
833,667,0.086,7.903160812653753,-4.758247218746956,55.15,-105.26700000000001,LA RONGE A,0.8388548826848914,0.08598850667476654
833,1348,0.618,7.890790861218801,25.37151188867836,48.8167,-56.8667,BUCHANS,1.4376072717454567,0.3605595529079437
834,526,0.067,7.97302083337573,-10.980979499107141,54.1439,-115.787,WHITECOURT A,0.8616290459834062,0.06522037088871002
834,528,0.10300000000000001,7.945925692469452,-10.914612003503843,54.1333,-115.667,WHITECOURT,1.350457177883043,0.06397130340337753
835,432,0.228,8.020634284705773,-15.164130981795742,53.0261,-122.51,QUESNEL A,0.999700331358771,0.19129067659378052
837,1336,0.317,8.075391192008935,24.868387906174352,49.2167,-57.4,DEER LAKE A,0.6991956889693126,0.38026759028434753
837,1418,0.639,8.106864939483001,28.474338160291843,47.4667,-52.7167,PETTY HARBOUR,1.1027737737448218,0.48600777983665466
838,1416,0.7020000000000001,8.126197355843289,28.409254978313303,47.5167,-52.7833,ST JOHN'S WEST CDA,1.225944774003993,0.4802805483341217
839,1327,0.461,8.166239327159682,24.433605951924587,49.5,-57.9167,WOODY POINT,0.9704109158837059,0.39845019578933716
839,1335,0.544,8.163405045656338,24.820435529383964,49.3167,-57.4,CORMACK,1.200264131660858,0.3801463842391968
840,1416,0.784,8.230534649080468,28.377457088340115,47.6222,-52.7428,ST JOHN'S A,1.365610069427487,0.4815242290496826
842,763,0.08199999999999999,8.306018505604065,-0.4898819825218631,55.8033,-97.8625,THOMPSON A,0.5935848175510554,0.11586702615022659
842,1124,0.165,8.299960359573916,15.44560701182247,53.2,-70.9,NITCHEQUON,0.6109281325630601,0.2265283763408661
845,1392,0.521,8.455403278865548,27.32675373010038,48.35,-53.9017,LETHBRIDGE,1.1220477414990417,0.38945311307907104
848,1324,0.446,8.568414912870594,24.31154833282076,49.9117,-57.7889,COW HEAD,1.0143545422361349,0.3687855303287506
849,1366,0.42700000000000005,8.611102176608682,26.155877500630655,49.0667,-55.3,RATTLING BRK NORRIS ARM,1.1428555308949837,0.31337571144104004
850,345,0.774,8.650836671452103,-18.9954872190085,52.2617,-128.719,MCINNES ISLAND,0.8390690309797278,0.7736990451812744
850,1378,0.262,8.683901913262767,26.702849450200837,48.85947143,-54.5312,GLENWOOD composite,0.6569714818876624,0.3344903290271759
851,1337,0.457,8.71890176481015,24.90090147023769,49.7667,-56.8833,SOPS ARM WHITE BAY,1.1683647731761906,0.3280700147151947
852,1350,0.41,8.736699349311783,25.49020065588056,49.5,-56.0833,SPRINGDALE,1.1729000905081737,0.29319167137145996
852,1376,0.35,8.743890975982405,26.6323194328237,48.9464,-54.5769,GANDER INT'L A,0.9146501684334494,0.32095327973365784
855,436,0.184,8.871679997996239,-14.978951097074027,53.8908,-122.679,PRINCE GEORGE A,0.8031206758044654,0.19216124713420868
855,804,0.109,8.876406118523924,1.2834890209619778,56.3575,-94.7106,GILLAM A,0.7345976383203128,0.1244531124830246
855,1177,0.184,8.894474268549919,17.832949980002578,52.9272,-66.8742,WABUSH LAKE A,0.6363728892709438,0.24251295626163483
856,313,0.478,8.9221102400567,-20.436114299632873,51.9333,-131.017,CAPE ST JAMES,0.6250349457748331,0.6414346098899841
856,1323,0.34,8.917592883317909,24.275196665536356,50.2364,-57.5811,DANIELS HARBOUR,0.8435041982122302,0.3380807638168335
856,1369,0.447,8.920267481638986,26.294066602940795,49.2667,-54.8833,COMFORT COVE,1.2385082553164228,0.3027174174785614
858,1398,0.529,8.995449237262823,27.614971456792322,48.6672,-53.1142,BONAVISTA,1.129027414793534,0.3929886221885681
861,1022,0.158,9.143254450485722,10.963379553343792,55.2833,-77.75,KUUJJUARAPIK A,0.7175665061598051,0.18468163907527924
863,1370,0.39799999999999996,9.227860750135529,26.33760073397983,49.51111667,-54.5889,TWILLINGATE composite,1.0949199941742873,0.30488038063049316
867,493,0.09699999999999999,9.437642625030247,-12.46008114715757,55.1797,-118.885,GRANDE PRAIRIE A,1.170654689826988,0.06949790567159653
870,487,0.055,9.539950230363896,-12.7402776438216,55.2,-119.4,BEAVERLODGE CDA,0.7451383669517175,0.061909109354019165
871,340,0.9940000000000001,9.606712845887811,-19.221120663833677,53.05,-129.683,ETHELDA BAY,1.1626317798004204,0.7170888781547546
877,597,0.08,9.871182472145804,-7.876901137946268,56.65,-111.21700000000001,FORT MCMURRAY A,0.8795893943496623,0.07628493756055832
877,1323,0.358,9.858365396681622,24.266777866488194,51.0667,-56.8833,PLUM POINT,0.8879420765416464,0.3381638526916504
883,1207,0.23,10.11636629865344,19.13577139970266,53.55,-64.1,CHURCHILL FALLS A,0.9085923496933411,0.21231836080551147
883,1315,0.242,10.104162651119204,23.912489411212096,51.45,-57.1833,LOURDES DE BLANC SABLON A,0.5823958334520315,0.3485185503959656
885,505,0.11800000000000001,10.212029191845676,-11.935249413927469,56.0667,-118.383,FAIRVIEW,1.4129868814906814,0.07004427909851074
885,517,0.07,10.226946829363605,-11.381198804475845,56.2269,-117.447,PEACE RIVER A,0.8120886237009783,0.07229752093553543
887,315,0.498,10.323304131822256,-20.314453931732185,53.2539,-131.813,SANDSPIT A,1.2940461827423395,0.3227812945842743
892,1336,0.498,10.513143541501316,24.830079614182484,51.3667,-55.6,ST ANTHONY,1.5618145438675746,0.26744142174720764
895,367,0.986,10.64544044520589,-18.038806278710556,54.4664,-128.577,TERRACE A,2.4059919927763125,0.343725323677063
895,387,0.24100000000000002,10.665533425795687,-17.140960439352252,54.8247,-127.18299999999999,SMITHERS A,1.0299434246230017,0.19626030325889587
895,1162,0.22399999999999998,10.642722973708436,17.15060312140212,54.8,-66.8167,SCHEFFERVILLE A,0.8367133042354123,0.22454331815242767
897,477,0.09,10.753806257076697,-13.163717285063106,56.2381,-120.74,FORT ST JOHN A,1.2192871731516537,0.06191064044833183
899,1255,0.16899999999999998,10.842940456164209,21.25454186850438,53.3167,-60.4167,GOOSE A,0.6148431487215987,0.23054258525371552
901,342,0.8270000000000001,10.925168419012316,-19.12359427311639,54.2925,-130.445,PRINCE RUPERT A,1.1191876853059577,0.6197711825370789
904,425,0.122,11.047399217578207,-15.445471313000713,55.7855,-124.70100000000001,GERMANSEN LANDING,0.8002975939296594,0.12786071002483368
908,342,0.772,11.239871559683275,-19.14849221056054,54.5686,-130.708,GREEN ISLAND,1.1294207164724739,0.5733110904693604
909,810,0.163,11.268490682622877,1.5517817622508403,58.7392,-94.0664,CHURCHILL A,1.4781491124518744,0.09249071776866913
909,1325,0.46,11.27986689754487,24.383441139208454,52.25,-55.6,BATTLE HARBOUR LOR,1.7054971489938842,0.22622241079807281
913,368,0.89,11.456778063183705,-17.971764008077084,55.2375,-129.03,NASS CAMP,2.065711557219145,0.36136752367019653
915,310,0.556,11.545163694436308,-20.54536787529786,54.2552,-133.058,LANGARA,1.6518294496497017,0.2823178768157959
928,1292,0.335,12.126358983270919,22.883799444538962,53.7083,-57.035,CARTWRIGHT,1.5765957303989435,0.17821869254112244
929,1000,0.142,12.184706889709847,9.988977488368288,58.4667,-78.0833,INUKJUAK UA,0.6187334940780406,0.19249236583709717
932,364,0.642,12.314069788778712,-18.18701005126701,55.9361,-129.985,STEWART A,1.22431975701146,0.43981391191482544
937,535,0.084,12.498830656358052,-10.594224739549533,58.6214,-117.165,HIGH LEVEL A,1.1390269581013486,0.06185489520430565
943,1235,0.191,12.800428563828865,20.37992732710111,55.45,-60.2167,HOPEDALE (AUT),1.0099398859461441,0.15862317383289337
954,602,0.079,13.254432412961972,-7.616430689969889,60.0203,-111.962,FORT SMITH A,0.5820086668147036,0.11384826898574829
957,1115,0.063,13.3816017084914,15.062915391847254,58.1,-68.4167,KUUJJUAQ A,0.34601399898053153,0.152712881565094
957,1207,0.35,13.419876797675242,19.12294867359371,56.55,-61.6833,NAIN A,2.0641447542764286,0.1422186940908432
960,474,0.04,13.53351926237463,-13.294599528109782,58.8364,-122.59700000000001,FORT NELSON A,0.7539642632440794,0.04449774697422981
981,564,0.111,14.468960203336742,-9.324605930233329,60.8397,-115.78299999999999,HAY RIVER A,1.4188199826192902,0.06561822444200516
1002,827,0.13699999999999998,15.389341884371548,2.3116704332428544,62.8167,-92.1167,RANKIN INLET A,1.1685568216944007,0.09833305329084396
1013,587,0.073,15.8941364226464,-8.283411299371597,62.4628,-114.44,YELLOWKNIFE A,0.5222768184671953,0.1172332763671875
1015,841,0.307,15.951712281201985,2.928277120662789,63.3333,-90.7167,CHESTERFIELD,2.618910706086173,0.09832104295492172
1018,511,0.05,16.085824204153216,-11.662896594650553,61.7603,-121.23700000000001,FORT SIMPSON A,0.7422687073371759,0.05649859458208084
1034,784,0.18100000000000002,16.80137872475479,0.41775555963923183,64.2989,-96.0778,BAKER LAKE A,1.546786063723056,0.09814701974391937
1043,914,0.145,17.235601653792568,6.170803303022934,64.1933,-83.3594,CORAL HARBOUR A,1.5326477387851007,0.07935137301683426
1072,643,0.27399999999999997,18.483281173616597,-5.8054537397209645,65.4833,-110.367,CONTWOYTO LAKE,3.178694485913411,0.07229871302843094
1112,485,0.039,20.25328633221057,-12.797273633836445,65.2825,-126.8,NORMAN WELLS A,0.9822320983145264,0.03330268710851669
1146,704,0.1,21.771353847100382,-3.1159972251081784,69.1081,-105.13799999999999,CAMBRIDGE BAY A,1.4449529070411058,0.0580463744699955
1149,912,0.081,21.893848234284437,6.082122147370087,68.7758,-81.2425,HALL BEACH A,1.1760447795976465,0.05776834860444069
1215,1003,0.064,24.854671892755793,10.111462339176834,70.4861,-68.5167,CLYDE A,0.9819993476254906,0.0546635165810585
1269,788,0.081,27.224762925109236,0.6018099385145664,74.7169,-94.9694,RESOLUTE CARS,0.6027388341851482,0.11271575838327408
