ilocy,ilocx,SL50 (kPa),rlat,rlon,lat,lon,station_name,ratio,model_vals
558,1009,1.0,-4.286848910227873,10.373390404111557,42.2756,-82.9556,WINDSOR A,1.1788737795661344,0.614798903465271
559,1009,1.2,-4.227125340313413,10.379271031382924,42.3333,-82.9333,WINDSOR RIVERSIDE,1.3969296848727104,0.6225970983505249
576,1017,1.5,-3.4945859613826147,10.7134921602455,42.9922,-82.3047,SARNIA AIRPORT,1.4708930857376783,0.7391124963760376
577,1048,1.4,-3.434479081735439,12.106219211616422,42.774390000000004,-80.42905999999999,HAGERSVILLE 2 composite,1.211404715793586,0.837604820728302
579,1046,1.5,-3.3628448895127754,11.999925006386508,42.8667,-80.55,DELHI CDA,1.3632864390121913,0.7974519729614258
579,1050,1.6,-3.335374154899144,12.206799132067156,42.85,-80.2667,SIMCOE,1.395547824189539,0.830951452255249
580,1035,1.7,-3.290371679059054,11.534368202439223,43.0331,-81.1511,LONDON INT'L AIRPORT,1.4713537120686364,0.8373985886573792
580,1037,1.5,-3.3033197995587598,11.625518178228763,43.001999999999995,-81.0328,DORCHESTER,1.3048093558278648,0.8331910371780396
580,1051,1.3,-3.2976268496041468,12.223659162002475,42.8833,-80.2333,WATERFORD,1.0985339937963379,0.8576897978782654
587,1054,1.8,-2.9689855230488806,12.37546741076384,43.1717,-79.9342,HAMILTON A,1.5451956650247074,0.8442856669425964
590,1054,1.4,-2.851997203751697,12.387474338992014,43.2833,-79.8833,HAMILTON RBG,1.1631259739581399,0.8723719120025635
591,1066,1.0,-2.817509219258394,12.915619247015943,43.2,-79.1667,ST CATHARINES A,0.8824503835761788,0.8213156461715698
592,1046,1.7,-2.767016061611644,11.996249233882299,43.45,-80.3833,WATERLOO WELLINGTON A,1.2276180941315777,1.003658652305603
594,1044,2.2,-2.666314502571736,11.94129167027309,43.56001071,-80.42801786,GUELPH OAC composite,1.5130378841210481,1.0538365840911865
598,1059,1.8,-2.4868552600065392,12.60189887608841,43.59246944,-79.48505417,TORONTO NEW INT'L A composite,1.4721652760352217,0.8861685395240784
599,1061,1.1,-2.4371144169958994,12.657472533066505,43.6286,-79.395,TORONTO ISLAND A,0.9172706926298474,0.8691516518592834
600,1057,1.4,-2.4275243009702034,12.480315141272046,43.6772,-79.6306,TORONTO LESTER B. PEARSON INT'L A,1.126820287603735,0.9004793763160706
600,1060,1.3,-2.4007826199030635,12.645432657636889,43.6667,-79.4,TORONTO,1.0800503438720601,0.8723680377006531
602,1053,1.5,-2.327916851748337,12.32637283896129,43.8081,-79.8081,SANDHILL,1.0737524478901321,1.0124824047088623
603,1037,2.3,-2.300804570575231,11.625346633334846,43.9833,-80.75,MOUNT FOREST,1.3420139702311795,1.242141842842102
603,1059,1.6,-2.3012399580428746,12.57237144415825,43.78,-79.4678,TORONTO NORTH YORK,1.293493850365071,0.8965117931365967
605,1058,1.8,-2.2032653790882666,12.564815949223863,43.8772,-79.4478,RICHMOND HILL,1.3760148016459604,0.9480904936790466
605,1060,1.5,-2.2053809803339703,12.62287891217746,43.8622,-79.37,TORONTO BUTTONVILLE A,1.2011473670109167,0.905097484588623
608,1038,2.6,-2.068590235243496,11.658569176059126,44.2036,-80.6378,PRICEVILLE,1.4518852112434066,1.297900676727295
609,1050,1.7,-2.0028898354841,12.2065379573681,44.1514,-79.8722,ALLISTON NELSON,1.0804218449147795,1.1403967142105103
611,1027,3.1,-1.9374790458624405,11.156459894997607,44.43423333,-81.2871,WALKERTON composite,1.8272623302016722,1.2295924425125122
611,1053,1.5,-1.9211289341184725,12.318754222071837,44.2067,-79.6947,COOKSTOWN,0.9898245735385446,1.0983314514160156
616,1053,3.0,-1.7233069520001558,12.319592020167152,44.3995,-79.6328,SHANTY BAY,1.8329122718053537,1.1862602233886719
616,1086,1.2,-1.7037724583668714,13.763648867181702,44.0833,-77.6667,SMITHFIELD CDA,0.7655728477093506,1.136043906211853
617,1071,2.8,-1.6437599584267275,13.111996013499192,44.29722,-78.52882667,HALIBURTON A composite,1.652605645623103,1.2279740571975708
617,1074,2.3,-1.6786484471005159,13.239909508912735,44.2333,-78.3667,PETERBOROUGH A,1.3764808094541083,1.2110388278961182
617,1087,1.4,-1.647919910661428,13.848380542642577,44.1167,-77.5333,TRENTON A,0.8688639423459731,1.167822003364563
618,1028,3.3,-1.6065279350677362,11.219407227076683,44.7458,-81.1072,WIARTON A,1.5633594637616235,1.5298733711242676
619,1089,1.8,-1.5905322191931184,13.936456970299941,44.1506,-77.3947,BELLEVILLE,1.059452474769582,1.2313780784606934
623,1084,2.9,-1.39563263390509,13.715114449914411,44.39395238,-77.62724286,STIRLING composite,1.548137203192231,1.3576534986495972
623,1102,2.0,-1.3803565049833204,14.473210899310928,44.2186,-76.5967,KINGSTON A,1.1400904628464243,1.2714259624481201
627,1099,2.3,-1.1950455367128394,14.354715693013972,44.4281,-76.6903,HARTINGTON IHD,1.1998555212364472,1.389310359954834
629,1055,3.4,-1.1177117079756498,12.424309244301325,44.9667,-79.3,MUSKOKA A,1.4116944891358136,1.7455753087997437
633,1067,2.4,-0.929498972966488,12.938661086656456,45.0322,-78.5311,HALIBURTON 3,0.9609911149158402,1.8100570440292358
637,1052,3.3,-0.7779930357615851,12.262381226920443,45.33400909,-79.41611818,BURKS FALLS composite,1.1983109525149687,1.9959276914596558
637,1111,2.0,-0.7598144491788071,14.912663873584123,44.7023375,-75.7747875,SOUTH MOUNTAIN composite,1.0536168750696016,1.3757758140563965
639,1000,3.3,-0.6883970505338951,9.992710779507949,45.8833,-82.5667,GORE BAY A,1.4661255865200964,1.6313350200653076
640,1059,3.5,-0.6480473584073168,12.604555155685231,45.3833,-78.9,DWIGHT,1.2869240095994334,1.9711312055587769
642,1043,3.0,-0.5742533922365206,11.880619147076752,45.6167,-79.8833,DUNCHURCH,1.074829515062549,2.022935628890991
647,968,3.7,-0.3282026503152139,8.56463998274487,46.4833,-84.5094,SAULT STE MARIE A,1.516763683351712,1.7680078744888306
651,1109,3.1,-0.14229068458931268,14.818651720335906,45.3225,-75.6692,OTTAWA MACDONALD-CARTIER INT'L A,1.5380626986976118,1.4607908725738525
652,1108,2.1,-0.0926557441963778,14.770203286375427,45.3833,-75.7167,OTTAWA CDA,1.0264837691126383,1.4827488660812378
652,1134,1.9,-0.11059958944123897,15.91164378309388,45.05,-74.1667,HUNTINGDON,0.8873711356960778,1.5518462657928467
653,1111,3.2,-0.08342891017602053,14.878650645037006,45.36306667,-75.56446667,OTTAWA ROCKCLIFFE A composite,1.5910876725053766,1.4576600790023804
653,1131,3.4,-0.06763698819223248,15.76386408140092,45.1333,-74.35,ST ANICET,1.6167190052656655,1.5242098569869995
654,1102,1.4,-0.010141822987990141,14.504972791199682,45.5333,-76.05,LUSKVILLE,0.6454199519925435,1.572121262550354
654,1135,1.6,-0.02306995179155099,15.971452536902286,45.1167,-74.05,ORMSTOWN,0.7668509692713078,1.5122005939483643
654,1141,3.1,-0.002819591108613995,16.211153361252567,45.0667,-73.7167,HEMMINGFORD FOUR WINDS,1.4580902569054408,1.5409114360809326
655,1050,2.8,0.0108004267438218,12.200271604969695,46.1167,-79.25,POWASSAN,1.012454642876034,2.0043928623199463
656,1096,2.6,0.06457777123853113,14.206951891737853,45.6833,-76.4333,CHARTERIS,1.1495603050550998,1.639237880706787
656,1146,2.2,0.08212766041682308,16.43136179542141,45.0833,-73.3833,ST BERNARD DE LACOLLE,1.057087956821847,1.508384108543396
657,1110,2.8,0.09932157620079315,14.83803900373631,45.55,-75.55,ANGERS,1.2700915612520145,1.5978035926818848
657,1134,2.1,0.12639370122986404,15.889859305178064,45.2833,-74.1,VALLEYFIELD,1.0330835875388773,1.4732763767242432
657,1141,1.7,0.09970703767826301,16.204535378802806,45.1667,-73.6833,STE CLOTHILDE CDA,0.8297422728732926,1.484930396080017
658,1081,2.9,0.16636607784747412,13.543748046258958,45.95,-77.3167,PETAWAWA A,1.1699159559582277,1.7965682744979858
659,1081,2.1,0.19407473605052883,13.584505642712083,45.9667,-77.25,SHEENBORO,0.8285275937067258,1.8370150327682495
659,1157,2.6,0.2143332821945056,16.907970562019244,45.0667,-72.6833,SUTTON,1.0883655811363213,1.7314060926437378
660,1046,3.3,0.2247059616752298,12.02855117692835,46.3636,-79.4228,NORTH BAY A,1.1676843585257128,2.0482778549194336
660,1148,2.3,0.2478536721012904,16.515278173256952,45.2167,-73.2,SABREVOIS,1.1339658286319256,1.4700369834899902
661,1024,3.3,0.27785930544065024,11.04782465123829,46.6256,-80.7978,SUDBURY A,1.2119037295364485,1.973541259765625
661,1128,2.3,0.2806495088143387,15.648523738310713,45.5,-74.3667,RIGAUD,1.088354129201147,1.531644582748413
662,1146,1.9,0.34872560816845866,16.447024680651992,45.3333,-73.25,IBERVILLE,0.960568871028331,1.4335917234420776
662,1158,2.5,0.35043721364910185,16.950859185149188,45.1833,-72.5667,BROME,0.9928949003411485,1.8248918056488037
663,1118,2.8,0.361483120581601,15.211915468380836,45.7,-74.9333,MONTEBELLO (SEDBERGH),1.122583571354889,1.807755708694458
663,1136,2.3,0.3845159255402604,15.995474941061378,45.5,-73.85,STE GENEVIEVE,1.140409108969214,1.4617313146591187
663,1138,2.3,0.3730154780297401,16.072237754624673,45.4667,-73.75,MONTREAL/PIERRE ELLIOTT TRUDEAU INTL A,1.1692570792502466,1.425667405128479
663,1139,4.1,0.378677196996154,16.15032437560446,45.44933929,-73.64116429,LAVALTRIE CDA composite,2.1110282906972526,1.4076354503631592
663,1163,3.0,0.3750065977850023,17.189960041690064,45.1333,-72.2333,GEORGEVILLE,1.0684589121290224,2.0349972248077393
664,1128,2.3,0.43111426674639375,15.628350571746576,45.65,-74.3333,LACHUTE,1.010082803434475,1.650331735610962
664,1140,3.3,0.43899501354061177,16.174297228821235,45.5,-73.5833,MONTREAL MCGILL,1.7161221180951647,1.3936898708343506
665,1169,2.5,0.4860499102898444,17.47520195436037,45.15,-71.8,COATICOOK,0.8027813733750152,2.2570600509643555
666,1099,2.9,0.5043901353927333,14.364356559816647,46.0667,-76.05,WRIGHT,1.0534005072077486,1.9952846765518188
666,1132,3.0,0.5070676872066261,15.82450983689447,45.6667,-74.0333,MONTREAL/MIRABEL INT'L A,1.329305500907231,1.6356743574142456
666,1134,2.2,0.521333283639665,15.929713258832273,45.65,-73.8833,STE THERESE OUEST,0.9996020294903831,1.5951294898986816
666,1142,2.7,0.4892824791896059,16.280985270212184,45.5167,-73.4167,MONTREAL/ST-HUBERT A,1.3879646179760599,1.4098917245864868
666,1154,2.3,0.5088716677241474,16.78949405383804,45.3833,-72.7167,GRANBY,0.9692489830051593,1.7198591232299805
666,1164,2.1,0.5272872692490097,17.226791433609083,45.2667,-72.1167,MAGOG,0.725710843268664,2.097278356552124
668,1049,2.5,0.6116695306403618,12.166449577432108,46.7097,-79.1011,BARRAGE TEMISCAMINGUE,0.8531669847439086,2.1237645149230957
668,1155,4.2,0.6005135224791582,16.855793371577782,45.45045263,-72.58703684,ST HYACINTHE composite,1.7224993234845645,1.7672200202941895
668,1161,3.3,0.6214263288690471,17.08527176163669,45.4,-72.2667,BONSECOURS,1.1979316767007164,1.9965596199035645
668,1174,3.4,0.6002534616609015,17.66009565819819,45.2,-71.5,ST MALO D AUCKLAND,1.039630569041528,2.370283365249634
669,1146,2.2,0.6436379439510136,16.440798499950514,45.6167,-73.1333,STE MADELEINE,1.0137488428646024,1.5728695392608643
669,1150,2.5,0.6413453724906322,16.600395614683634,45.5667,-72.9167,ST HYACINTHE 2,1.095812720214247,1.6534994840621948
669,1266,2.1,0.6616967255468574,21.753266688790557,43.8308,-66.0886,YARMOUTH A,2.3100125935529987,0.65887850522995
670,1167,2.6,0.6886805319462729,17.390734475406397,45.3689,-71.8236,LENNOXVILLE,0.8568327066556654,2.199265718460083
671,1098,3.2,0.7391769186864998,14.331629182838835,46.3018,-76.0061,MANIWAKI UA,1.1175660019721843,2.075282335281372
671,1141,2.7,0.738457158552364,16.240560473908765,45.7667,-73.3667,VERCHERES,1.2373120222964764,1.581557273864746
671,1267,2.6,0.7390764935272756,21.803607253579266,43.8833,-65.9833,TUSKET,2.842798808863497,0.662868857383728
672,1140,2.6,0.7652575197208127,16.182646599358296,45.8094,-73.4347,L'ASSOMPTION,1.1374416988054261,1.6567027568817139
672,1165,2.1,0.7695743040876517,17.270669708561627,45.4833,-71.95,BROMPTONVILLE,0.7113999869891978,2.139468193054199
672,1169,3.1,0.7807929838028224,17.463999638422727,45.4333,-71.6833,SHERBROOKE A,0.9914639009388438,2.26613187789917
673,1126,4.0,0.8244980392844867,15.547958374592634,46.05,-74.2833,STE AGATHE DES MONTS,1.313018642405792,2.207951307296753
673,1131,3.9,0.816943782864911,15.7555788147033,45.9833,-74.0,ST HIPPOLYTE,1.3691884701440125,2.0644376277923584
674,1147,2.4,0.8463890909946689,16.47479579678509,45.8,-73.0,FLEURY,1.054245417601099,1.649946689605713
674,1178,3.0,0.8834959655618496,17.87385061537259,45.4,-71.0833,NOTRE DAME DES BOIS,0.9087020441448724,2.392765522003174
677,881,3.8,0.9978671020460085,4.707577833482668,48.2833,-89.9167,WHITEFISH LAKE,1.3704443333558909,2.009660005569458
678,1117,3.0,1.0340555599277181,15.137667577989024,46.3667,-74.7667,LA MACAZA,0.9198283532863509,2.3638224601745605
678,1143,2.5,1.0447050148731867,16.327496188013978,46.0333,-73.1167,SOREL,1.0447395916305688,1.7343324422836304
678,1154,2.5,1.0348232563982545,16.79264234742965,45.8833,-72.4833,DRUMMONDVILLE,1.0114983589721986,1.7913284301757812
678,1172,3.2,1.0408049695193322,17.61091405605013,45.6333,-71.3667,LINGWICK,0.9505547296339139,2.4399068355560303
678,1177,3.7,1.0494863716117762,17.79263385317223,45.5833,-71.1167,MILAN,1.087144308094295,2.4666919708251953
679,959,4.4,1.1072814606393633,8.146944438375767,47.9667,-84.7833,WAWA A,1.208973503457723,2.637766122817993
679,1135,3.6,1.1048802078623199,15.95810005194841,46.2,-73.6,STE BEATRIX,1.2213668043742414,2.136273145675659
680,890,3.5,1.1206948848156557,5.08967868562008,48.3694,-89.3272,THUNDER BAY A,1.2157750834216958,2.086484670639038
680,981,3.1,1.1215982693691606,9.121374066660865,47.82,-83.3467,CHAPLEAU A,1.0326677397267803,2.1757123470306396
680,1147,2.1,1.1514404604556916,16.500102870276372,46.0833,-72.8333,PIERREVILLE,0.8242227012577753,1.8466097116470337
680,1254,1.5,1.117162822865409,21.200383894095932,44.46076667,-66.56365,METEGHAN RIVER composite,1.2392943325362589,0.8772374987602234
681,1132,3.6,1.1542596729610621,15.834532095958147,46.2833,-73.75,ST COME,1.1108781679218418,2.348748207092285
683,1178,3.4,1.2606717705989359,17.84366708527203,45.7667,-70.95,ST SEBASTIEN,0.9720444765620075,2.5350887775421143
684,1138,3.5,1.29909797368146,16.07911852243818,46.35,-73.35,ST CHARLES DE MANDEVILLE,1.1724570064358775,2.1635727882385254
684,1150,2.9,1.3081477460879134,16.607760775956216,46.2,-72.6167,NICOLET,1.1666605297028045,1.8015813827514648
684,1182,2.7,1.3054290288877226,18.025092727207987,45.75,-70.6833,ST LUDGER,0.774516211587203,2.526583433151245
685,855,2.9,1.3728805146422267,3.547520198421301,48.75,-91.6167,ATIKOKAN,1.141457136550557,1.841360330581665
686,1105,3.4,1.3913321643034506,14.630169131697288,46.85,-75.3333,STE ANNE DU LAC,1.0983393158637096,2.243586301803589
687,1166,2.9,1.4353865918581943,17.319534723993772,46.1,-71.5833,ST FERDINAND,0.9112868116385799,2.306446075439453
688,1033,5.2,1.464268420428553,11.450362801068342,47.7,-79.85,EARLTON A,1.789706899156361,2.105822801589966
688,1149,2.9,1.4827451771107225,16.55193535398155,46.3833,-72.6167,TROIS RIVIERES AQUEDUC,1.0832949533924603,1.9402230978012085
688,1169,4.7,1.4868129159530434,17.472963414579834,46.1,-71.35,THETFORD MINES,1.3987205827581535,2.4353830814361572
689,1140,3.1,1.5150610464679561,16.15629574000493,46.5333,-73.15,ST ALEXIS DES MONTS,1.0334392859951935,2.1740880012512207
690,1149,4.1,1.5858719669451118,16.564190208663554,46.47778333,-72.55415833,RIVIERE A PIERRE composite,1.4833800403728088,2.003234624862671
691,1182,2.7,1.6268592987363577,18.036246116246513,46.05,-70.5167,ST COME DE LINIERE,0.7543314169244495,2.594191074371338
691,1284,2.5,1.6142468085780268,22.551400289984592,44.4,-64.55,BRIDGEWATER,1.914556641709767,0.9463944435119629
692,949,3.1,1.6822521533276675,7.721167762872969,48.6,-85.2833,WHITE RIVER,0.9085637834839924,2.472900629043579
692,1150,3.8,1.664176253985097,16.626426689197242,46.5333,-72.4333,ST NARCISSE,1.3456332610132506,2.0467145442962646
692,1179,2.4,1.6796607608428853,17.883321299254668,46.15,-70.7,ST GEORGES,0.6703964855454161,2.5946567058563232
692,1246,4.7,1.6654751578683622,20.850317762178534,45.1,-66.7333,PENNFIELD,2.150226525553424,1.584214687347412
693,746,2.1,1.7062631912498636,-1.2453482523306831,49.191,-98.9049,PILOT MOUND (AUT),1.2413932723033996,1.2260559797286987
693,758,2.2,1.6882373082187547,-0.7083728658870007,49.1833,-98.0833,MORDEN CDA,1.2900435499504828,1.236000657081604
693,1156,3.5,1.6981108675439935,16.892890608074847,46.4833,-72.05,FORTIERVILLE,1.228571310536273,2.0647528171539307
694,1153,3.1,1.7540822281724946,16.741931706325044,46.5833,-72.2333,STE ANNE DE LA PERADE,1.0855027380274813,2.0698132514953613
695,1172,4.5,1.7744012915046719,17.594713197903786,46.3333,-71.05,ST SEVERIN,1.3491028181740343,2.4175076484680176
695,1181,2.9,1.788085543520356,17.992307149959434,46.2167,-70.5,ST PROSPER,0.8038366405015742,2.6147525310516357
696,1236,4.7,1.8336806041740799,20.412222624117724,45.4179375,-67.2232875,MAGAGUADAVIC LAKE composite,1.8575814817280472,1.83379328250885
697,686,1.5,1.8662740844535828,-3.895667948011195,49.2167,-102.96700000000001,ESTEVAN A,1.1730730583451037,0.9267585277557373
697,1157,3.6,1.9009426839342536,16.922755381469877,46.6667,-71.9167,DESCHAMBAULT,1.1304461785536917,2.308091402053833
698,1154,4.1,1.912824438817077,16.798519081378075,46.7167,-72.0833,ST ALBAN,1.263541740703591,2.351768970489502
699,756,1.6,1.956539149126066,-0.8130760493526549,49.45,-98.25,MIAMI THIESSEN,0.9364638179912843,1.2383099794387817
699,780,2.2,1.9687963517466125,0.2366741605794048,49.46824211,-96.63602632,SPRUCE TCPL 43 composite,1.1940732651029393,1.3353407382965088
699,1148,3.9,1.9884978888085978,16.545808996887292,46.8667,-72.4,LAC AUX SABLES,1.1286531974794276,2.5044045448303223
699,1180,4.6,1.9845023376234565,17.948131049345225,46.4167,-70.4667,STE GERMAINE,1.2508277183089538,2.6653897762298584
701,1163,5.2,2.054217978278324,17.173129500136174,46.7333,-71.5,ST AUGUSTIN,1.5618709617024094,2.4130070209503174
701,1168,3.8,2.0641528045347988,17.411163562539105,46.6667,-71.1667,BEAUSEJOUR,1.1220294465393699,2.454594373703003
701,1273,2.8,2.0477520185861904,22.08183244528817,44.9833,-64.9167,GREENWOOD A,2.0388879944249925,0.9953253269195557
702,1007,4.3,2.1028662985791216,10.272256140147682,48.5697,-81.3767,TIMMINS VICTOR POWER A,1.388973905604126,2.2437515258789062
702,1183,4.0,2.1043623241683953,18.088712820603085,46.4833,-70.2167,ST CAMILLE,1.053601720381991,2.751591205596924
702,1256,2.9,2.0923818993230565,21.32172942210499,45.3181,-65.8856,SAINT JOHN A,1.6934748114685094,1.2411367893218994
703,1062,4.2,2.1295758090215102,12.715646487269279,48.0564,-77.7867,VAL-D'OR A,1.313472089920969,2.3175485134124756
703,1164,4.6,2.142892402870948,17.22771444423007,46.8,-71.3833,QUEBEC/JEAN LESAGE INTL A,1.3404506875711693,2.4871809482574463
703,1297,2.1,2.1285083347995943,23.143751611246888,44.6333,-63.5,SHEARWATER A,1.4189389006858026,1.0726449489593506
704,1277,3.1,2.1832299349175868,22.229032603976535,45.05,-64.65,WATERVILLE CAMBRIDGE,2.3465248116940804,0.957495927810669
705,1168,5.7,2.220882571941183,17.406153681880436,46.8167,-71.1,LAUZON,1.64626037087384,2.509439468383789
705,1279,3.4,2.245163530071908,22.330642996726787,45.0667,-64.4833,KENTVILLE CDA,2.506628585644758,0.983081042766571
705,1287,4.5,2.249827933933791,22.675906214322463,44.9333,-64.0333,SALMON HOLE,3.52472396768105,0.9253111481666565
707,675,2.0,2.3444152303763364,-4.421666135144434,49.65,-103.833,WEYBURN,1.6425113295476652,0.8825148344039917
707,813,3.9,2.3191516259454263,1.7019727769211224,49.7903,-94.3653,KENORA A,1.7161202324290954,1.6470898389816284
707,1046,4.2,2.3301463594803966,12.017196687285196,48.4167,-78.7333,MONT BRUN,1.2970434560939745,2.346903085708618
708,1168,4.8,2.377566928011995,17.400888965846388,46.9667,-71.0333,CHATEAU RICHER,1.2958001796818777,2.684748411178589
708,1184,4.7,2.38587791745667,18.134863525524572,46.7333,-70.0167,STE LUCIE,1.2255494116497723,2.7795047760009766
708,1295,2.3,2.353824406162802,23.043207937173968,44.88,-63.5,HALIFAX STANFIELD INT'L A,1.6442175646689854,1.0138388872146606
709,756,2.1,2.406655175540253,-0.816592826955396,49.9,-98.2667,PORTAGE SOUTHPORT A,1.2674676130171407,1.2008335590362549
709,771,2.6,2.4169256900823712,-0.15035553299554535,49.9167,-97.2333,WINNIPEG RICHARDSON INT'L A,1.4885541662927737,1.2659282684326172
709,777,2.4,2.4333932656282005,0.0966389221322516,49.9333,-96.85,OAKBANK,1.3311207143329482,1.3067550659179688
709,836,1.9,2.408289044403697,2.742262906325916,49.8333,-92.75,DRYDEN A,0.7493697655078438,1.837628960609436
709,1242,3.3,2.4355673986902304,20.695842322706284,45.8721,-66.5279,FREDERICTON A,1.249231344005247,1.914570927619934
710,732,2.2,2.4461289022730366,-1.9022360052764455,49.91,-99.9519,BRANDON A,1.3495364852176375,1.1815128326416016
710,1225,4.2,2.4503054913706883,19.923144460296516,46.1703,-67.5536,WOODSTOCK,1.3539355353514446,2.248286724090576
710,1240,2.8,2.4538374466501836,20.62178160144984,45.9167,-66.6167,FREDERICTON CDA,1.0187862527946752,1.9919358491897583
710,1248,4.0,2.4523914808738034,20.97348209091824,45.7833,-66.15,GAGETOWN 2,1.3793315131815562,2.101801633834839
711,763,2.3,2.5160958184100637,-0.5191396988927048,50.0134,-97.8071,MARQUETTE,1.3660446619212119,1.2202907800674438
712,1054,4.2,2.5693781490772243,12.368776262825914,48.5667,-78.1333,AMOS,1.2942475172549366,2.351973056793213
712,1355,1.0,2.558199415687226,25.705259485464225,43.9322,-60.0094,SABLE ISLAND,0.7141780299986128,1.0148314237594604
713,1244,3.5,2.5880834006331126,20.757678859211282,45.9903,-66.3633,ACADIA FOREST EXP ST,1.2436851813974472,2.039660930633545
713,1278,3.0,2.5929897681063143,22.295057999272316,45.4,-64.3333,PARRSBORO,1.7429115354955313,1.2475165128707886
714,728,3.4,2.649934333757479,-2.0403860544524055,50.1082,-100.179,RIVERS PETTAPIECE,2.0510432476183422,1.2014466524124146
715,921,2.9,2.703334463357099,6.489334819136607,49.7828,-86.9306,GERALDTON A,0.9298992420219807,2.2602813243865967
715,1163,4.4,2.6832756820036425,17.21270812915398,47.3167,-71.15,FORET MONTMORENCY,0.9227499445022564,3.455962657928467
716,848,3.4,2.724053173483273,3.2714077284853,50.1167,-91.9,SIOUX LOOKOUT A,1.2829350261291685,1.920766830444336
717,988,3.0,2.7844182733983796,9.431461031270734,49.4,-82.4333,KAPUSKASING CDA,0.9341831443425052,2.3274996280670166
717,1051,2.9,2.7724424149031415,12.216949590249524,48.8,-78.2833,LAC BERRY,0.8829917321596286,2.3803551197052
718,987,3.8,2.7939506024780143,9.406987093709729,49.4139,-82.4675,KAPUSKASING A,1.1891516845199432,2.3160436153411865
718,1299,2.0,2.8057614051937527,23.227533862191482,45.2167,-63.0,UPPER STEWIACKE,1.1838871525275705,1.2243908643722534
718,1313,2.0,2.8341066245898623,23.849578318579603,44.9833,-62.1833,ECUM SECUM,1.4694460660475503,0.9864537715911865
719,1294,2.1,2.865301707549471,22.994531657643748,45.3667,-63.2667,TRURO,1.2816317806315953,1.187562346458435
720,1218,4.2,2.915060025357727,19.622613419942642,46.7122,-67.7156,AROOSTOOK,1.208097280400979,2.5196938514709473
720,1293,2.7,2.906569872397495,22.932472395768386,45.42973684,-63.32314737,DEBERT A composite,1.6029208294174637,1.2208212614059448
721,699,2.7,2.9639579026062517,-3.362546462664063,50.35,-102.26700000000001,WHITEWOOD,1.6817965148143983,1.1635651588439941
721,1179,4.3,2.9632011627512,17.917497467271644,47.35,-70.0333,LA POCATIERE CDA,1.1121069106956185,2.80234956741333
721,1276,3.0,2.952510648604285,22.20214615660833,45.7667,-64.25,NAPPAN CDA,1.4722818707252285,1.4768306016921997
721,1304,4.0,2.9636487927491326,23.41369120676652,45.2833,-62.6667,TRAFALGAR,2.2229835913646805,1.3041397333145142
722,694,1.2,2.995535908365118,-3.5550168868492085,50.3681,-102.571,BROADVIEW,0.7494588748124453,1.1604697704315186
722,769,2.0,3.001732624824235,-0.24221326005617003,50.50114,-97.38028,GIMLI A composite,1.1181301047576293,1.296397089958191
722,1273,2.8,2.99186183107382,22.08356301670653,45.85,-64.3833,SACKVILLE,1.3243499651533808,1.5323418378829956
724,695,1.8,3.0926391667634663,-3.503230109800849,50.46864,-102.5009,BROADVIEW A composite,1.1238719798201282,1.1607964038848877
724,891,4.8,3.0628319237385395,5.168523459661336,50.2936,-88.9053,ARMSTRONG (AUT),1.6557949135781735,2.101043701171875
725,651,1.0,3.1345694278645513,-5.464582646908156,50.3333,-105.56700000000001,MOOSE JAW A,0.8739791967142093,0.8292763829231262
725,666,1.2,3.1348148797529256,-4.82227641711188,50.4,-104.56700000000001,REGINA CDA,0.9068923120771405,0.9590161442756653
725,774,1.5,3.133301139837197,-0.010608356324525762,50.6333,-97.0167,GIMLI,0.8171315612393721,1.3304533958435059
725,1267,3.8,3.143485364303546,21.790230230835956,46.1053,-64.6838,MONCTON A,1.5574881433933994,1.7683134078979492
726,489,1.9,3.187961984628174,-12.656336194902284,49.0971,-116.51799999999999,CRESTON,0.2483635410302258,5.544548034667969
726,545,0.9,3.16518878430455,-10.173529005346774,49.6303,-112.8,LETHBRIDGE A,0.8469765974422587,0.7701432108879089
726,664,1.5,3.1741915710209807,-4.882522538616095,50.4333,-104.667,REGINA INT'L A,1.1572453283780046,0.9394338726997375
726,1242,7.8,3.1668816081319098,20.688150177613355,46.5525,-66.1403,DOAKTOWN,2.2123807335550607,2.555260181427002
727,545,1.0,3.2242799425895714,-10.139555795803165,49.695,-112.76700000000001,LETHBRIDGE CDA,0.9465230049059385,0.7657186388969421
728,620,1.1,3.2540343879709486,-6.82970579631831,50.28335,-107.708,SWIFT CURRENT (HYBRID),1.07549191953604,0.7412862181663513
729,576,1.1,3.294490341736107,-8.78098449257167,50.0189,-110.721,MEDICINE HAT A,0.987899324693751,0.8070127367973328
729,1142,3.3,3.321200862802388,16.278681835293746,48.2167,-72.1667,LAC BOUCHETTE,0.922867982100142,2.5916404724121094
729,1213,5.4,3.3020657185607187,19.387549788287743,47.1578,-67.8319,ST LEONARD A,1.4812423278464915,2.642214298248291
729,1301,2.7,3.2939386094819403,23.293464625867358,45.63357273,-62.62608182,STELLARTON LOURDES composite,1.5454310749017346,1.266235589981079
730,1311,3.0,3.336863255409132,23.744543989867303,45.4833,-62.0167,COLLEGEVILLE,1.763462206313276,1.2329784631729126
730,1326,2.0,3.3478667584073754,24.392707899410343,45.2164,-61.1778,DEMING,1.4034671305035558,1.0328283309936523
733,1198,4.5,3.491313994124788,18.733677276905336,47.5667,-68.6333,STE ROSE DU DEGELIS,1.103370997491124,2.9559109210968018
735,474,3.3,3.5652891404836695,-13.311122271809033,49.2964,-117.632,CASTLEGAR A,0.38735621267905457,6.1745285987854
735,502,2.0,3.5715594149337595,-12.06538588634602,49.6122,-115.78200000000001,CRANBROOK A,0.4055318907210785,3.574418306350708
735,515,1.9,3.565855703432369,-11.467506817735874,49.7453,-114.883,SPARWOOD,0.5766461445542399,2.388056516647339
735,1139,5.6,3.5858890255644726,16.122340479606144,48.5167,-72.2667,ROBERVAL A,1.5878264149052872,2.5561444759368896
735,1316,3.9,3.568214239959637,23.980406366594252,45.592375,-61.571925,COPPER LAKE composite,2.4952344302315064,1.1328010559082031
736,570,1.2,3.5910565071829694,-9.028653520187895,50.2667,-111.18299999999999,SUFFIELD A,1.1952737068957748,0.7276361584663391
736,820,3.3,3.6085516827729736,2.018623133323337,51.0669,-93.7931,RED LAKE A,1.308364239366803,1.8280398845672607
736,1147,4.0,3.5978108026814204,16.479739155928193,48.4167,-71.75,LAC STE CROIX,1.091412251759688,2.6562659740448
737,725,2.2,3.6486471044256565,-2.1807652710283705,51.1,-100.46700000000001,GILBERT PLAINS,1.1653364519734297,1.3682698011398315
737,731,1.5,3.637650982133446,-1.9186062210436028,51.1,-100.05,DAUPHIN A,0.8091706858667204,1.3435428142547607
737,1136,3.4,3.6504271546022258,15.99683941147927,48.6167,-72.4167,ST PRIME,0.9423184964658691,2.6150596141815186
737,1158,3.9,3.677953743438618,16.97946760951628,48.3333,-71.0,BAGOTVILLE A,0.9071260921786535,3.115999221801758
738,768,4.5,3.686974162525788,-0.29212404081842136,51.1861,-97.4651,HODGSON 2,2.3913709232589406,1.3638479709625244
738,1188,4.7,3.71007111167222,18.31675132549891,47.9167,-69.1,ST CLEMENT,1.1976011778359947,2.844369649887085
738,1276,3.4,3.6845959413421965,22.197652168319504,46.4389,-63.8317,SUMMERSIDE A,1.1265897699449765,2.187325954437256
738,1281,4.2,3.7031269177923956,22.396835274342646,46.3752,-63.55731667,SUMMERSIDE CDA composite,1.7683141715774344,1.7214335203170776
738,1288,2.8,3.7088202378029633,22.71596758927946,46.25,-63.1333,CHARLOTTETOWN CDA,1.2980679125412238,1.563367247581482
738,1297,5.6,3.695154703131543,23.128978936207325,46.0667,-62.6,ALLISTON,2.9847268599137844,1.3598275184631348
739,478,4.5,3.7345715322890913,-13.108365117454234,49.5123,-117.399,NELSON RIXEN CREEK,0.497506336483066,6.555627822875977
739,628,1.7,3.7636991911369555,-6.505263198283556,50.832,-107.311,BEECHY,1.5396144891009873,0.8002714514732361
739,1248,4.1,3.765296967036392,20.93925168325036,47.0095,-65.4678,MIRAMICHI A,1.1399665143542312,2.6067066192626953
739,1287,3.9,3.745334014783396,22.703007279034583,46.2886,-63.1286,CHARLOTTETOWN A,1.7822802446579369,1.5859482288360596
740,688,1.6,3.7987314058440207,-3.8097930656591097,51.15,-103.06700000000001,FENWOOD,0.9485175004547827,1.2225736379623413
740,1052,3.5,3.7814550733955166,12.289198024598608,49.76225,-77.8049,MATAGAMI A composite,1.054019194442924,2.406688690185547
740,1268,5.0,3.805146627159658,21.821103653985478,46.7003,-64.2617,O'LEARY,1.636725693468748,2.2140860557556152
741,387,1.3,3.823732054743596,-17.157965052632917,48.4131,-123.325,VICTORIA GONZALES HTS,1.5799825033403232,0.5963366031646729
741,712,1.7,3.8447714814497687,-2.7576263152830216,51.2667,-101.4,ROBLIN FRIESEN 3 NORTHWEST,0.9510321943175649,1.295549750328064
741,1133,3.2,3.8488977138356315,15.851778350050044,48.85,-72.5333,NORMANDIN CDA,0.8957495707357738,2.589189052581787
741,1152,3.3,3.827749452984931,16.694413110517512,48.5667,-71.3333,ST AMBROISE,0.8262979248126814,2.8945274353027344
741,1164,5.1,3.8422604402526868,17.25132301995396,48.4,-70.5333,STE ROSE DU NORD,1.092840322675195,3.3823134899139404
741,1280,4.1,3.8191632149950627,22.350518174671695,46.5,-63.55,LONG RIVER,1.3531465082909255,2.196035861968994
742,697,2.5,3.887198018830976,-3.42540834014595,51.2667,-102.46700000000001,YORKTON A,1.5354093904149542,1.1800929307937622
742,1237,6.8,3.862139802217241,20.45703721604458,47.2833,-66.0667,LITTLE RIVER MINE,1.683752261622298,2.9270565509796143
743,1180,3.3,3.9275140340820363,17.940016482155016,48.25,-69.5167,GRANDES BERGERONNES,0.8496141296143499,2.815092086791992
743,1296,2.8,3.9083084776241583,23.091926372857266,46.2758,-62.51987778,MONTAGUE composite,1.4676554321141235,1.3827202320098877
745,752,2.1,3.998016328472749,-0.9807957159508047,51.4881,-98.57141429,GYPSUMVILLE composite,1.1357143077421874,1.3401412963867188
746,387,1.4,4.05401331129362,-17.1462653539833,48.63445,-123.4225,SAANICHTON CDA,1.7333779847259787,0.5853763222694397
746,439,1.4,4.062019040754055,-14.8297517816315,49.3572,-120.07700000000001,HEDLEY,0.2403598299464876,4.221497535705566
746,447,0.8,4.074800059239958,-14.502483686793461,49.4631,-119.602,PENTICTON A,0.19430393982379104,2.9840683937072754
747,384,2.4,4.110152086638713,-17.269400328837698,48.6469,-123.626,SHAWNIGAN LAKE,1.8447647905570885,0.9429108500480652
747,629,0.7,4.078796581815819,-6.432663915289442,51.1539,-107.26299999999999,ROCK POINT,0.6302041069109735,0.8050395250320435
747,1295,3.5,4.097032741271308,23.04520507377626,46.4667,-62.4667,MONTICELLO,1.976953019372975,1.2831342220306396
748,870,1.8,4.131289646967927,4.234191060809857,51.4464,-90.2142,PICKLE LAKE A,0.614440397000558,2.123210906982422
748,1300,4.2,4.153673757113379,23.247299074645955,46.4333,-62.1667,EAST BALTIC,2.37234362324757,1.2831342220306396
749,405,1.9,4.198174141908334,-16.35606704872496,49.0253,-122.36,ABBOTSFORD A,0.45370374075090714,3.0351603031158447
749,422,5.7,4.1991101393692425,-15.578263258483593,49.2667,-121.23299999999999,HOPE SLIDE,0.41201616193058,10.026768684387207
749,482,3.2,4.196953729114685,-12.965453311805444,49.9958,-117.37,NEW DENVER,0.348324731395625,6.658341407775879
750,434,3.2,4.250712703917452,-15.069322822765542,49.4678,-120.51299999999999,PRINCETON A,0.4006792640965984,5.788332939147949
750,1239,5.4,4.219665485702747,20.576101392758304,47.56835714,-65.70261429,BATHURST composite,1.4031592039304002,2.789248466491699
751,415,2.2,4.282087444883862,-15.91382619343588,49.2431,-121.76,AGASSIZ CDA,0.18556057586746869,8.592852592468262
751,1323,3.6,4.273588051025234,24.277623200008552,46.1,-60.75,BADDECK,2.018554371279871,1.2925949096679688
752,614,1.0,4.317492293513623,-7.124496208245403,51.2944,-108.40700000000001,BICKLEIGH,0.903196439495594,0.8024503588676453
752,706,1.8,4.329181842759334,-3.0410843278094837,51.7333,-101.9,PELLY 2,1.0065401535122958,1.2961097955703735
752,1313,4.2,4.307962092008874,23.836527778183594,46.321999999999996,-61.30098,MARGAREE FORKS composite,2.184136367375355,1.3937020301818848
753,419,3.7,4.348558395632354,-15.712158813189633,49.3683,-121.49799999999999,HOPE A,0.2955259732824794,9.0741605758667
753,1098,4.8,4.371155389527281,14.306667475765332,49.802625,-74.5576,CACHE LAKE composite,1.2566961976744822,2.7682883739471436
753,1192,3.9,4.345598033008107,18.495415831965524,48.45,-68.5167,RIMOUSKI,1.007227630823138,2.806321144104004
753,1223,6.1,4.377253566453017,19.848600589722924,47.989175,-66.612725,CAMPBELLTON composite,1.5394139626222678,2.871936321258545
754,385,2.2,4.407282646003369,-17.245770999404836,48.935,-123.742,CHEMAINUS,1.981760576120927,0.8045849204063416
754,402,1.9,4.414650227614725,-16.48604181669755,49.18924706,-122.6529608,PITT MEADOWS A composite,0.49653662806405285,2.7733373641967773
754,533,1.1,4.394858083561403,-10.672781136320898,50.7292,-113.961,OKOTOKS,0.7389154752306772,1.0789425373077393
754,1207,4.8,4.415906609261064,19.14630208065784,48.2833,-67.5667,LAC HUMQUI,1.0972925320186862,3.1704375743865967
755,652,2.1,4.450940225574171,-5.406924430771394,51.647925,-105.70825,VISCOUNT composite,1.4918573842706648,1.0202165842056274
755,674,0.8,4.473443711760957,-4.46219952097385,51.7667,-104.2,WYNYARD,0.46017724332893406,1.2599846124649048
755,1227,5.1,4.442055448008857,20.024656104182274,47.9833,-66.3333,CHARLO A,1.2724604419190582,2.904867172241211
756,453,1.4,4.506705494696642,-14.223333606531087,49.9561,-119.37799999999999,KELOWNA A,0.28839349384641316,3.5183818340301514
757,384,2.5,4.547856150701866,-17.285246670498605,49.0544,-123.87,NANAIMO A,1.5738741111410917,1.151252031326294
757,395,1.5,4.531847882450481,-16.812356613135417,49.195,-123.182,VANCOUVER INT'L A,0.5174329159592497,2.101055860519409
757,603,1.8,4.559467704196255,-7.568705942337367,51.4667,-109.167,KINDERSLEY KY,1.6949693217818484,0.7696815133094788
757,1195,5.9,4.5562730774171545,18.628454874362962,48.6,-68.2167,MONT-JOLI A,1.5052410432979855,2.840837240219116
757,1226,4.0,4.558528198692667,20.001159833155274,48.1,-66.3,NOUVELLE,0.9738309359310771,2.9769861698150635
757,1247,4.9,4.553130535964961,20.90147083831138,47.75,-65.0667,BERTRAND,1.2600144470378527,2.818518877029419
757,1332,3.1,4.547908489350023,24.68599969266512,46.1667,-60.0481,SYDNEY A,1.8822771202521988,1.193654179573059
758,453,1.4,4.590826836110048,-14.224088312309972,50.0366,-119.416,WINFIELD,0.29958306256683925,3.3869686126708984
759,603,1.1,4.610409614867476,-7.570753106418941,51.5167,-109.18299999999999,KINDERSLEY A,1.002346382872687,0.7953810691833496
759,1249,5.0,4.651853828796736,21.005823736238465,47.8,-64.8667,BAS CARAQUET,1.2982084592554806,2.7914249897003174
759,1251,4.8,4.632375784571248,21.087559840485376,47.75,-64.7667,HAUT SHIPPAGAN,1.2462801208852612,2.7914249897003174
761,668,2.1,4.731195483550668,-4.7067675930473545,52.0,-104.633,LEROY,1.2705526376957326,1.1979178190231323
761,1235,2.9,4.715470111362363,20.38318679106956,48.1,-65.6833,CAPLAN,0.6865397790900092,3.0614888668060303
761,1315,3.3,4.70829070687878,23.912394653903753,46.65,-60.95,CHETICAMP,1.6511569303030231,1.4485249519348145
762,534,0.9,4.778503714622416,-10.625797002736029,51.1139,-114.02,CALGARY INT'L A,0.7239512270469669,0.9010182619094849
763,391,1.3,4.788781407389454,-16.97143584939462,49.3856,-123.541,GIBSONS GOWER POINT,0.20639134463987435,4.565120697021484
764,457,1.7,4.859998740791233,-14.047864832441528,50.3443,-119.271,VERNON NORTH,0.4045855076413218,3.0453624725341797
764,520,2.3,4.8363904848695105,-11.26905824222256,51.0275,-115.035,KANANASKIS,1.0047728305819286,1.6590533256530762
764,1005,3.5,4.838614639714897,10.181446848171866,51.2667,-80.65,MOOSONEE UA,1.1246025314348753,2.2556378841400146
764,1323,5.9,4.873758057634859,24.25294202573579,46.65,-60.4,INGONISH BEACH,2.97530456276731,1.4372124671936035
765,529,1.6,4.916387552544458,-10.861806565950413,51.1969,-114.434,COCHRANE,1.0631573233273788,1.0907440185546875
766,386,0.7,4.946532338915584,-17.173074384200916,49.4675,-123.913,MERRY ISLAND LIGHTSTATION,0.10601389693477485,4.7855916023254395
767,358,1.1,5.0044347021713405,-18.449748667971477,49.0822,-125.773,TOFINO A,0.7704025724284862,1.0348451137542725
768,376,1.9,5.032427849855934,-17.630534663570668,49.3938,-124.617,QUALICUM R FISH RESEARCH,0.6358501773685716,2.1657044887542725
768,622,1.3,5.044025402318534,-6.752163373239996,52.0667,-107.98299999999999,BIGGAR,1.0866298567031427,0.867085874080658
768,640,1.4,5.039762809078846,-5.965341609252919,52.1667,-106.71700000000001,SASKATOON DIEFENBAKER INT'L A,1.0672589424900776,0.9507331252098083
768,641,0.9,5.014279146457886,-5.895926545544545,52.15,-106.6,SASKATOON SRC,0.6771597373556589,0.9632782936096191
769,457,2.2,5.066941291229419,-14.03967533064155,50.5452,-119.35,SILVER CREEK,0.4623832266888027,3.4484267234802246
769,513,2.8,5.0655475865321336,-11.558827532360517,51.1833,-115.56700000000001,BANFF,0.7642525376718831,2.655348539352417
769,901,4.1,5.061316046013959,5.590602250568889,52.2333,-87.8833,LANSDOWNE HOUSE,1.3689552325333867,2.1706759929656982
769,1191,5.5,5.058478584630331,18.448044213540186,49.1333,-68.2,BAIE-COMEAU A,1.2967687511013892,3.073976516723633
769,1208,6.9,5.083231709000099,19.203872504046767,48.8833,-67.1167,ST JEAN DE CHERBOURG,1.5786916978327654,3.1677591800689697
770,1295,4.7,5.100925893032472,23.02929875054479,47.3833,-61.8667,GRINDSTONE ISLAND,2.1896676630707135,1.555679202079773
771,377,1.5,5.152302859502165,-17.588380624383266,49.52080435,-124.6196087,CAPE LAZO composite,0.4647301803692028,2.3393261432647705
771,1296,1.2,5.155209648688747,23.06626518785116,47.4167,-61.7833,ILES DE LA MADELEINE A,0.5590640841882673,1.555679202079773
772,398,5.4,5.2151149274009825,-16.64324273203796,49.8958,-123.281,SQUAMISH UPPER,0.25356416824449046,15.43498706817627
772,424,2.0,5.1885658794574345,-15.497821704493647,50.2333,-121.583,LYTTON,0.2623849709003956,5.52448034286499
773,476,6.4,5.253797842772089,-13.203936242889501,50.9533,-118.166,REVELSTOKE AIRPORT RD,0.505622592995801,9.173897743225098
776,375,2.0,5.398827057118161,-17.69177543345937,49.7167,-124.9,COMOX A,0.5286332799153536,2.742053270339966
776,405,6.4,5.367198301998756,-16.368037148016132,50.1289,-122.955,WHISTLER,0.2893987103500514,16.02816390991211
776,494,2.9,5.394415140675882,-12.39295400636217,51.2992,-116.98200000000001,GOLDEN A,0.3212378022987454,6.542922019958496
776,574,1.8,5.391313639347458,-8.863542897471344,52.0667,-111.45,CORONATION A,1.5502583583532656,0.8415284752845764
777,443,1.5,5.416834683190573,-14.660457567490104,50.7022,-120.44200000000001,KAMLOOPS A,0.3837469199668504,2.833001136779785
778,349,0.9,5.466629246781768,-18.811593513119927,49.3833,-126.54299999999999,ESTEVAN POINT,0.7669910960606672,0.8504574298858643
778,484,20.2,5.45128229469057,-12.84537403334695,51.2382,-117.70100000000001,GLACIER NP MT FIDELITY,1.712104896016895,8.551088333129883
778,487,10.4,5.482574779413113,-12.71709709241998,51.3017,-117.51700000000001,GLACIER NP ROGERS PASS,0.9220723737095806,8.174641609191895
778,701,2.9,5.480382492219133,-3.271726726194787,52.8667,-102.4,HUDSON BAY,1.4595915855407398,1.4400150775909424
782,1246,4.8,5.651301920249028,20.85593090429929,48.7769,-64.4781,GASPE A,1.0231712455636268,3.4001126289367676
783,371,2.1,5.703163327113734,-17.835905794927697,49.9519,-125.273,CAMPBELL RIVER A,0.3933101161080653,3.869764804840088
785,442,2.1,5.783119687623349,-14.73613903296527,51.0297,-120.728,CRISS CREEK,0.454524558408942,3.348592758178711
785,538,2.1,5.772569187380431,-10.47561217851205,52.1167,-114.133,MARKERVILLE,2.03577015478785,0.7476372718811035
785,541,1.9,5.801064729915265,-10.317618290854872,52.1786,-113.89299999999999,RED DEER A,1.8034732584441997,0.7635619640350342
785,620,2.0,5.765774172302074,-6.816518407766225,52.7719,-108.256,NORTH BATTLEFORD A,1.4546698263172493,0.9964739680290222
785,1249,5.5,5.79153324323768,20.99524749910319,48.85,-64.2,CAP DES ROSIERS,1.197503564691159,3.328788995742798
788,451,1.5,5.932724915674236,-14.330120957742263,51.2918,-120.18299999999999,DARFIELD,0.20123184562276722,5.402502059936523
790,657,1.4,6.007061876745139,-5.205649220236125,53.2167,-105.667,PRINCE ALBERT A,0.868477062113216,1.1683422327041626
790,680,1.7,6.022339598671445,-4.196613718484254,53.3333,-104.0,NIPAWIN A,0.9240181709140736,1.3334256410598755
791,545,2.0,6.063709187450945,-10.169656485245808,52.4667,-113.75,LACOMBE CDA,1.7089341681056276,0.848213255405426
792,372,2.1,6.099084371860609,-17.80527022983485,50.3332,-125.446,CHATHAM POINT,0.26520149554484107,5.739099025726318
792,442,1.8,6.087149700909907,-14.713699399972128,51.3265,-120.839,VIDETTE LAKE SHARPE LAKE,0.347571072482384,3.7534382343292236
792,1330,5.9,6.07942366355763,24.598257854640586,47.5739,-59.1547,PORT AUX BASQUES,2.5093393113817255,1.7040919065475464
793,529,2.5,6.139577167823878,-10.886185966541683,52.3833,-114.917,ROCKY MTN HOUSE,2.083003512802669,0.8698620796203613
793,645,1.5,6.135210259560193,-5.725413134004645,53.2833,-106.55,CAMEO,0.9307487452836611,1.1680439710617065
794,1327,5.0,6.194931185731555,24.47214019417098,47.733779999999996,-59.242580000000004,ST ANDREWS composite,2.085039853077315,1.7380250692367554
796,536,2.0,6.264631474439351,-10.568320690412506,52.57634167,-114.45775,ROCKY MTN HOUSE A composite,1.6627383486911056,0.8717791438102722
797,593,1.2,6.305541257003819,-8.01463445560685,53.1167,-110.35,PARADISE VALLEY,0.953783150919225,0.9118680357933044
798,806,2.6,6.37108696084185,1.3946292957132782,53.85,-94.65,ISLAND LAKE A,0.9837044930639487,1.9156187772750854
800,598,1.2,6.467027949933973,-7.816700497910845,53.3092,-110.072,LLOYDMINSTER A,0.8993195722588228,0.9670915603637695
800,763,2.6,6.452753004204012,-0.5033945328851623,53.95,-97.85,NORWAY HOUSE A,1.1304135373614959,1.6670030355453491
801,439,2.6,6.4965383453506425,-14.83152150856505,51.6814,-121.21700000000001,100 MILE HOUSE 6NE,0.4972210816182013,3.7898690700531006
802,610,1.2,6.521524327565458,-7.277127875163325,53.45,-109.2,BUTTE ST PIERRE,0.8155902332504553,1.0663741827011108
802,720,2.6,6.530706804739108,-2.4262533068727663,53.9667,-101.1,THE PAS A,1.250312737098794,1.5071451663970947
802,870,4.2,6.527474346337769,4.229992367547862,53.8333,-89.8667,BIG TROUT LAKE,1.4876999860632283,2.046135187149048
802,1209,6.6,6.526088218670024,19.216683889338345,50.2167,-66.2667,SEPT-ILES A,1.2600632566246257,3.7962253093719482
803,468,5.7,6.576161870116752,-13.555416375438215,52.129,-119.29,BLUE RIVER A,0.4997690253218778,8.266200065612793
803,548,1.8,6.564121184996623,-10.039006639652118,52.9833,-113.71700000000001,BRIGHTVIEW,1.3950754512177372,0.9351369142532349
803,588,2.1,6.5856745408813815,-8.260182462283357,53.35,-110.833,VERMILION A,1.6282550414728725,0.9347538352012634
803,1351,2.9,6.597500707225498,25.503301629128412,47.6167,-57.6167,BURGEO,0.9144772941012728,2.2983992099761963
805,354,1.6,6.6747472272446595,-18.602265614133806,50.5833,-126.93299999999999,ALERT BAY,0.5492891655922945,2.1111512184143066
805,1238,7.6,6.651074614591509,20.49928337364058,49.8351,-64.36443333,PORT MENIER composite,1.611467688735392,3.4181599617004395
806,1389,3.8,6.714805284597526,27.17979422671576,46.9167,-55.3833,ST LAWRENCE,1.5446885354112125,1.7829660177230835
809,349,1.0,6.867169200978581,-18.822471420345344,50.6803,-127.366,PORT HARDY A,0.37092871895316326,1.9539341926574707
809,572,1.7,6.849001617251035,-8.94303792876865,53.4833,-112.03299999999999,VEGREVILLE CDA,1.3182559731065382,0.9346511960029602
810,551,1.7,6.872797573742963,-9.888532509729613,53.3167,-113.583,EDMONTON INT'L A,1.3198159316723945,0.9335464835166931
811,1228,3.9,6.955154706028982,20.071145631038487,50.2833,-64.7833,RIVIERE AU TONNERRE,0.7649155048440077,3.6953155994415283
812,559,2.0,6.98369096721194,-9.527016403047012,53.5,-113.03299999999999,UNCAS,1.5594826810617686,0.929500937461853
814,437,3.2,7.063303973997932,-14.953217742857733,52.1836,-121.686,SPOKIN LAKE 4E,0.5553486479493723,4.17623233795166
815,432,3.2,7.133331673139345,-15.169367061339733,52.1831,-122.054,WILLIAMS LAKE A,0.7023448547085483,3.3021740913391113
815,489,2.8,7.097323706908893,-12.626067082342265,52.8833,-118.06700000000001,JASPER,0.5450353453724196,3.723349094390869
815,553,1.6,7.1153958025878365,-9.795709266970313,53.5733,-113.51799999999999,EDMONTON CITY CENTRE A,1.249141480163219,0.9283435940742493
815,554,1.8,7.123156419061693,-9.770329174268298,53.5862,-113.47929409999999,OLIVER TREE NURSERY composite,1.409752826706099,0.9254009127616882
815,1328,5.6,7.117358910371174,24.517097913492673,48.5333,-58.55,STEPHENVILLE A,1.5487245136842664,2.6206815242767334
816,545,1.4,7.165517526809998,-10.146227458310676,53.5475,-114.10799999999999,EDMONTON STONY PLAIN,1.0661453843256719,0.9517261385917664
816,622,1.2,7.135252540529704,-6.770535142688353,54.1333,-108.51700000000001,MEADOW LAKE A,0.6997399963004967,1.2429250478744507
817,336,0.6,7.217536626163485,-19.408809155479275,50.7822,-128.42700000000002,CAPE SCOTT,0.4813161228462049,0.9034855961799622
817,554,1.7,7.20031278290669,-9.74605025536421,53.6667,-113.46700000000001,EDMONTON NAMAO A,1.3283280197049787,0.9275642037391663
818,343,1.2,7.225774117220209,-19.07644773785695,50.9167,-127.95,BULL HARBOUR,0.357006735506456,2.436156749725342
818,713,1.9,7.265476171623048,-2.7271258170741155,54.6833,-101.68299999999999,FLIN FLON A,0.8746481910309529,1.5744199752807617
818,1417,1.7,7.251016002521476,28.45011299373771,46.74611667,-53.39608333,CAPE RACE (AUT) composite,0.8098598907599022,1.5213860273361206
820,1390,4.2,7.3432719055429,27.244436784751777,47.4306,-54.8428,BOAT HARBOUR,1.7215532221682717,1.7681912183761597
821,1331,8.7,7.362144133067964,24.62615250390588,48.7,-58.2333,GALLANTS,2.140012538836414,2.946478843688965
824,514,3.0,7.52710801321648,-11.51139931173636,53.5833,-116.46700000000001,EDSON A,2.036307898550654,1.0677711963653564
825,1032,2.7,7.55110484508539,11.40209725081259,53.6333,-77.7,LA GRANDE RIVIERE A,0.754701386740792,2.59291934967041
825,1399,1.7,7.574171644166242,27.635093055999413,47.43571429,-54.1762,ARGENTIA A composite,0.682920788299701,1.8041763305664062
826,599,1.7,7.579601901793152,-7.751283756222322,54.4167,-110.28299999999999,COLD LAKE A,1.1243598771285843,1.0958319902420044
826,1410,2.9,7.601455119667214,28.116150540572814,47.2167,-53.55,COLINET,1.2769945982367747,1.645922303199768
827,532,2.6,7.645226302241052,-10.733684917502696,53.8833,-115.25,RONAN,1.8671813685588943,1.009223222732544
827,1268,6.3,7.646599951001509,21.855483859627054,50.1833,-61.8167,NATASHQUAN A,1.2367519316115427,3.69197154045105
828,1332,4.5,7.670314249600299,24.67471781601549,48.95,-57.95,CORNER BROOK,1.0348877138815582,3.151517152786255
829,522,2.3,7.7132460076581975,-11.156081337022442,53.85,-115.96700000000001,SHINING BANK,1.4965590278733685,1.1138696670532227
829,1419,4.7,7.717138353829867,28.539548624607665,47.1,-52.9333,CAPE BROYLE,2.195392513995905,1.5516225099563599
830,1407,3.5,7.758143300668337,27.987996394216502,47.4163,-53.59278125,HARBOUR GRACE composite,1.4222826091259388,1.7835386991500854
833,667,2.2,7.903160812653753,-4.758247218746956,55.15,-105.26700000000001,LA RONGE A,1.0655126120085368,1.496457815170288
833,1348,6.2,7.890790861218801,25.37151188867836,48.8167,-56.8667,BUCHANS,1.5913335345610538,2.823780059814453
834,526,2.8,7.97302083337573,-10.980979499107141,54.1439,-115.787,WHITECOURT A,1.7046939185030505,1.1904523372650146
834,528,3.0,7.945925692469452,-10.914612003503843,54.1333,-115.667,WHITECOURT,1.8892146765002722,1.150907278060913
835,432,3.5,8.020634284705773,-15.164130981795742,53.0261,-122.51,QUESNEL A,0.582155644515124,4.357419013977051
837,1336,5.8,8.075391192008935,24.868387906174352,49.2167,-57.4,DEER LAKE A,1.3040951695280434,3.2234363555908203
837,1418,4.9,8.106864939483001,28.474338160291843,47.4667,-52.7167,PETTY HARBOUR,2.2917440133023317,1.5496383905410767
838,1416,4.1,8.126197355843289,28.409254978313303,47.5167,-52.7833,ST JOHN'S WEST CDA,1.8762449852257603,1.5837794542312622
839,1327,7.7,8.166239327159682,24.433605951924587,49.5,-57.9167,WOODY POINT,1.5968527423531207,3.4948315620422363
839,1335,4.2,8.163405045656338,24.820435529383964,49.3167,-57.4,CORMACK,0.9130355901329535,3.333972215652466
840,1416,4.6,8.230534649080468,28.377457088340115,47.6222,-52.7428,ST JOHN'S A,2.1207367950124194,1.572068452835083
842,763,2.4,8.306018505604065,-0.4898819825218631,55.8033,-97.8625,THOMPSON A,0.9462479807885366,1.8382588624954224
842,1124,4.2,8.299960359573916,15.44560701182247,53.2,-70.9,NITCHEQUON,0.9675189518415781,3.146228075027466
845,1392,4.0,8.455403278865548,27.32675373010038,48.35,-53.9017,LETHBRIDGE,1.2365994174935928,2.344398021697998
848,1324,5.0,8.568414912870594,24.31154833282076,49.9117,-57.7889,COW HEAD,0.9673693157792566,3.746088981628418
849,1366,3.5,8.611102176608682,26.155877500630655,49.0667,-55.3,RATTLING BRK NORRIS ARM,0.9186276088399841,2.76139760017395
850,345,1.5,8.650836671452103,-18.9954872190085,52.2617,-128.719,MCINNES ISLAND,0.36788478146448284,2.9551520347595215
850,1378,4.1,8.683901913262767,26.702849450200837,48.85947143,-54.5312,GLENWOOD composite,1.1539523280820358,2.575113534927368
851,1337,4.3,8.71890176481015,24.90090147023769,49.7667,-56.8833,SOPS ARM WHITE BAY,0.8389809516400932,3.7146401405334473
852,1350,4.0,8.736699349311783,25.49020065588056,49.5,-56.0833,SPRINGDALE,0.8835211714385605,3.281280994415283
852,1376,4.8,8.743890975982405,26.6323194328237,48.9464,-54.5769,GANDER INT'L A,1.3175966011193696,2.64033579826355
853,628,1.7,8.809364042689996,-6.468147253388817,55.8333,-108.43299999999999,BUFFALO NARROWS A,0.8915914464558973,1.381921648979187
855,436,2.9,8.871679997996239,-14.978951097074027,53.8908,-122.679,PRINCE GEORGE A,0.5650767218596309,3.719554901123047
855,804,3.0,8.876406118523924,1.2834890209619778,56.3575,-94.7106,GILLAM A,1.1066393039959361,1.9647873640060425
855,1177,7.0,8.894474268549919,17.832949980002578,52.9272,-66.8742,WABUSH LAKE A,1.450756457250366,3.4970667362213135
855,1348,10.7,8.896623657666789,25.39955778468893,49.6833,-56.0833,MIDDLE ARM,2.2775942773679,3.4049270153045654
856,313,0.8,8.9221102400567,-20.436114299632873,51.9333,-131.017,CAPE ST JAMES,0.37343061224902974,1.552674651145935
856,1323,4.6,8.917592883317909,24.275196665536356,50.2364,-57.5811,DANIELS HARBOUR,0.8556510455757421,3.8963820934295654
856,1369,4.9,8.920267481638986,26.294066602940795,49.2667,-54.8833,COMFORT COVE,1.2582357188629343,2.8225033283233643
857,545,2.8,8.961434607356354,-10.137658918282566,55.3,-114.78299999999999,SLAVE LAKE A,1.6928360422943587,1.1987911462783813
858,548,2.8,9.005041929741875,-10.025082300525899,55.3677,-114.61,WAGNER composite,1.7299736956813727,1.1730564832687378
858,1398,4.2,8.995449237262823,27.614971456792322,48.6672,-53.1142,BONAVISTA,1.44005886178103,2.1138269901275635
861,1022,3.3,9.143254450485722,10.963379553343792,55.2833,-77.75,KUUJJUARAPIK A,0.845079166470547,2.8301987648010254
863,1370,5.1,9.227860750135529,26.33760073397983,49.51111667,-54.5889,TWILLINGATE composite,1.311906259505421,2.8175249099731445
867,493,2.7,9.437642625030247,-12.46008114715757,55.1797,-118.885,GRANDE PRAIRIE A,1.5206453925218177,1.286874532699585
867,723,2.6,9.423099719603844,-2.2572180214763757,56.8639,-101.07600000000001,LYNN LAKE A,0.9855721236804595,1.9119887351989746
870,487,2.9,9.539950230363896,-12.7402776438216,55.2,-119.4,BEAVERLODGE CDA,1.6051696005581262,1.3094154596328735
871,340,2.3,9.606712845887811,-19.221120663833677,53.05,-129.683,ETHELDA BAY,0.7133610110766982,2.3367855548858643
877,597,1.8,9.871182472145804,-7.876901137946268,56.65,-111.21700000000001,FORT MCMURRAY A,0.9576811009758939,1.3622348308563232
877,1323,4.2,9.858365396681622,24.266777866488194,51.0667,-56.8833,PLUM POINT,0.6843959694069207,4.4477691650390625
880,668,2.4,10.011841930809885,-4.721178101861767,57.25,-105.617,KEY LAKE,0.9351995931664323,1.8599759340286255
883,1207,8.1,10.11636629865344,19.13577139970266,53.55,-64.1,CHURCHILL FALLS A,1.6732276594723399,3.5085718631744385
883,1315,4.4,10.104162651119204,23.912489411212096,51.45,-57.1833,LOURDES DE BLANC SABLON A,0.6978246773526604,4.5699005126953125
885,505,2.6,10.212029191845676,-11.935249413927469,56.0667,-118.383,FAIRVIEW,1.458172012575042,1.2923048734664917
885,517,1.9,10.226946829363605,-11.381198804475845,56.2269,-117.447,PEACE RIVER A,1.068521360711683,1.288756251335144
885,649,1.7,10.211000872120755,-5.534482218850916,57.35,-107.133,CREE LAKE,0.6747500614516538,1.8260235786437988
887,315,1.7,10.323304131822256,-20.314453931732185,53.2539,-131.813,SANDSPIT A,1.88105524900792,0.6550097465515137
889,462,2.1,10.382100207627825,-13.816510353920053,55.6872,-121.62700000000001,CHETWYND A,0.7815776482089646,1.9473658800125122
892,1336,8.7,10.513143541501316,24.830079614182484,51.3667,-55.6,ST ANTHONY,1.5492205907548997,4.070112228393555
895,367,6.3,10.64544044520589,-18.038806278710556,54.4664,-128.577,TERRACE A,0.3747037434452147,12.185768127441406
895,387,2.7,10.665533425795687,-17.140960439352252,54.8247,-127.18299999999999,SMITHERS A,0.271171209811742,7.216399669647217
895,1162,4.9,10.642722973708436,17.15060312140212,54.8,-66.8167,SCHEFFERVILLE A,1.0203487080513676,3.4805498123168945
897,477,3.6,10.753806257076697,-13.163717285063106,56.2381,-120.74,FORT ST JOHN A,1.7391399657741256,1.5002663135528564
898,684,2.8,10.776852701726542,-4.019039624140345,58.0833,-104.48299999999999,CIGAR LAKE,1.0109643571500044,2.007347583770752
899,1255,6.7,10.842940456164209,21.25454186850438,53.3167,-60.4167,GOOSE A,1.2100315495219227,4.013086318969727
901,342,2.1,10.925168419012316,-19.12359427311639,54.2925,-130.445,PRINCE RUPERT A,0.36271193048800254,4.196216106414795
904,425,3.5,11.047399217578207,-15.445471313000713,55.7855,-124.70100000000001,GERMANSEN LANDING,0.5579873876348699,4.5461530685424805
908,342,1.0,11.239871559683275,-19.14849221056054,54.5686,-130.708,GREEN ISLAND,0.19127899642256058,3.789074182510376
909,810,2.6,11.268490682622877,1.5517817622508403,58.7392,-94.0664,CHURCHILL A,0.8936567082005965,2.108642816543579
909,1325,8.0,11.27986689754487,24.383441139208454,52.25,-55.6,BATTLE HARBOUR LOR,1.3820595443730568,4.195305824279785
913,368,6.5,11.456778063183705,-17.971764008077084,55.2375,-129.03,NASS CAMP,0.3864755753515639,12.18966293334961
915,310,1.7,11.545163694436308,-20.54536787529786,54.2552,-133.058,LANGARA,1.6584842492616176,0.742913007736206
926,670,3.0,12.01176366560062,-4.604034071073405,59.25,-105.833,STONY RAPIDS A,1.2023776946325144,1.808342695236206
928,547,2.3,12.11878653105197,-10.070287881930062,58.3833,-116.03299999999999,FORT VERMILION CDA,1.1471795116517778,1.4531044960021973
928,1292,11.4,12.126358983270919,22.883799444538962,53.7083,-57.035,CARTWRIGHT,1.862051574119798,4.437246322631836
929,1000,3.0,12.184706889709847,9.988977488368288,58.4667,-78.0833,INUKJUAK UA,0.890468444007137,2.441760778427124
932,364,9.8,12.314069788778712,-18.18701005126701,55.9361,-129.985,STEWART A,0.41151722913427125,17.259906768798828
937,535,2.6,12.498830656358052,-10.594224739549533,58.6214,-117.165,HIGH LEVEL A,1.395801024121703,1.3500511646270752
937,641,2.6,12.505036006001426,-5.928649267233507,59.5667,-108.48299999999999,URANIUM CITY A,1.0791977309548675,1.7461144924163818
943,1235,9.3,12.800428563828865,20.37992732710111,55.45,-60.2167,HOPEDALE (AUT),1.5374802780769172,4.384032726287842
954,602,2.4,13.254432412961972,-7.616430689969889,60.0203,-111.962,FORT SMITH A,1.093208920259456,1.5911402702331543
957,1115,3.7,13.3816017084914,15.062915391847254,58.1,-68.4167,KUUJJUAQ A,0.9450710943771449,2.8375115394592285
957,1207,9.5,13.419876797675242,19.12294867359371,56.55,-61.6833,NAIN A,1.5868092815850745,4.3390960693359375
960,474,2.7,13.53351926237463,-13.294599528109782,58.8364,-122.59700000000001,FORT NELSON A,1.3715214760696837,1.4267948865890503
963,731,2.8,13.681900442512509,-1.9366766682370051,61.1333,-100.9,ENNADAI LAKE,0.9240285265258724,2.1962058544158936
981,564,3.0,14.468960203336742,-9.324605930233329,60.8397,-115.78299999999999,HAY RIVER A,1.469382377813665,1.479744791984558
983,589,2.9,14.565388662023608,-8.223670798368683,61.1808,-113.69,FORT RESOLUTION A,1.3508474303901057,1.5559372901916504
984,387,3.1,14.58973720034851,-17.142096595521583,58.4283,-130.011,DEASE LAKE,0.41411582700252114,5.425506114959717
1002,827,2.4,15.389341884371548,2.3116704332428544,62.8167,-92.1167,RANKIN INLET A,0.7536695558458704,2.3079726696014404
1008,644,2.8,15.66795069496372,-5.7587229165762075,62.7167,-109.167,FORT RELIANCE,1.0655623296246197,1.904493808746338
1013,416,3.3,15.880923220563833,-15.851020784876589,60.1165,-128.822,WATSON LAKE A,1.0596748828697293,2.2570526599884033
1013,587,1.9,15.8941364226464,-8.283411299371597,62.4628,-114.44,YELLOWKNIFE A,0.8405226528147764,1.638342022895813
1014,1077,4.2,15.939086686787777,13.391751917053249,61.06665,-69.59165,CAPE HOPES ADVANCE composite,1.0082074442772686,3.0192549228668213
1015,480,2.5,15.991103468858041,-13.014781168462859,61.2419,-123.742,YOHIN,0.9407788221164434,1.9259848594665527
1015,841,3.2,15.951712281201985,2.928277120662789,63.3333,-90.7167,CHESTERFIELD,0.9688516220052984,2.393828868865967
1018,511,2.7,16.085824204153216,-11.662896594650553,61.7603,-121.23700000000001,FORT SIMPSON A,1.2405280104300023,1.5774571895599365
1019,511,2.3,16.132951979124126,-11.670039491267158,61.802859999999995,-121.2822,FORT SIMPSON composite,1.0580905383342272,1.5754528045654297
1033,375,3.2,16.76506763477859,-17.660877209858345,60.1741,-132.736,TESLIN A,0.5956212169582742,3.8938589096069336
1034,784,3.2,16.80137872475479,0.41775555963923183,64.2989,-96.0778,BAKER LAKE A,1.0357394704147864,2.2392358779907227
1043,914,2.7,17.235601653792568,6.170803303022934,64.1933,-83.3594,CORAL HARBOUR A,0.8596429580214107,2.2763867378234863
1056,357,2.0,17.7729222850007,-18.468791200743226,60.7095,-135.069,WHITEHORSE A,0.5755162406538823,2.518678903579712
1070,333,2.0,18.431001006079605,-19.56058255517341,60.7725,-137.58,HAINES JUNCTION,0.5531348690943432,2.620591640472412
1072,643,4.0,18.483281173616597,-5.8054537397209645,65.4833,-110.367,CONTWOYTO LAKE,1.4136777965745821,2.050736904144287
1075,1065,2.3,18.615143558311996,12.846172943570908,63.75,-68.55,IQALUIT A,0.6134145993450872,2.7175285816192627
1077,391,1.8,18.714427641818464,-16.97524634774574,62.2069,-133.373,FARO A,0.43005600219794204,3.033527135848999
1090,325,1.5,19.306314193603082,-19.882004589804254,61.3667,-139.05,BURWASH A,0.5913981997605362,1.8382799625396729
1112,485,3.8,20.25328633221057,-12.797273633836445,65.2825,-126.8,NORMAN WELLS A,1.9467859297267436,1.41470468044281
1117,383,2.8,20.495251114049235,-17.3192127506522,63.6167,-135.86700000000002,MAYO A,0.7678149748943371,2.643028497695923
1130,839,3.3,21.067501083406018,2.8624662073599754,68.4333,-89.7167,PELLY BAY,1.1652357778436802,2.052582025527954
1131,875,2.8,21.12615228933823,4.467676573336247,68.3,-85.6667,MACKAR INLET,0.8092878119411286,2.5075836181640625
1132,611,2.75,21.171525512136107,-7.235799033114204,67.82499999999999,-115.1305,COPPERMINE,0.9931428567767216,2.0068798065185547
1132,767,1.2,21.168306359986623,-0.31208441667822434,68.6667,-97.8,GLADMAN POINT A,0.4717032002942712,1.8437957763671875
1142,359,2.3,21.598938834154087,-18.407519961095826,64.0431,-139.128,DAWSON A,0.7621423105362545,2.187218427658081
1142,669,1.2,21.61343274960767,-4.674782885449549,68.75,-109.06700000000001,BYRON BAY A,0.45611892280416544,1.9067929983139038
1144,356,3.3,21.676001032265592,-18.5250048011659,64.05,-139.433,DAWSON,1.170755187335927,2.042905330657959
1146,704,1.6,21.771353847100382,-3.1159972251081784,69.1081,-105.13799999999999,CAMBRIDGE BAY A,0.640833445780598,1.809569239616394
1149,912,2.2,21.893848234284437,6.082122147370087,68.7758,-81.2425,HALL BEACH A,0.724747435457811,2.2000694274902344
1160,1100,8.4,22.39945260697579,14.412454916130438,66.5833,-61.6167,CAPE DYER A,1.8042298940834696,3.3743319511413574
1164,963,3.4,22.577846279580037,8.34718788299684,68.8986,-75.1408,LONGSTAFF BLUFF,0.9569055114207147,2.575195789337158
1169,998,3.9,22.807411148594248,9.909844813640515,68.65,-71.1667,DEWAR LAKES,1.0067763566057384,2.8075790405273438
1171,1071,6.3,22.868701178463567,13.129046420759014,67.5356,-63.7889,FOX FIVE,2.0907371990818437,2.1839439868927
1179,1036,5.2,23.241209751869288,11.583229823915062,68.4725,-66.8153,CAPE HOOPER,1.9413130751987693,1.9413692951202393
1184,575,1.6,23.44235374761187,-8.826311309401945,69.5833,-120.8,CLINTON POINT,0.5702282948313865,2.033628463745117
1199,460,3.0,24.11612349673207,-13.935204799901314,68.3042,-133.483,INUVIK A,1.3824889372047828,1.5727510452270508
1207,549,1.1,24.460936365558343,-9.983429469768042,70.1667,-124.71700000000001,CAPE PARRY A,0.4441702429522292,1.7949138879776
1215,1003,4.8,24.854671892755793,10.111462339176834,70.4861,-68.5167,CLYDE A,1.5850756724214592,2.1947832107543945
1219,477,2.1,25.028017177100875,-13.181003907270492,69.4333,-133.026,TUKTOYAKTUK A,0.9092020205363638,1.6740148067474365
1220,477,1.8,25.03831355202299,-13.16333698797708,69.45,-133.0,TUKTOYAKTUK,0.7793160176025975,1.6740148067474365
1246,562,1.1,26.222748150746305,-9.3888415938028,72.0,-125.26700000000001,SACHS HARBOUR A,0.4828619481606548,1.6510875225067139
1269,788,1.5,27.224762925109236,0.6018099385145664,74.7169,-94.9694,RESOLUTE CARS,0.5328459314863807,2.040281057357788
1322,640,1.2,29.59681105435813,-5.969241673105273,76.2333,-119.333,MOULD BAY A,0.5060966390136875,1.7184946537017822
1362,741,1.6,31.345755932126362,-1.4849252212430886,78.7833,-103.53299999999999,ISACHSEN,0.6519575673596124,1.7786931991577148
1391,826,0.9,32.64541886648805,2.272431308433523,79.9833,-85.9333,EUREKA A,0.3351019153096835,1.9465519189834595
1472,894,2.3,36.222662646628834,5.2749625457498235,82.5178,-62.2806,ALERT,1.1002332787465097,1.51510751247406
