ilocy,ilocx,TJan1.0 (degC),rlat,rlon,lat,lon,station_name,ratio,model_vals
552,1011,254.74999999999997,-4.5177895001951045,10.457750487409273,42.0333,-82.9,HARROW CDA AUTO,0.9884156552017233,256.10345458984375
558,1009,254.14999999999998,-4.286848910227873,10.373390404111557,42.2756,-82.9556,WINDSOR A,0.9888879677368189,255.37823486328125
560,1026,256.04999999999995,-4.166609944802487,11.147744256566659,42.2501,-81.9001,ERIEAU (AUT),0.9929910112963383,256.22430419921875
565,1026,251.34999999999997,-3.96806270606981,11.12134986160888,42.45,-81.8833,RIDGETOWN RCS,0.9769906844341404,255.6403045654297
580,1035,252.04999999999998,-3.2901926502243564,11.534742416339043,43.0332,-81.15055,LONDON CS COMPOSITE,0.9845748365851702,254.37757873535156
587,1054,252.64999999999998,-2.9689855230488806,12.37546741076384,43.1717,-79.9342,HAMILTON A,0.991421265344538,253.2222900390625
590,1054,253.24999999999997,-2.847748537093577,12.367862378820393,43.2917,-79.9083,HAMILTON RBG CS,0.9948173439277893,252.9571533203125
590,1063,256.34999999999997,-2.87199134716758,12.753426345960174,43.1833,-79.4,VINELAND STATION RCS,1.0029145825833832,253.98626708984375
595,1023,253.95,-2.652732378466715,10.985487811987579,43.7667,-81.7167,GODERICH,0.9882919452531129,255.33116149902344
599,1061,254.24999999999997,-2.437739396813662,12.657206982834726,43.62805,-79.39555,TORONTO ISLAND A COMPOSITE,1.0010408793359848,252.37713623046875
600,1057,251.74999999999997,-2.4275243009702034,12.480315141272046,43.6772,-79.6306,TORONTO LESTER B. PEARSON INT'L A,0.992809127499561,251.967529296875
600,1060,253.74999999999997,-2.4007826199030635,12.645432657636889,43.6667,-79.4,TORONTO CITY,0.9995100840722712,252.26658630371094
603,1037,249.24999999999997,-2.300804570575231,11.625346633334846,43.9833,-80.75,MOUNT FOREST (AUT),0.981492932295551,252.3415985107422
605,1060,250.24999999999997,-2.2053809803339703,12.62287891217746,43.8622,-79.37,TORONTO BUTTONVILLE A,0.9889985365772199,251.4312744140625
611,1078,251.24999999999997,-1.9198534980984727,13.446682564305245,43.95,-78.1667,COBOURG (AUT),0.9944993198390056,251.0397186279297
613,1095,250.84999999999997,-1.8540076319615553,14.186073428531435,43.8333,-77.15,POINT PETRE (AUT),0.9914685007375149,251.40623474121094
616,1043,252.41299999999998,-1.7154697341383163,11.8907013659687,44.5,-80.2167,COLLINGWOOD,0.9949666700257888,252.08328247070312
617,1087,248.26299999999998,-1.647919910661428,13.848380542642577,44.1167,-77.5333,TRENTON A,0.9847556674005501,250.5095977783203
618,1028,252.24999999999997,-1.6065279350677362,11.219407227076683,44.7458,-81.1072,WIARTON A,0.9900884248374119,253.16172790527344
618,1054,245.34999999999997,-1.628527286900477,12.358775206404447,44.4833,-79.55,BARRIE-ORO,0.977811152368747,249.32850646972656
620,1059,246.14999999999998,-1.5131887286064079,12.576260729874983,44.5472,-79.2167,LAGOON CITY,0.9827462615777287,248.8853302001953
635,1042,245.24999999999997,-0.864689730664254,11.829329505586019,45.3442,-80.0442,PARRY SOUND CCG,0.9859686422581572,247.16488647460938
639,1000,246.04999999999998,-0.6883970505338951,9.992710779507949,45.8833,-82.5667,GORE BAY A,0.988061079838798,247.4459991455078
644,1017,247.54999999999998,-0.46295019102332147,10.716661964189273,45.9667,-81.4833,KILLARNEY (AUT),1.0001663043498925,245.9413604736328
645,1068,239.64999999999998,-0.39870248083069254,13.001626368921663,45.5333,-78.2667,ALGONQUIN PARK EAST GATE,0.9708572407193863,245.2804412841797
647,968,245.14999999999998,-0.3282026503152139,8.56463998274487,46.4833,-84.5094,SAULT STE MARIE A,0.9776359000312518,249.169921875
651,1109,246.24999999999997,-0.14229068458931268,14.818651720335906,45.3225,-75.6692,OTTAWA MACDONALD-CARTIER INT'L A,0.9920896095968837,246.6415252685547
653,1132,245.95,-0.06746642402228695,15.808409118577105,45.1208,-74.2894,ST-ANICET 1,0.9887576138878859,247.1711883544922
657,1141,245.51199999999997,0.1010906457365428,16.207356591627608,45.1672,-73.6789,STE-CLOTILDE,0.9869774703886317,247.176025390625
658,1081,241.24999999999997,0.16636607784747412,13.543748046258958,45.95,-77.3167,PETAWAWA A,0.9799865208177879,244.61781311035156
658,1154,245.74999999999997,0.14685930964715913,16.805827936033086,45.0333,-72.85,FRELIGHSBURG,0.9890831267905393,246.888916015625
660,1046,242.34999999999997,0.2247059616752298,12.02855117692835,46.3636,-79.4228,NORTH BAY A,0.9924029173881252,242.65869140625
661,1024,242.45,0.27785930544065024,11.04782465123829,46.6256,-80.7978,SUDBURY A,0.9955197322870883,241.998779296875
661,1135,247.74999999999997,0.29875596700283863,15.963370852402406,45.4272,-73.9292,STE-ANNE-DE-BELLEVUE 1,0.9998482717363254,246.21835327148438
661,1145,247.24999999999997,0.2903801318541239,16.391939646159297,45.2939,-73.3494,L'ACADIE,0.9975173026058622,246.29563903808594
663,1107,244.45,0.3596178026937318,14.694185981330756,45.8394,-75.6481,HIGH FALLS,0.9909362148631834,245.12364196777344
663,1138,247.34999999999997,0.3730154780297401,16.072237754624673,45.4667,-73.75,MONTREAL/PIERRE ELLIOTT TRUDEAU INTL A,0.9993826820075961,245.9353485107422
664,1140,249.24999999999997,0.4443307640007551,16.175667448413403,45.5047,-73.5792,MCTAVISH,1.0076442207942118,245.7926025390625
666,1132,244.54999999999998,0.5070676872066261,15.82450983689447,45.6667,-74.0333,MONTREAL/MIRABEL INT'L A,0.9890509591650938,245.69134521484375
666,1142,246.64999999999998,0.4892824791896059,16.280985270212184,45.5167,-73.4167,MONTREAL/ST-HUBERT A,0.9979406713807336,245.59371948242188
668,1049,244.34999999999997,0.6116695306403618,12.166449577432108,46.7097,-79.1011,BARRAGE TEMISCAMINGUE,1.0022834026238003,242.24937438964844
669,1266,257.45,0.6616967255468574,21.753266688790557,43.8308,-66.0886,YARMOUTH A,0.9860581738747138,259.43658447265625
670,1167,244.54999999999998,0.6886805319462729,17.390734475406397,45.3689,-71.8236,LENNOXVILLE,0.9888515506962663,245.7408905029297
671,1099,242.45,0.7156331962537236,14.348255532286624,46.2747,-75.9919,MANIWAKI AIRPORT,0.9880931614166427,243.81765747070312
672,1140,244.64999999999998,0.7652575197208127,16.182646599358296,45.8094,-73.4347,L'ASSOMPTION,0.9917877096081409,245.1135711669922
672,1169,241.34999999999997,0.7807929838028224,17.463999638422727,45.4333,-71.6833,SHERBROOKE A,0.9764132663640733,245.61477661132812
673,1122,239.64999999999998,0.8000267506142459,15.358025625125332,46.0803,-74.5558,ST-JOVITE,0.9737675122475434,244.54737854003906
673,1126,242.64999999999998,0.8244980392844867,15.547958374592634,46.05,-74.2833,STE AGATHE DES MONTS,0.9844952592750569,244.9105682373047
677,1258,259.10699999999997,1.0130631992300436,21.40976422531739,44.2858,-66.3467,BRIER ISLAND,0.9941507059142639,258.9809265136719
679,959,239.54999999999998,1.1072814606393633,8.146944438375767,47.9667,-84.7833,WAWA (AUT),0.9904964525696065,240.31678771972656
680,890,240.74999999999997,1.1206948848156557,5.08967868562008,48.3694,-89.3272,THUNDER BAY A COMPOSITE,0.9894741109369919,241.77017211914062
682,1145,246.45,1.2293698580048833,16.414836345231127,46.1833,-72.9167,LAC SAINT-PIERRE,1.002814320423893,244.20196533203125
682,1286,255.45,1.2052549376769126,22.638199832678378,43.99,-64.6642,WESTERN HEAD,0.9834699936335072,258.0986022949219
684,1149,244.95,1.324199050408167,16.57320591671965,46.2258,-72.6572,NICOLET,0.9966558994193965,244.2154083251953
684,1248,252.91599999999997,1.2872699655585567,20.949284627149368,44.7121,-66.8019,GRAND MANAN SAR CS,0.9953410054187709,252.49063110351562
687,1274,253.84999999999997,1.434103189847353,22.120804518571795,44.4031,-65.2031,KEJIMKUJIK 1,0.9789944418950877,257.654541015625
688,1150,246.45,1.4756375012611829,16.62712774062688,46.3536,-72.5161,TROIS-RIVIERES,1.0035087621667174,244.03297424316406
689,766,239.34999999999997,1.5321233667437582,-0.36729378923272993,49.0308,-97.56,GRETNA (AUT),0.9932237880930329,239.45680236816406
689,795,236.14999999999998,1.5318919790453405,0.9194384967178424,49.0236,-95.5983,SPRAGUE,0.9811486246870879,239.1630096435547
689,1157,240.23299999999998,1.5250089118547172,16.941728866058813,46.3036,-72.0608,LEMIEUX,0.9781424174006508,244.0458526611328
690,934,243.14999999999998,1.574749328215675,7.060568712750296,48.5883,-86.2947,PUKASKWA (AUT),1.0045744197747897,240.5099334716797
692,1288,257.04999999999995,1.649603054462942,22.733902481009608,44.36,-64.2961,LUNENBURG,0.9955724790257131,256.5580139160156
693,746,239.54999999999998,1.7062631912498636,-1.2453482523306831,49.191,-98.9049,PILOT MOUND (AUT),0.9928800858293862,239.73985290527344
693,758,242.95,1.692542360181509,-0.7087051597006615,49.1876,-98.0839,MORDEN CDA CS,1.0074836314782811,239.61817932128906
693,1177,243.95,1.7124441297757003,17.80970706466286,46.205,-70.785,BEAUCEVILLE,0.9905567568010496,244.71597290039062
693,1250,251.38599999999997,1.7154081076878958,21.04652747769824,45.0731,-66.4492,POINT LEPREAU CS,0.9905007688928251,252.1895751953125
696,649,240.24999999999997,1.8530276791510933,-5.551048048175222,49.05,-105.48299999999999,CORONACH SPC,0.9868275170219151,241.9151153564453
696,716,238.14999999999998,1.847991952515984,-2.6003980818173,49.2813,-100.986,MELITA,0.9889670159614545,239.2817840576172
697,686,238.64999999999998,1.8662740844535828,-3.895667948011195,49.2167,-102.96700000000001,ESTEVAN A,0.9876107579018284,240.1134490966797
698,755,243.64999999999998,1.9070904135438949,-0.8589369087912421,49.3998,-98.3192,DEERWOOD RCS,1.0106939598573712,239.54527282714844
698,1156,241.45,1.912047650760465,16.87935615011807,46.6908,-71.9717,DESCHAMBAULT,0.9860838855951997,243.30677795410156
699,902,242.84999999999997,1.9686975720163602,5.651807495974578,49.1539,-88.3447,CAMERON FALLS (AUT),1.0088262098285543,239.20079040527344
700,618,237.84999999999997,2.0296618475819366,-6.918639867745951,49.0583,-107.586,VAL MARIE SOUTHEAST,0.974786866873469,242.456787109375
700,642,241.45,2.0064448994585153,-5.860683129353336,49.1678,-105.979,ROCKGLEN (AUT),0.9919680638456808,241.863525390625
700,759,239.54999999999998,2.002533166016492,-0.6691504847160616,49.4981,-98.0297,CARMAN U OF M CS,0.9952689328102685,239.1644287109375
701,1273,253.10999999999999,2.0477520185861904,22.08183244528817,44.9833,-64.9167,GREENWOOD A,0.9835770806669524,255.7064971923828
702,1007,236.84999999999997,2.1028662985791216,10.272256140147682,48.5697,-81.3767,TIMMINS VICTOR POWER A,0.9838518286921631,239.21287536621094
702,1043,240.14999999999998,2.11790965152228,11.861579221272638,48.2458,-79.0342,ROUYN,0.9953839276442227,239.7357635498047
702,1046,236.95,2.120200427078108,11.998605728555281,48.2167,-78.8333,ROUYN A,0.9816269104282697,239.85629272460938
702,1256,248.54999999999998,2.0923818993230565,21.32172942210499,45.3181,-65.8856,SAINT JOHN A,0.9808903245300773,251.78750610351562
702,1297,255.58333333333334,2.1121300635819313,23.135902127600357,44.62153333333333,-63.51943333333333,SHEARWATER A COMPOSITE,0.9918473820481075,256.0522155761719
703,1062,237.34999999999997,2.1295758090215102,12.715646487269279,48.0564,-77.7867,VAL-D'OR A,0.9847585314020988,239.4971466064453
703,1164,244.54999999999998,2.1447730555135602,17.22765924548009,46.8018,-71.3825,QUEBEC/JEAN LESAGE INTL A COMPOSITE,1.0012236124126976,242.70428466796875
703,1165,246.14999999999998,2.14518437871605,17.296210159902433,46.7803,-71.2875,STE-FOY (U. LAVAL),1.0076226529433352,242.7407989501953
705,1166,246.64999999999998,2.2186124972632277,17.336633694257245,46.8369,-71.1972,BEAUPORT,1.0100691727234543,242.6447296142578
705,1279,253.433,2.245163530071908,22.330642996726787,45.0667,-64.4833,KENTVILLE CDA CS,0.9906102824920237,254.2150115966797
707,813,239.64999999999998,2.3191516259454263,1.7019727769211224,49.7903,-94.3653,KENORA A,1.000355427578421,238.0476837158203
708,675,238.74999999999997,2.392352772509108,-4.39599211308612,49.7,-103.8,WEYBURN,0.9892488237812032,239.81629943847656
708,773,243.14999999999998,2.3883694702034233,-0.08344225224319311,49.8883,-97.1294,WINNIPEG THE FORKS,1.0160103919198031,237.8028106689453
708,1295,252.54999999999998,2.353824406162802,23.043207937173968,44.88,-63.5,HALIFAX STANFIELD INT'L A,0.9873944266358019,254.15435791015625
709,740,238.14999999999998,2.4288455569653005,-1.5193890618839296,49.9058,-99.3574,CARBERRY CS,0.9879197872989519,239.53543090820312
709,756,239.84999999999997,2.4082966955206366,-0.8221754174048094,49.90155,-98.2754,PORTAGE SOUTHPORT A COMPOSITE,0.997691538576372,238.88247680664062
709,771,239.14999999999998,2.4169256900823712,-0.15035553299554535,49.9167,-97.2333,WINNIPEG RICHARDSON INT'L A,0.9989413489106379,237.88729858398438
709,1139,239.45,2.4266194219063992,16.12848954456477,47.4111,-72.7875,LA TUQUE,0.9835704869479373,241.90798950195312
709,1242,246.64999999999998,2.4355673986902304,20.695842322706284,45.8721,-66.5279,FREDERICTON A,0.9853627371067863,248.72866821289062
710,732,237.84999999999997,2.4461289022730366,-1.9022360052764455,49.91,-99.9519,BRANDON A,0.9878677944958496,239.24627685546875
712,599,242.17199999999997,2.537436513099903,-7.770754446701081,49.4378,-108.98899999999999,EASTEND CYPRESS (AUT),0.9936404492974283,242.178466796875
712,644,240.34999999999997,2.5616572968723665,-5.774769190126448,49.7292,-105.946,ASSINIBOIA AIRPORT,0.9899994869113237,241.24038696289062
712,1109,235.64999999999998,2.554484863956163,14.795047971056874,47.9222,-74.6242,PARENT,0.9741548426349719,240.37002563476562
712,1171,246.84999999999997,2.5392780243252058,17.527497992979473,47.0786,-70.7808,CAP-TOURMENTE,1.0106269342673992,242.70745849609375
712,1355,262.84999999999997,2.558199415687226,25.705259485464225,43.9322,-60.0094,SABLE ISLAND,1.0124182339536458,257.981689453125
713,553,242.34999999999997,2.5820012344151984,-9.791876818087163,49.1333,-112.05,MILK RIVER,0.9887270111493062,243.56085205078125
713,1268,251.24999999999997,2.605983214039064,21.81846865676879,45.6,-64.95,FUNDY PARK (ALMA) CS,0.9952443554530227,250.85179138183594
715,754,239.45,2.69047932872118,-0.8860081616431726,50.1826,-98.3822,DELTA MARSH CS,0.9972463207281166,238.59056091308594
715,788,236.45,2.6808083374383638,0.5996210592201111,50.1772,-96.0647,PINAWA,0.9873442533355576,237.96417236328125
715,921,234.34999999999997,2.703334463357099,6.489334819136607,49.7828,-86.9306,GERALDTON A,0.9770716355743732,238.33038330078125
715,1163,238.78999999999996,2.6894220377912768,17.21183514335496,47.3228,-71.1483,FORET MONTMORENCY RCS,0.9776258378199,242.7081298828125
716,848,237.14999999999998,2.724053173483273,3.2714077284853,50.1167,-91.9,SIOUX LOOKOUT A,0.9914086662885313,237.69020080566406
717,592,242.34999999999997,2.791091450100094,-8.07580326635713,49.6406,-109.514,CYPRESS HILLS PARK,0.9949100119407165,242.04721069335938
717,987,236.34999999999997,2.791706214675361,9.415332080574757,49.41015,-82.45555,KAPUSKASING A COMPOSITE,0.9841826856696914,238.6276397705078
718,528,241.24999999999997,2.812988203747359,-10.92062877066302,49.1311,-113.809,WATERTON PARK GATE,0.9926935998896339,241.48655700683594
718,536,243.54999999999998,2.8090390132346363,-10.571265786085739,49.2006,-113.286,CARDSTON,0.9984262503650325,242.38905334472656
720,1161,237.24999999999997,2.8986000488602337,17.08311893214299,47.5622,-71.2289,L'ETAPE,0.9741095073039221,242.01333618164062
721,961,235.04999999999998,2.9296590159790448,8.264570518409494,49.7468,-84.1637,NAGAGAMI (AUT),0.979194577205551,238.52401733398438
721,1179,247.84999999999997,2.968983998361158,17.9164480090112,47.3558,-70.0319,LA POCATIERE,1.0140119366157905,242.87718200683594
722,694,237.84999999999997,2.995535908365118,-3.5550168868492085,50.3681,-102.571,BROADVIEW,0.9898475851202809,238.76776123046875
722,723,237.45,3.008132497519388,-2.2962437089641146,50.4549,-100.603,SHOAL LAKE CS,0.9888420963368151,238.6085968017578
722,760,238.95,3.003904372048266,-0.6603151832297092,50.4995,-98.0367,OAKPOINT MARINE,0.9966021038415422,238.2462615966797
723,594,239.64999999999998,3.044682502865987,-8.003292419347964,49.9025,-109.46600000000001,MAPLE CREEK,0.984538757723233,241.87193298339844
724,564,242.45,3.098854685759743,-9.295091002394907,49.7342,-111.45,BOW ISLAND,0.9902915459619959,243.27639770507812
725,651,239.24999999999997,3.1327570583551307,-5.455457263620255,50.3325,-105.5525,MOOSE JAW A COMPOSITE,0.990354933218968,240.0501251220703
725,774,237.54999999999998,3.1333061845638013,-0.024710481891489902,50.6333,-97.0389,GIMLI COMPOSITE,0.9943930880128237,237.3765411376953
725,1267,248.04999999999998,3.143485364303546,21.790230230835956,46.1053,-64.6838,MONCTON A,0.9854856514047939,250.10926818847656
726,489,257.45,3.170292165436488,-12.649333957750157,49.0817,-116.501,CRESTON CAMPBELL SCIENTIFIC,1.061216757983512,241.0625
726,545,241.671,3.16518878430455,-10.173529005346774,49.6303,-112.8,LETHBRIDGE A,0.9858400707002324,243.58970642089844
726,664,237.47499999999997,3.1741915710209807,-4.882522538616095,50.4333,-104.667,REGINA RCS COMPOSITE,0.9869922876586096,239.08096313476562
726,732,234.74999999999997,3.190349735680813,-1.8675357401014678,50.655,-99.9419,WASAGAMING,0.974912408300294,239.26593017578125
726,829,239.83099999999996,3.188937835040126,2.3995117841802442,50.6306,-93.2214,EAR FALLS (AUT),1.0045076589042214,237.24273681640625
727,527,241.95,3.2197105976804745,-10.956741179292218,49.5206,-113.99700000000001,PINCHER CREEK (AUT),0.9973627847788394,241.05343627929688
727,679,237.74999999999997,3.2308577774768055,-4.226503991244114,50.55,-103.65,INDIAN HEAD CDA,0.9907471713537574,238.45066833496094
727,781,240.56499999999997,3.2007662956617806,0.2748711630557643,50.7,-96.5667,VICTORIA BEACH (AUT),1.0068116785538952,237.4242401123047
728,620,240.34999999999997,3.239737027524128,-6.847848201400332,50.2667,-107.73299999999999,SWIFT CURRENT CDA,0.9901860009509704,241.1949462890625
728,621,240.34999999999997,3.2683382675249013,-6.811573228356857,50.3,-107.68299999999999,SWIFT CURRENT A,0.9903195726432786,241.16241455078125
728,738,241.64999999999998,3.238015104367025,-1.604296915523847,50.7119,-99.53,MCCREARY,1.0040248989628033,239.15704345703125
729,576,239.64999999999998,3.2973173390410704,-8.779173353024989,50.022,-110.719,MEDICINE HAT A COMPOSITE,0.9829823641275407,242.25489807128906
729,1213,244.24999999999997,3.3020657185607187,19.387549788287743,47.1578,-67.8319,ST LEONARD A COMPOSITE,0.9909805850215536,244.91212463378906
731,521,241.24999999999997,3.392853431562612,-11.240696431515284,49.6275,-114.48200000000001,CROWSNEST,0.9966905486164583,240.5181427001953
732,1263,248.74999999999997,3.419170347604767,21.608220895106566,46.4303,-64.7681,BUCTOUCHE CDA CS,0.9887729989788734,249.981201171875
734,1183,246.34999999999997,3.5026325469840005,18.071611554798213,47.8058,-69.5486,RIVIERE-DU-LOUP,1.0086285242501059,242.6957550048828
735,502,247.04999999999998,3.5715594149337595,-12.06538588634602,49.6122,-115.78200000000001,CRANBROOK A,1.026647171251232,239.1137237548828
735,1139,240.24999999999997,3.5858890255644726,16.122340479606144,48.5167,-72.2667,ROBERVAL A,0.9923269495533366,240.57443237304688
735,1315,253.02499999999998,3.5504531204191316,23.905245644814915,45.6084,-61.6797,TRACADIE,0.9770225184796537,257.33551025390625
736,1157,239.45499999999998,3.6254941753179493,16.906447140250897,48.3072,-71.1292,LATERRIERE,0.9869619156167995,241.08177185058594
736,1281,249.04999999999998,3.631858308369431,22.414812996378107,46.3028,-63.5756,MAPLE PLAINS,0.9811403114815879,252.229736328125
737,534,241.64999999999998,3.6421323328406863,-10.62702051987502,50.0036,-113.639,CLARESHOLM,0.9905205887616859,242.4176025390625
737,731,238.14999999999998,3.6379372702178405,-1.9207989384728106,51.1002,-100.0535,DAUPHIN A COMPOSITE,0.9909664443541434,238.7989959716797
737,1158,240.74999999999997,3.677953743438618,16.97946760951628,48.3333,-71.0,BAGOTVILLE A,0.9923676043846202,241.0652313232422
737,1160,240.14999999999998,3.662019493356082,17.041652278761006,48.2981,-70.9195,LA BAIE,0.9893378882786595,241.20083618164062
737,1256,247.95,3.6767683756974234,21.31198319515317,46.7833,-65.0167,KOUCHIBOUGUAC CS,0.9888202720415242,249.1653289794922
738,1276,250.95,3.684710788877479,22.195185432129644,46.44,-63.8349,SUMMERSIDE A COMPOSITE,0.9933666822611256,251.02586364746094
739,713,237.74999999999997,3.760196423505861,-2.739158794258717,51.1833,-101.363,ROBLIN,0.9924492547454412,238.04171752929688
739,1248,246.45,3.765619739795685,20.940153426022277,47.00945,-65.4664,MIRAMICHI A COMPOSITE,0.9873914384367167,248.016357421875
739,1287,250.45,3.745334014783396,22.703007279034583,46.2886,-63.1286,CHARLOTTETOWN A,0.9832994360604517,253.0906524658203
740,1052,236.45,3.7789908287096394,12.297692079301934,49.7578,-77.7931,MATAGAMI,0.9870660812144245,238.03123474121094
741,387,269.84999999999997,3.8239210122061644,-17.15789936957119,48.4133,-123.325,VICTORIA GONZALES CS,1.0402308903048627,257.77069091796875
741,388,271.75,3.8131068639334633,-17.091967087770012,48.4246,-123.226,DISCOVERY ISLAND,1.0475479094754292,257.7724609375
741,1133,235.24999999999997,3.8382573925206396,15.845783579360823,48.8417,-72.5469,NORMANDIN,0.9761218110798554,239.4784698486328
742,385,269.95,3.866425232576927,-17.22336588045333,48.431999999999995,-123.439,ESQUIMALT HARBOUR,1.0402182251883842,257.8693542480469
742,387,269.75,3.860863145810521,-17.13098660583699,48.457,-123.305,VICTORIA UNIVERSITY CS,1.0395362507822132,257.84735107421875
742,630,239.74999999999997,3.8673502491107055,-6.388839086316044,50.95,-107.15,LUCKY LAKE,0.9933658547128527,239.8226776123047
742,697,236.95,3.887198018830976,-3.42540834014595,51.2667,-102.46700000000001,YORKTON A,0.991158900838325,237.54959106445312
743,378,270.75,3.920431847725504,-17.544311929153427,48.3767,-123.921,SHERINGHAM POINT,1.0375922324200586,259.2881164550781
744,562,240.24999999999997,3.9532646939536473,-9.393077020352104,50.5553,-111.84899999999999,BROOKS,0.9854655063472908,242.2494659423828
745,385,266.15,4.021212779396035,-17.233218807834255,48.5749,-123.53,MALAHAT,1.02477000780868,258.072021484375
745,639,238.24999999999997,4.004028274264496,-6.011103315258324,51.1333,-106.583,ELBOW CS,0.9894138967172615,239.27413940429688
746,387,268.65,4.066814708077395,-17.144251143372646,48.6472,-123.426,VICTORIA INT'L A,1.0340957916264586,258.14691162109375
746,447,258.65799999999996,4.074800059239958,-14.502483686793461,49.4631,-119.602,PENTICTON A,1.072592372121198,239.62496948242188
746,597,237.64999999999998,4.042323964101323,-7.864251449612356,50.9095,-109.501,LEADER AIRPORT,0.9814553343700059,240.60693359375
748,870,236.84999999999997,4.133883041177155,4.2317050546339585,51.4492,-90.2178,PICKLE LAKE (AUT),0.9938236286756859,236.8126678466797
749,405,264.25,4.198174141908334,-16.35606704872496,49.0253,-122.36,ABBOTSFORD A,1.0319577615836188,254.44500732421875
749,447,257.34999999999997,4.1788700064708015,-14.503447269573998,49.5626,-119.649,SUMMERLAND CS,1.0660137487852754,239.884521484375
749,658,237.64999999999998,4.190016549970016,-5.148031551390762,51.4167,-105.25,LAST MOUNTAIN CS,0.9927369685608634,237.8726348876953
750,434,245.34999999999997,4.247462226064249,-15.068282827752846,49.465,-120.51,PRINCETON CS,1.003253903290924,243.00547790527344
750,1302,252.95,4.229885830842323,23.34764067717972,46.46,-61.9883,EAST POINT (AUT),0.9783478383583102,256.9107360839844
751,399,266.54999999999995,4.28007966625976,-16.62260391293486,49.0181,-122.78399999999999,WHITE ROCK CAMPBELL SCIENTIFIC,1.0358057119229562,255.70619201660156
751,415,263.75,4.282087444883862,-15.91382619343588,49.2431,-121.76,AGASSIZ RCS,1.048999581802829,249.8377227783203
752,1092,234.95,4.314826475256753,14.041572275934413,49.8225,-74.9753,CHAPAIS,0.9832405235734292,237.4414520263672
752,1098,235.95,4.341123900397775,14.331937270448247,49.7667,-74.5333,CHIBOUGAMAU CHAPAIS A,0.9859956842126576,237.78575134277344
754,633,240.34999999999997,4.388030623549306,-6.257256460178759,51.4833,-107.05,OUTLOOK PFRA,0.9997692550928123,238.8829803466797
755,392,268.65,4.47352735039697,-16.91660692542191,49.1059,-123.303,SANDHEADS CS,1.0427403853224562,256.0068054199219
755,402,264.45,4.440452463283688,-16.502915772943545,49.2083,-122.69,PITT MEADOWS CS,1.0365956185779461,253.49830627441406
755,657,237.60299999999998,4.448566909522275,-5.214211817459767,51.6667,-105.4,WATROUS EAST,0.9933525614276675,237.67820739746094
755,674,237.04999999999998,4.473443711760957,-4.46219952097385,51.7667,-104.2,WYNYARD (AUT) COMPOSITE,0.9942733142619739,236.9054412841797
755,1227,245.95,4.445044420877726,20.023108968557214,47.98665,-66.33375,CHARLO A COMPOSITE,0.9971958453457083,245.0796356201172
757,395,265.54999999999995,4.531847882450481,-16.812356613135417,49.195,-123.182,VANCOUVER INT'L A,1.0341764447852801,255.14820861816406
757,477,258.15,4.535658879917492,-13.17156524054139,50.2694,-117.81700000000001,NAKUSP CS,1.0756241226766705,238.4802703857422
757,621,237.14999999999998,4.543253953489351,-6.782143420224657,51.5667,-107.917,ROSETOWN EAST,0.9856613403271437,239.07615661621094
757,1195,247.34999999999997,4.5562730774171545,18.628454874362962,48.6,-68.2167,MONT-JOLI A,1.0130275134812585,242.6227569580078
757,1332,254.84999999999997,4.547371168122773,24.68874933090904,46.165,-60.0449,SYDNEY A COMPOSITE,0.9779431409167125,258.9476013183594
758,1314,256.15,4.588363646646774,23.89393865227279,46.55,-61.05,GRAND ETANG,0.9844196910204,258.5561828613281
759,603,238.24999999999997,4.610409614867476,-7.570753106418941,51.5167,-109.18299999999999,KINDERSLEY A,0.9879257460968922,239.6345672607422
759,1207,243.73499999999999,4.623485216674943,19.159314658896264,48.4719,-67.4347,AMQUI,0.9963974735167359,243.06707763671875
760,386,271.417,4.6804039159776645,-17.19704074591602,49.2087,-123.811,ENTRANCE ISLAND,1.056311968659381,255.3205108642578
760,716,238.95,4.685995917015492,-2.6066397449072016,52.115,-101.23299999999999,SWAN RIVER RCS,0.998148323037875,237.877197265625
760,1250,249.74999999999997,4.662707364772209,21.02564696281144,47.8022,-64.8333,BAS CARAQUET,1.0002740308880138,248.100341796875
761,1241,248.24999999999997,4.7250359023055095,20.634839340816264,48.0119,-65.3317,NEW CARLISLE 1,1.0001583897493624,246.63876342773438
761,1315,256.96099999999996,4.704626271084214,23.916315122938823,46.645,-60.9472,CHETICAMP CS,0.9874250571317985,258.5853576660156
762,517,246.24999999999997,4.776113762780571,-11.383973530791646,50.9425,-115.19,NAKISKA RIDGETOP,1.0223301915349683,239.34585571289062
762,531,244.45,4.76924219822372,-10.75830623635522,51.0761,-114.22200000000001,COP UPPER,1.003913188461928,241.955078125
762,535,241.45,4.774947940151555,-10.620135447666259,51.11165,-114.01,CALGARY INT'L A COMPOSITE,0.990271439336505,242.2779083251953
763,529,240.74999999999997,4.816583810372801,-10.845805340030955,51.1031,-114.374,SPRINGBANK A,0.9896608046250838,241.7245635986328
764,395,269.15,4.8334767565191905,-16.7885490023161,49.4878,-123.29899999999999,HOWE SOUND - PAM ROCKS,1.0577400736465747,252.8461151123047
764,590,239.45,4.864690176494659,-8.17501403860561,51.6697,-110.206,ESTHER 1,0.9920244518720298,239.84646606445312
764,774,237.34999999999997,4.859701908610029,-0.013483923037703209,52.3597,-97.022,BERENS RIVER CS,0.9978025698171473,236.3662567138672
764,1005,237.34999999999997,4.867770636885051,10.1990863437685,51.29155,-80.6128,MOOSONEE RCS COMPOSITE,0.9901811056277048,238.18557739257812
765,382,271.84999999999997,4.890221179886947,-17.364549459480404,49.3503,-124.16,BALLENAS ISLAND,1.056885279149878,255.589111328125
765,520,239.95,4.895315794269252,-11.275867224351858,51.0833,-115.06700000000001,BOW VALLEY,0.9928142366224563,240.15609741210938
765,1322,256.25,4.883307348938683,24.243318232091806,46.6628,-60.4064,INGONISH BEACH RCS,0.9841343532857642,258.73211669921875
766,555,237.34999999999997,4.927662707280547,-9.731934430373395,51.4453,-112.677,DRUMHELLER EAST,0.9778507024012272,241.18902587890625
766,1252,250.45,4.942492261216898,21.153051514564137,48.0089,-64.4942,MISCOU ISLAND (AUT),1.0036654985353242,247.95501708984375
768,371,264.75,5.029600711219969,-17.847530458627244,49.3166,-124.927,PORT ALBERNI (AUT),1.0269234859062115,256.1761779785156
768,640,236.54999999999998,5.039762809078846,-5.965341609252919,52.1667,-106.71700000000001,SASKATOON DIEFENBAKER INT'L A,0.9893734738061273,237.5765380859375
768,900,233.15399999999997,5.02058830583224,5.562715540897963,52.1961,-87.9361,LANSDOWNE HOUSE (AUT),0.9803797751035123,236.31396484375
769,514,241.16899999999998,5.073148425232085,-11.547266050899315,51.1934,-115.552,BANFF CS,1.0037899261427614,238.73687744140625
769,1191,243.54999999999998,5.058478584630331,18.448044213540186,49.1333,-68.2,BAIE-COMEAU A,1.000398240163482,241.9112548828125
771,424,254.64999999999998,5.179901437774616,-15.499962761096826,50.2244,-121.58200000000001,LYTTON COMPOSITE,1.0428640950630628,242.6368865966797
771,1296,255.45,5.165470743191601,23.067861791370248,47.4253,-61.7747,ILES DE LA MADELEINE,0.9828799663981767,258.2535400390625
772,459,251.54999999999998,5.207853828775503,-13.959067681366966,50.703,-119.291,SALMON ARM CS,1.0478669561257512,238.53880310058594
772,1191,244.54999999999998,5.1887276143913486,18.43614600800423,49.2592,-68.1458,BAIE-COMEAU,1.004726793959672,241.85804748535156
773,476,253.04999999999998,5.2641775329426554,-13.212203295598437,50.9611,-118.18299999999999,REVELSTOKE A,1.0606974512268526,237.05857849121094
776,375,267.45,5.398827057118161,-17.69177543345937,49.7167,-124.9,COMOX A,1.044666255002321,254.3934326171875
776,574,238.74999999999997,5.398570887919044,-8.86154402048701,52.0742,-111.449,CORONATION CLIMATE,0.9874271544302597,240.25872802734375
776,1213,248.58899999999997,5.405639870783257,19.402403838180682,49.1092,-66.6544,CAP-CHAT,1.0135963558210255,243.70123291015625
776,1251,249.14999999999998,5.366053007944036,21.097471836404118,48.4194,-64.3169,CAP-D'ESPOIR,0.9993129502060283,247.74234008789062
777,443,248.54999999999998,5.416834683190573,-14.660457567490104,50.7022,-120.44200000000001,KAMLOOPS A COMPOSITE,1.0322511358851933,239.25953674316406
777,611,238.84999999999997,5.410314696485807,-7.227641306952379,52.3597,-108.835,SCOTT CDA,0.9960975634593018,238.26718139648438
777,1201,246.14999999999998,5.422717212948875,18.882282923933264,49.3167,-67.3811,POINTE-DES-MONTS,1.0076720602422844,242.72889709472656
778,409,255.74999999999997,5.487582020971667,-16.178053892348963,50.3039,-122.736,PEMBERTON AIRPORT CS COMPOSITE,1.0471630501476252,242.68458557128906
779,529,237.42799999999997,5.517534556250306,-10.88321669473655,51.7781,-114.68299999999999,SUNDRE A,0.9757729561205233,241.7820281982422
780,670,237.74999999999997,5.541979838388668,-4.606198823522794,52.8167,-104.6,MELFORT,0.9991249453541258,236.45123291015625
782,1246,246.34999999999997,5.651301920249028,20.85593090429929,48.7769,-64.4781,GASPE A,0.9861898395680931,248.21778869628906
783,423,252.95,5.686061278212976,-15.570891253730354,50.6837,-121.934,LILLOOET,1.0446347905244835,240.60855102539062
783,744,235.84999999999997,5.7063233640495,-1.365436807885565,53.1864,-99.2678,GRAND RAPIDS (AUT),0.993281126149168,235.94161987304688
785,541,238.45,5.801064729915265,-10.317618290854872,52.1786,-113.89299999999999,RED DEER A,0.9812465222622502,241.46826171875
785,620,235.95,5.765774172302074,-6.816518407766225,52.7719,-108.256,NORTH BATTLEFORD A COMPOSITE,0.9876483214899037,237.3878631591797
787,1230,250.14999999999998,5.868272928845077,20.155391389530983,49.2508,-65.3247,CAP-MADELEINE,1.0018163056054608,248.11514282226562
790,657,234.14999999999998,6.007061876745139,-5.205649220236125,53.2167,-105.667,PRINCE ALBERT A,0.9846446178217133,236.2955322265625
790,680,235.54999999999998,6.022339598671445,-4.196613718484254,53.3333,-104.0,NIPAWIN,0.9902386937304113,236.36549377441406
791,432,244.24999999999997,6.040529782467067,-15.168750889719446,51.1447,-121.505,CLINTON (AUT),1.0131326343632543,239.55714416503906
791,545,237.74999999999997,6.047101757492389,-10.177073514979266,52.4489,-113.756,LACOMBE CDA 2,0.9803764044215549,240.97308349609375
792,582,237.84999999999997,6.101760253486226,-8.51030655742628,52.8294,-111.096,WAINWRIGHT CFB AIRFIELD 21,0.9890206141563078,238.9674072265625
792,1330,257.95,6.07942366355763,24.598257854640586,47.5739,-59.1547,PORT AUX BASQUES,0.996657673104003,257.17596435546875
793,1327,259.34999999999997,6.155194352980857,24.442589655182573,47.7117,-59.3083,WRECKHOUSE,1.0023914314047575,257.09271240234375
794,529,237.64999999999998,6.175976922751965,-10.874457517111214,52.4214,-114.912,ROCKY MTN HOUSE (AUT),0.977182998259454,241.6588897705078
797,366,268.95,6.335759578282908,-18.08989630523469,50.4535,-125.993,FANNY ISLAND,1.0637436655009038,251.23226928710938
797,632,235.34999999999997,6.295206216756323,-6.310304850448561,53.3667,-107.55,SPIRITWOOD WEST,0.9861856053424828,237.13540649414062
798,806,235.14999999999998,6.37108696084185,1.3946292957132782,53.85,-94.65,ISLAND LAKE A,0.9952724085420169,234.77069091796875
800,598,238.45,6.467027949933973,-7.816700497910845,53.3092,-110.072,LLOYDMINSTER A,0.9973875106911545,237.56051635742188
800,763,233.74999999999997,6.452753004204012,-0.5033945328851623,53.95,-97.85,NORWAY HOUSE A,0.9894472297059095,234.74688720703125
800,1207,247.54999999999998,6.435421705236603,19.13758553412391,50.1625,-66.4339,POINTE NOIRE CS,1.0157692331866721,242.1635284423828
802,560,237.45,6.5168158846192465,-9.491987419918518,53.05,-112.81700000000001,CAMROSE,0.9845731130050687,239.64317321777344
802,720,235.34999999999997,6.530706804739108,-2.4262533068727663,53.9667,-101.1,THE PAS A COMPOSITE,0.9946807978114882,235.11012268066406
802,870,233.54999999999998,6.5178768261047715,4.222264895214605,53.82445,-89.88115,BIG TROUT LAKE COMPOSITE,0.9881386372528219,234.8566436767578
802,1209,242.54999999999998,6.5281147544200975,19.221659956798636,50.2167,-66.25835,SEPT-ILES A COMPOSITE,0.9950194311966797,242.22032165527344
803,468,240.54999999999998,6.576161870116752,-13.555416375438215,52.129,-119.29,BLUE RIVER CS,1.0123227201355496,236.1169891357422
803,1351,256.84999999999997,6.597500707225498,25.503301629128412,47.6167,-57.6167,BURGEO COMPOSITE,1.0047679263922025,254.0122528076172
805,1239,246.45,6.672664893036011,20.54019153843304,49.8386,-64.2933,PORT-MENIER,0.9942752684514772,246.29922485351562
806,653,237.04999999999998,6.729632151874416,-5.362566278886254,53.9167,-106.06700000000001,WASKESIU LAKE,0.9957714126674435,236.5490264892578
809,349,267.95,6.867169200978581,-18.822471420345344,50.6803,-127.366,PORT HARDY A,1.04021324306515,255.9600830078125
810,530,242.48199999999997,6.908602573754417,-10.834386051531007,53.1436,-115.126,VIOLET GROVE CS,0.9995774903496094,241.04820251464844
810,551,236.12399999999997,6.869367874748275,-9.896363041606373,53.3117,-113.5945,EDMONTON INTERNATIONAL CS COMPOSITE,0.9790268661050449,239.65493774414062
810,572,238.66199999999998,6.878051683715291,-8.976976249942552,53.5053,-112.098,VEGREVILLE,0.9948103619094487,238.3876953125
814,1236,243.95,7.086274614072902,20.404725115702817,50.2714,-64.2264,LONGUE-POINTE-DE-MINGAN,0.9926207625378496,244.20712280273438
815,432,241.64999999999998,7.133331673139345,-15.169367061339733,52.1831,-122.054,WILLIAMS LAKE A,1.0109042663345744,237.529541015625
815,490,238.05599999999998,7.132905600093984,-12.59280256834153,52.9264,-118.03,JASPER WARDEN,1.0017764915514735,236.12890625
815,553,240.34999999999997,7.114874508389575,-9.795822805617163,53.57276667,-113.51799999999999,EDMONTON CITY CENTRE A COMPOSITE,0.9985204854109823,239.18173217773438
815,1328,255.74999999999997,7.117358910371174,24.517097913492673,48.5333,-58.55,STEPHENVILLE A,0.9978617233279352,254.67489624023438
816,545,242.50599999999997,7.165224782096586,-10.146293552939351,53.5472,-114.10799999999999,EDMONTON STONY PLAIN CS,1.005416091761083,239.672119140625
816,562,238.14999999999998,7.142646703644518,-9.39280651845686,53.6828,-112.868,ELK ISLAND NAT PARK,0.9921987416045637,238.50241088867188
817,554,241.14999999999998,7.20031278290669,-9.74605025536421,53.6667,-113.46700000000001,EDMONTON NAMAO A,1.0027288076265806,238.97068786621094
818,713,235.64999999999998,7.265476171623048,-2.7271258170741155,54.6833,-101.68299999999999,FLIN FLON,0.9976046364978214,234.71986389160156
824,514,236.74499999999998,7.52991753280295,-11.510674313393835,53.5862,-116.46700000000001,EDSON A COMPOSITE,0.979606109911928,240.1431427001953
824,1403,260.04999999999995,7.514621430997384,27.815292532611775,47.2939,-53.9933,ARGENTIA (AUT),1.013536467567485,254.9519500732422
825,1032,236.24999999999997,7.55110484508539,11.40209725081259,53.6333,-77.7,LA GRANDE RIVIERE A,0.994610723635897,236.0258331298828
826,599,235.84999999999997,7.579601901793152,-7.751283756222322,54.4167,-110.28299999999999,COLD LAKE A,0.9903678594180259,236.6356658935547
827,1333,255.14999999999998,7.665818126824087,24.702111897273234,48.9333,-57.9167,CORNER BROOK,0.9985572858968085,253.9004364013672
833,667,233.34999999999997,7.901462901160688,-4.759302141690492,55.1482,-105.2685,LA RONGE RCS COMPOSITE,0.9887204535792405,234.51744079589844
834,526,239.34999999999997,7.970771424867976,-10.980626536377773,54.1418,-115.7855,WHITECOURT COMPOSITE,0.9952534199022618,238.96847534179688
835,432,240.14999999999998,8.020634284705773,-15.164130981795742,53.0261,-122.51,QUESNEL A,1.0041820200639304,237.6353302001953
835,925,233.84999999999997,7.980076893652368,6.671684239981935,54.9833,-85.4333,PEAWANUCK (AUT),0.9916492472413728,234.32582092285156
837,1336,248.14999999999998,8.075391192008935,24.868387906174352,49.2167,-57.4,DEER LAKE A,0.9795912942476197,251.7156524658203
838,578,238.45,8.109459289381412,-8.687796526019358,54.7689,-112.024,LAC LA BICHE CLIMATE,1.0001959906907278,236.89346313476562
838,705,236.45,8.138488938936142,-3.055518822819442,55.5333,-102.35,ISLAND FALLS (AUT),1.0059173735531552,233.5704345703125
840,1326,255.069,8.23989353197616,24.42289491438044,49.57,-57.8778,ROCKY HARBOUR CS,1.003921013832421,252.46372985839844
840,1416,257.54999999999995,8.230534649080468,28.377457088340115,47.6222,-52.7428,ST JOHN'S A,0.9953482741788573,257.1149597167969
841,1357,244.84999999999997,8.276607341657702,25.763095697857583,48.9667,-56.0667,BADGER (AUT),0.9704166755879364,250.7163848876953
842,763,232.04999999999998,8.306018505604065,-0.4898819825218631,55.8033,-97.8625,THOMPSON A,0.9892420072627486,233.08798217773438
842,1084,232.08799999999997,8.314253687711462,13.681998561384583,53.7572,-73.6792,LA GRANDE IV A,0.9832844062301718,234.53863525390625
847,781,234.611,8.5383737338289,0.27697370454922526,56.0375,-96.5097,KELSEY DAM CS,1.0019473126488916,232.672119140625
847,1294,243.45,8.51185137838431,22.990534772134843,50.465,-59.6394,CHEVERY,0.9919757282420453,243.8650665283203
849,1389,254.95,8.608947022211417,27.178288344027237,48.5569,-53.9744,TERRA NOVA NAT PARK CS,0.9968344390738544,254.139892578125
852,1376,253.34999999999997,8.74541391101366,26.63526688911577,48.94625,-54.5719,GANDER INT'L A COMPOSITE,0.9958594810671758,252.79222106933594
853,629,233.95,8.81558779602243,-6.460311131338492,55.8406,-108.421,BUFFALO NARROWS (AUT),0.9914468666891895,234.473876953125
855,436,238.45,8.871679997996239,-14.978951097074027,53.8908,-122.679,PRINCE GEORGE A,0.9977503694168646,237.47412109375
855,804,234.64999999999998,8.87791133303917,1.2870337040640296,56.3589,-94.7042,GILLAM,1.0031372421073412,232.43475341796875
856,313,269.15,8.9221102400567,-20.436114299632873,51.9333,-131.017,CAPE ST JAMES,1.0478391597909322,255.2352294921875
856,1323,251.80199999999996,8.917592883317909,24.275196665536356,50.2364,-57.5811,DANIELS HARBOUR,0.9959875123045094,251.21533203125
857,545,237.53599999999997,8.961434607356354,-10.137658918282566,55.3,-114.78299999999999,SLAVE LAKE A,0.9957478356350405,237.03961181640625
857,695,232.24999999999997,8.975675671215516,-3.521382304920674,56.3333,-103.28299999999999,SOUTHEND,0.9907230114236582,232.9401397705078
858,1398,258.04999999999995,8.995449237262823,27.614971456792322,48.6672,-53.1142,BONAVISTA COMPOSITE,1.00054596062519,256.2758483886719
861,1022,236.04999999999998,9.143254450485722,10.963379553343792,55.2833,-77.75,KUUJJUARAPIK A,0.9938785978857818,235.99974060058594
863,1351,252.45,9.231985979494414,25.520707508907858,49.9167,-55.6667,LA SCIE,0.9952754192142704,252.04202270507812
865,1365,256.15,9.307897246727128,26.13004376259036,49.6833,-54.8,TWILLINGATE (AUT),1.004799377339821,253.3120574951172
867,493,233.74999999999997,9.437642625030247,-12.46008114715757,55.1797,-118.885,GRANDE PRAIRIE A,0.9780224315252174,237.4890899658203
867,723,231.74999999999997,9.423099719603844,-2.2572180214763757,56.8639,-101.07600000000001,LYNN LAKE A,0.9929783428902518,231.9107208251953
877,597,233.24999999999997,9.871521038852975,-7.875701530273596,56.65055,-111.215,FORT MCMURRAY A COMPOSITE,0.9891949125630776,234.30450439453125
880,399,236.95,9.993147522311885,-16.63738722118312,54.3832,-125.959,BURNS LAKE DECKER LAKE,0.992720159981055,237.17599487304688
883,1207,235.95,10.1206661327751,19.1358411789273,53.5539,-64.09695,CHURCHILL FALLS A COMPOSITE,0.9896252883037597,236.91363525390625
885,517,234.34999999999997,10.226946829363605,-11.381198804475845,56.2269,-117.447,PEACE RIVER A,0.9879399606002099,235.70851135253906
887,315,267.84999999999997,10.323304131822256,-20.314453931732185,53.2539,-131.813,SANDSPIT A,1.0224589669446658,260.3074645996094
887,441,236.45,10.295420807028806,-14.765125833156345,55.3053,-123.13799999999999,MACKENZIE A,0.9962479460196186,235.83743286132812
887,594,236.64999999999998,10.29025448153633,-7.989638709553197,57.0411,-111.559,MILDRED LAKE,1.0058936432228442,233.7735137939453
889,1329,249.04999999999998,10.373611671056155,24.545692171940438,51.3833,-56.1,ST ANTHONY,0.9995430074437374,247.58590698242188
895,367,252.78199999999998,10.64544044520589,-18.038806278710556,54.4664,-128.577,TERRACE A,1.0415583846527452,241.15895080566406
895,387,243.14999999999998,10.665533425795687,-17.140960439352252,54.8247,-127.18299999999999,SMITHERS A,1.0137562696083398,238.33157348632812
895,1162,233.84999999999997,10.642722973708436,17.15060312140212,54.8,-66.8167,SCHEFFERVILLE A,0.9908502710690518,234.5147705078125
897,477,237.45,10.753806257076697,-13.163717285063106,56.2381,-120.74,FORT ST JOHN A,1.001512005820375,235.5900115966797
898,342,268.04999999999995,10.795331636988363,-19.128696079466494,54.1722,-130.361,HOLLAND ROCK,1.061279338746579,250.9729766845703
901,342,259.84799999999996,10.925168419012316,-19.12359427311639,54.2925,-130.445,PRINCE RUPERT A,1.0348561705738049,249.5055694580078
908,757,233.45,11.223480767171646,-0.7949466980517512,58.7158,-98.5017,TADOULE LAKE CS,1.0091506332578584,229.8681182861328
909,810,233.34999999999997,11.26553987182579,1.551818174574523,58.73625,-94.06655,CHURCHILL A COMPOSITE,1.0037687542204161,231.00160217285156
926,670,229.54999999999998,12.01176366560062,-4.604034071073405,59.25,-105.833,STONY RAPIDS A,0.9948109785825268,229.28602600097656
929,574,231.64999999999998,12.174502673448476,-8.86753025568397,58.7108,-113.866,GARDEN RIVER,0.9915841577241555,232.13658142089844
930,1000,235.84999999999997,12.187637204389825,9.989987113095877,58.4693,-78.0801,INUKJUAK UA COMPOSITE,1.0070656435355114,232.71209716796875
937,535,230.34999999999997,12.498830656358052,-10.594224739549533,58.6214,-117.165,HIGH LEVEL A,0.9821648119301503,233.04763793945312
954,603,229.84999999999997,13.25566504900323,-7.607541496645303,60.0232,-111.9455,FORT SMITH A COMPOSITE,0.9902524853520136,230.64254760742188
957,1115,235.04999999999998,13.3816017084914,15.062915391847254,58.1,-68.4167,KUUJJUAQ A,1.0032872813577207,232.79615783691406
957,1207,244.04999999999998,13.419876797675242,19.12294867359371,56.55,-61.6833,NAIN,1.0258154578113623,236.401611328125
960,474,232.64999999999998,13.53351926237463,-13.294599528109782,58.8364,-122.59700000000001,FORT NELSON A,0.9868344185957554,234.26080322265625
962,807,233.64999999999998,13.627521603757163,1.4581972729819246,61.1,-94.0667,ARVIAT CLIMATE,1.0251770121092607,226.46849060058594
981,564,231.84999999999997,14.468214057228929,-9.32324361570522,60.8393,-115.78,HAY RIVER A COMPOSITE,0.9988096570622563,230.65625
984,387,232.64999999999998,14.589765715473439,-17.152490634558443,58.42415,-130.0285,DEASE LAKE (AUT) COMPOSITE,0.9887167943041223,233.81480407714844
1002,827,230.64999999999998,15.389341884371548,2.3116704332428544,62.8167,-92.1167,RANKIN INLET A,1.0217059532331811,224.32020568847656
1004,627,231.95,15.491470329004402,-6.5299173223889415,62.4156,-110.69,LUTSELK'E CS,1.0196823511599293,226.03221130371094
1008,644,227.53399999999996,15.66795069496372,-5.7587229165762075,62.7167,-109.167,FORT RELIANCE,1.0038553601478784,225.22470092773438
1013,416,224.95,15.880923220563833,-15.851020784876589,60.1165,-128.822,WATSON LAKE A,0.9705494391303446,230.30809020996094
1013,587,230.14999999999998,15.8941364226464,-8.283411299371597,62.4628,-114.44,YELLOWKNIFE A,1.0025153740887196,228.11865234375
1018,511,228.74999999999997,16.085824204153216,-11.662896594650553,61.7603,-121.23700000000001,FORT SIMPSON A COMPOSITE,0.9835914324864871,231.09323120117188
1033,375,229.34999999999997,16.75778702871603,-17.662960628502297,60.1667,-132.733,TESLIN (AUT),0.9910958288664248,229.9449920654297
1034,784,229.84999999999997,16.80137872475479,0.41775555963923183,64.2989,-96.0778,BAKER LAKE A,1.0242821711315058,222.97991943359375
1035,562,229.14999999999998,16.86203978958295,-9.404454925856033,63.1336,-117.245,LAC LA MARTRE,1.0002487367409838,227.6421661376953
1043,914,231.77999999999997,17.235601653792568,6.170803303022934,64.1933,-83.3594,CORAL HARBOUR A,1.0236282244057864,224.99588012695312
1056,357,229.74999999999997,17.7729222850007,-18.468791200743226,60.7095,-135.069,WHITEHORSE A,0.9990563641235268,228.5106201171875
1057,567,227.166,17.814289511711262,-9.167268951780255,64.1117,-117.32799999999999,RAE LAKES,0.9972515145454678,226.34947204589844
1060,982,238.45,17.945701244385575,9.197151806246461,64.23055,-76.5277,CAPE DORSET CLIMATE COMPOSITE,1.0501704126177331,225.62042236328125
1070,333,227.23199999999997,18.431001006079605,-19.56058255517341,60.7725,-137.58,HAINES JUNCTION,0.9727555916941355,232.1168212890625
1075,1065,232.95,18.61430228253761,12.847934209073113,63.7486,-68.5472,IQALUIT A COMPOSITE,1.036609540027938,223.29981994628906
1077,391,226.34999999999997,18.715605658033613,-16.976263997671126,62.2075,-133.376,FARO (AUT),0.9882612591718356,227.58811950683594
1089,362,227.95,19.2625048888462,-18.244665815697104,62.115,-136.192,CARMACKS CS,0.9925131004491227,228.2150115966797
1090,325,226.84999999999997,19.306314193603082,-19.882004589804254,61.3667,-139.05,BURWASH A,0.9746646933516272,231.27272033691406
1098,516,231.84999999999997,19.663546246690753,-11.432770199531417,65.2086,-123.43299999999999,DELINE CS,1.0143991366645597,227.11148071289062
1112,486,227.54999999999998,20.251751757393915,-12.786591017652583,65.285,-126.7765,NORMAN WELLS A COMPOSITE,0.9870208500118595,229.08221435546875
1117,383,222.54999999999998,20.495251114049235,-17.3192127506522,63.6167,-135.86700000000002,MAYO A,0.9723007396213388,227.44052124023438
1132,611,231.64999999999998,21.164558334912606,-7.2414532923086385,67.81695,-115.1395,KUGLUKTUK A COMPOSITE,1.0225609606882935,225.10438537597656
1132,785,229.74999999999997,21.138921535217452,0.44902530231432797,68.6356,-95.8503,GJOA HAVEN CLIMATE,1.0250122748083614,222.72415161132812
1132,838,230.64999999999998,21.168269643134604,2.820157471562718,68.5375,-89.7964,KUGAARUK CLIMATE,1.0268790285679217,223.19015502929688
1138,478,229.14999999999998,21.43659517878678,-13.124659609447363,66.2422,-128.644,FORT GOOD HOPE CS,1.0060258427002788,226.33493041992188
1142,359,223.64999999999998,21.613778935308083,-18.396937550529213,64.0609,-139.127,DAWSON,0.9787418755245529,227.0605010986328
1146,704,228.14999999999998,21.771353847100382,-3.1159972251081784,69.1081,-105.13799999999999,CAMBRIDGE BAY A COMPOSITE,1.019105947545841,222.4549102783203
1149,912,228.74999999999997,21.893951736933804,6.081877733549629,68.77595,-81.24305,HALL BEACH A COMPOSITE,1.0182350578412345,223.23069763183594
1160,1100,232.95,22.39945260697579,14.412454916130438,66.5833,-61.6167,CAPE DYER A,1.0464186848542576,221.20660400390625
1188,547,236.24999999999997,23.628469659569642,-10.089579069383861,69.3578,-124.083,PAULATUK,1.0433745312985925,224.99478149414062
1199,460,227.04999999999998,24.124623751581403,-13.937953309449579,68.31045,-133.5,INUVIK A COMPOSITE,1.001642643643112,225.24209594726562
1202,608,234.54999999999998,24.25257185841111,-7.373396591071229,70.7614,-117.8,HOLMAN CS,1.0448334254075218,223.06387329101562
1207,549,234.89499999999998,24.460936365558343,-9.983429469768042,70.1667,-124.71700000000001,CAPE PARRY A,1.0384199783526402,224.7716827392578
1219,477,233.64999999999998,25.02650427046885,-13.17794002244732,69.4333,-133.017,TUKTOYAKTUK,1.0317025563817959,225.03607177734375
1240,915,232.03799999999998,25.955689426851517,6.197114961304964,72.6933,-77.9575,POND INLET CLIMATE,1.0223279151225082,225.53282165527344
1246,562,233.04999999999998,26.214275750688063,-9.387968858171986,71.9925,-125.25399999999999,SACHS HARBOUR CLIMATE,1.033835650410719,223.9950714111328
1269,788,229.84999999999997,27.22416020466172,0.599798396843279,74.71635,-94.97625,RESOLUTE CARS COMPOSITE,1.031109849638491,221.50341796875
