ilocy,ilocx,TwJul2.5 (degC),rlat,rlon,lat,lon,station_name,ratio,model_vals
549,1019,298.25,-4.65545882600948,10.812370183938118,41.8333,-82.4667,SOUTHEAST SHOAL (AUT),0.9995351536177465,301.7618103027344
552,1011,298.04999999999995,-4.5177895001951045,10.457750487409273,42.0333,-82.9,HARROW CDA AUTO,0.9979545480875244,302.0370788574219
552,1017,299.15,-4.549355282510455,10.75262827580764,41.9486,-82.5189,POINT PELEE CS,1.0023770955484905,301.81427001953125
558,1009,297.65,-4.286848910227873,10.373390404111557,42.2756,-82.9556,WINDSOR A,0.9976007263932946,301.73870849609375
559,1013,299.1975,-4.228625080657744,10.555438857188953,42.3,-82.7,BELLE RIVER,1.0023966888519862,301.8562927246094
560,1026,297.65,-4.166609944802487,11.147744256566659,42.2501,-81.9001,ERIEAU (AUT),0.998499412563394,301.4671325683594
579,1046,297.15,-3.3628448895127754,11.999925006386508,42.8667,-80.55,DELHI CS,0.9982586906148907,301.0332946777344
580,1035,296.65,-3.2901926502243564,11.534742416339043,43.0332,-81.15055,LONDON CS COMPOSITE,0.9959773996792703,301.2151184082031
587,1054,297.04999999999995,-2.9689855230488806,12.37546741076384,43.1717,-79.9342,HAMILTON A,0.998728775344145,300.79034423828125
590,1054,297.95,-2.847748537093577,12.367862378820393,43.2917,-79.9083,HAMILTON RBG CS,1.0022245970203638,300.6493225097656
590,1063,297.04999999999995,-2.87199134716758,12.753426345960174,43.1833,-79.4,VINELAND STATION RCS,0.9989995998393835,300.70880126953125
591,1056,295.75,-2.8224940050071763,12.44308227059991,43.3,-79.8,BURLINGTON PIERS (AUT),0.9951057922762359,300.5643005371094
595,1023,296.65,-2.652732378466715,10.985487811987579,43.7667,-81.7167,GODERICH,0.9965031015609846,301.05621337890625
596,1044,296.25,-2.5766172477994584,11.930342238677156,43.65,-80.4167,ELORA RCS,0.9974345657522768,300.3695068359375
599,1061,296.45,-2.4371144169958994,12.657472533066505,43.6286,-79.395,TORONTO ISLAND A,0.997641883555607,300.50982666015625
600,1057,296.84999999999997,-2.4275243009702034,12.480315141272046,43.6772,-79.6306,TORONTO LESTER B. PEARSON INT'L A,0.9992739694783956,300.423828125
600,1060,297.80249999999995,-2.4007826199030635,12.645432657636889,43.6667,-79.4,TORONTO CITY,1.0022747710352176,300.4854431152344
603,1037,295.95,-2.300804570575231,11.625346633334846,43.9833,-80.75,MOUNT FOREST (AUT),0.9965820548779932,300.322021484375
605,1060,296.84999999999997,-2.2053809803339703,12.62287891217746,43.8622,-79.37,TORONTO BUTTONVILLE A,0.999381681073548,300.3914489746094
611,1051,296.84999999999997,-1.9090728517835933,12.250936972318437,44.2333,-79.7833,EGBERT CS,1.0004023871055943,300.0849609375
611,1078,295.65,-1.9198534980984727,13.446682564305245,43.95,-78.1667,COBOURG (AUT),0.9954186927684671,300.36822509765625
613,1095,296.45,-1.8540076319615553,14.186073428531435,43.8333,-77.15,POINT PETRE (AUT),1.0003685620544005,299.69073486328125
616,1043,296.34999999999997,-1.7154697341383163,11.8907013659687,44.5,-80.2167,COLLINGWOOD,1.0002483705560432,299.6256408691406
617,1074,296.75,-1.6786484471005159,13.239909508912735,44.2333,-78.3667,PETERBOROUGH A,1.000094163888087,300.0763244628906
617,1087,296.65,-1.647919910661428,13.848380542642577,44.1167,-77.5333,TRENTON A,1.0007172683463108,299.7884216308594
618,1028,295.65,-1.6065279350677362,11.219407227076683,44.7458,-81.1072,WIARTON A,0.9988787781844004,299.3277587890625
618,1054,295.84999999999997,-1.628527286900477,12.358775206404447,44.4833,-79.55,BARRIE-ORO,0.9987337887998909,299.57373046875
620,1059,297.78749999999997,-1.5131887286064079,12.576260729874983,44.5472,-79.2167,LAGOON CITY,1.0060119894801764,299.3540954589844
625,1047,297.04999999999995,-1.3201241231485403,12.058527800072659,44.85,-79.8667,BEAUSOLEIL,1.00643796325116,298.486328125
629,1055,295.75,-1.1104387018699675,12.420239820335663,44.9747,-79.3033,MUSKOKA AWOS,1.0023923257322511,298.37945556640625
631,1112,297.95,-1.049403624583132,14.937137653778311,44.4167,-75.85,GRENADIER ISLAND,1.0078255162358347,298.9784851074219
635,1042,296.25,-0.864689730664254,11.829329505586019,45.3442,-80.0442,PARRY SOUND CCG,1.0094706667774425,296.78814697265625
637,1077,295.75,-0.7819622248401432,13.376963697208172,45.0714,-77.8789,BANCROFT AUTO,1.0072355004603966,296.9447326660156
639,1000,295.25,-0.6883970505338951,9.992710779507949,45.8833,-82.5667,GORE BAY A,1.0019362889651093,298.0105895996094
644,1017,293.45,-0.46295019102332147,10.716661964189273,45.9667,-81.4833,KILLARNEY (AUT),0.99626838582978,297.87884521484375
644,1112,297.4,-0.4461626144289343,14.929598665935082,45.0,-75.6333,KEMPTVILLE CS,1.0044367728677597,299.43341064453125
645,1068,294.65,-0.39870248083069254,13.001626368921663,45.5333,-78.2667,ALGONQUIN PARK EAST GATE,1.0053076174864148,296.4076232910156
647,968,295.25,-0.3282026503152139,8.56463998274487,46.4833,-84.5094,SAULT STE MARIE A,1.001417081066638,298.16510009765625
651,1109,296.25,-0.14229068458931268,14.818651720335906,45.3225,-75.6692,OTTAWA MACDONALD-CARTIER INT'L A,1.0013448179030604,299.1965637207031
652,1108,296.95,-0.0926557441963778,14.770203286375427,45.3833,-75.7167,OTTAWA CDA RCS,1.0038916949558652,299.1426696777344
653,1132,297.34999999999997,-0.06746642402228695,15.808409118577105,45.1208,-74.2894,ST-ANICET 1,1.0057446672217674,298.9937438964844
657,1141,296.65,0.1010906457365428,16.207356591627608,45.1672,-73.6789,STE-CLOTILDE,1.0028388203772873,299.1542053222656
658,1081,295.95,0.16636607784747412,13.543748046258958,45.95,-77.3167,PETAWAWA A,1.006309694534335,297.4189147949219
658,1154,296.34999999999997,0.14685930964715913,16.805827936033086,45.0333,-72.85,FRELIGHSBURG,1.004633991823299,298.3176574707031
660,1046,294.5725,0.2247059616752298,12.02855117692835,46.3636,-79.4228,NORTH BAY A,1.0048769368879538,296.4566650390625
661,1024,294.54999999999995,0.27785930544065024,11.04782465123829,46.6256,-80.7978,SUDBURY A,1.0005310077374774,297.72161865234375
661,1135,296.84999999999997,0.29875596700283863,15.963370852402406,45.4272,-73.9292,STE-ANNE-DE-BELLEVUE 1,1.0025532533389974,299.441162109375
661,1145,296.65,0.2903801318541239,16.391939646159297,45.2939,-73.3494,L'ACADIE,1.0023156117884646,299.31036376953125
663,945,291.04999999999995,0.37531764415044294,7.542138429338071,47.3333,-85.8333,CARIBOU ISLAND (AUT),0.9953901010438067,295.70330810546875
663,1107,295.95,0.3596178026937318,14.694185981330756,45.8394,-75.6481,HIGH FALLS,1.0058973578907522,297.54083251953125
663,1138,296.45,0.3730154780297401,16.072237754624673,45.4667,-73.75,MONTREAL/PIERRE ELLIOTT TRUDEAU INTL A,1.000868881021008,299.5409240722656
664,1140,296.34999999999997,0.4443307640007551,16.175667448413403,45.5047,-73.5792,MCTAVISH,1.0003207089225465,299.6039733886719
666,1132,296.04999999999995,0.5070676872066261,15.82450983689447,45.6667,-74.0333,MONTREAL/MIRABEL INT'L A,1.0009596769112612,299.109619140625
666,1142,296.45,0.4892824791896059,16.280985270212184,45.5167,-73.4167,MONTREAL/ST-HUBERT A,1.0008218752030367,299.55499267578125
668,1049,294.95,0.6116695306403618,12.166449577432108,46.7097,-79.1011,BARRAGE TEMISCAMINGUE,1.0065209242692406,296.35174560546875
669,1266,292.95,0.6616967255468574,21.753266688790557,43.8308,-66.0886,YARMOUTH A,0.9994687460873108,296.4190979003906
670,1142,296.84999999999997,0.6947422191111929,16.24677900758758,45.7231,-73.3767,VARENNES,1.0026993853468888,299.39752197265625
670,1167,296.34999999999997,0.6886805319462729,17.390734475406397,45.3689,-71.8236,LENNOXVILLE,1.0105379530771883,296.57476806640625
671,1099,295.65,0.7156331962537236,14.348255532286624,46.2747,-75.9919,MANIWAKI AIRPORT,1.0071555619432582,296.8678894042969
672,1140,296.54999999999995,0.7652575197208127,16.182646599358296,45.8094,-73.4347,L'ASSOMPTION,1.002914610565438,299.03076171875
672,1169,295.54999999999995,0.7807929838028224,17.463999638422727,45.4333,-71.6833,SHERBROOKE A,1.0080340449784673,296.50885009765625
673,1122,295.34999999999997,0.8000267506142459,15.358025625125332,46.0803,-74.5558,ST-JOVITE,1.006317621670978,296.8135986328125
673,1126,294.95,0.8244980392844867,15.547958374592634,46.05,-74.2833,STE AGATHE DES MONTS,1.0034088737267342,297.2708740234375
677,1258,291.75,1.0130631992300436,21.40976422531739,44.2858,-66.3467,BRIER ISLAND,0.9961424017875405,296.1906433105469
679,959,293.04999999999995,1.1072814606393633,8.146944438375767,47.9667,-84.7833,WAWA (AUT),1.0027091174918397,295.5620422363281
680,890,294.75,1.1206948848156557,5.08967868562008,48.3694,-89.3272,THUNDER BAY COMPOSITE,1.0028796188189095,297.22607421875
680,893,292.84999999999997,1.1342705306245164,5.227083360289694,48.3692,-89.1194,WELCOME ISLAND (AUT),0.9961769051506186,297.2970886230469
682,1145,295.75,1.2293698580048833,16.414836345231127,46.1833,-72.9167,LAC SAINT-PIERRE,1.0022952463961876,298.4083557128906
682,1286,291.95,1.2052549376769126,22.638199832678378,43.99,-64.6642,WESTERN HEAD,0.9960403952166564,296.4240417480469
684,1149,296.54999999999995,1.324199050408167,16.57320591671965,46.2258,-72.6572,NICOLET,1.0045667370817783,298.5389709472656
684,1248,294.04999999999995,1.2872699655585567,20.949284627149368,44.7121,-66.8019,GRAND MANAN SAR CS,1.0033605969522597,296.3780517578125
686,854,295.15,1.3834345065619407,3.5392528701002495,48.7611,-91.6281,ATIKOKAN (AUT),0.9968198590158306,299.4387512207031
687,1033,295.95,1.4595491108337588,11.452173427425658,47.695,-79.8489,EARLTON AWOS,1.0059967212678511,297.5114440917969
687,1274,295.65,1.434103189847353,22.120804518571795,44.4031,-65.2031,KEJIMKUJIK 1,1.0087964509822218,296.385009765625
688,771,297.15,1.500238175261201,-0.1558671941190945,49.0,-97.2375,EMERSON AUT,0.9911729546849567,303.1853332519531
688,1150,296.15,1.4756375012611829,16.62712774062688,46.3536,-72.5161,TROIS-RIVIERES,1.0041201339960768,298.2688903808594
689,766,297.15,1.5321233667437582,-0.36729378923272993,49.0308,-97.56,GRETNA (AUT),0.9922115293498646,302.86798095703125
689,795,296.04999999999995,1.5318919790453405,0.9194384967178424,49.0236,-95.5983,SPRAGUE,0.9927246364139078,301.5908508300781
689,1157,296.34999999999997,1.5250089118547172,16.941728866058813,46.3036,-72.0608,LEMIEUX,1.0050399035087374,298.1971740722656
690,934,292.04999999999995,1.574749328215675,7.060568712750296,48.5883,-86.2947,PUKASKWA (AUT),0.9982279291829727,295.8757629394531
691,1146,296.04999999999995,1.629841227873155,16.420695952523612,46.5633,-72.7333,SHAWINIGAN,1.0054884262364692,297.7624206542969
691,1237,295.04999999999995,1.6395412421004056,20.468455818948968,45.2167,-67.25,ST STEPHEN (AUT),1.005796601446914,296.66571044921875
692,1288,292.65,1.649603054462942,22.733902481009608,44.36,-64.2961,LUNENBURG,0.9980173734334595,296.5461730957031
693,746,296.95,1.7062631912498636,-1.2453482523306831,49.191,-98.9049,PILOT MOUND (AUT),0.994465267045827,301.97821044921875
693,758,297.15,1.692542360181509,-0.7087051597006615,49.1876,-98.0839,MORDEN CDA CS,0.9938859691388369,302.35772705078125
693,871,294.75,1.713228400126756,4.279978525302254,49.0333,-90.4667,UPSALA (AUT),0.9976924805276292,298.7713928222656
693,1177,295.25,1.7124441297757003,17.80970706466286,46.205,-70.785,BEAUCEVILLE,1.007875763963531,296.25439453125
693,1250,291.65,1.7154081076878958,21.04652747769824,45.0731,-66.4492,POINT LEPREAU CS,0.9946249071832498,296.5408630371094
696,649,294.45,1.8530276791510933,-5.551048048175222,49.05,-105.48299999999999,CORONACH SPC,0.9869027883223648,301.73040771484375
696,716,296.34999999999997,1.847991952515984,-2.6003980818173,49.2813,-100.986,MELITA,0.9920105909809176,302.11376953125
697,686,294.95,1.8662740844535828,-3.895667948011195,49.2167,-102.96700000000001,ESTEVAN A,0.9886317251475413,301.7142028808594
697,1029,295.15,1.8818189500908733,11.254690971329046,48.15,-80.0,KIRKLAND LAKE CS,1.004212048303967,297.2345275878906
698,755,297.04999999999995,1.9070904135438949,-0.8589369087912421,49.3998,-98.3192,DEERWOOD RCS,0.9940796569967774,302.19708251953125
698,1156,296.34999999999997,1.912047650760465,16.87935615011807,46.6908,-71.9717,DESCHAMBAULT,1.0090795988158199,297.0033874511719
699,807,296.34999999999997,1.9895314008783704,1.4543458117733938,49.4686,-94.7631,ROYAL ISLAND (AUT),0.997346981413816,300.4972839355469
699,902,294.34999999999997,1.9686975720163602,5.651807495974578,49.1539,-88.3447,CAMERON FALLS (AUT),0.9984911191298245,298.1272888183594
700,618,292.95,2.0296618475819366,-6.918639867745951,49.0583,-107.586,VAL MARIE SOUTHEAST,0.9808741628398641,302.0383605957031
700,642,292.95,2.0064448994585153,-5.860683129353336,49.1678,-105.979,ROCKGLEN (AUT),0.9831962568420405,301.32501220703125
700,759,297.75,2.002533166016492,-0.6691504847160616,49.4981,-98.0297,CARMAN U OF M CS,0.995403124729522,302.5064697265625
701,1273,295.65,2.0477520185861904,22.08183244528817,44.9833,-64.9167,GREENWOOD A,1.0071896258128896,296.85784912109375
702,1007,294.34999999999997,2.1028662985791216,10.272256140147682,48.5697,-81.3767,TIMMINS VICTOR POWER A,1.000354707018806,297.5718994140625
702,1043,294.25,2.11790965152228,11.861579221272638,48.2458,-79.0342,ROUYN,1.0020436394622456,296.96942138671875
702,1046,294.75,2.120200427078108,11.998605728555281,48.2167,-78.8333,ROUYN A,1.0038649820600452,296.934326171875
702,1256,292.84999999999997,2.0923818993230565,21.32172942210499,45.3181,-65.8856,SAINT JOHN A,0.9986770239949292,296.5528259277344
702,1296,293.79999999999995,2.122484163256329,23.07411296225073,44.6561,-63.5928,HALIFAX DOCKYARD COMPOSITE,1.0033863595184274,296.11846923828125
702,1297,293.075,2.105532323946771,23.136471694656038,44.615275,-63.522475,MCNABS ISLAND (AUT),1.000882384493108,296.1267395019531
703,1062,294.34999999999997,2.1295758090215102,12.715646487269279,48.0564,-77.7867,VAL-D'OR A,1.0018087977156516,297.1399841308594
703,1164,295.95,2.142892402870948,17.22771444423007,46.8,-71.3833,QUEBEC/JEAN LESAGE INTL A,1.0082235540153954,296.8543395996094
703,1165,295.54999999999995,2.14518437871605,17.296210159902433,46.7803,-71.2875,STE-FOY (U. LAVAL),1.0067728850092281,296.8802795410156
703,1295,294.34999999999997,2.1577805300456205,23.02618850835154,44.7078,-63.6342,BEDFORD BASIN,1.0049384825999061,296.214599609375
705,1166,296.65,2.2186124972632277,17.336633694257245,46.8369,-71.1972,BEAUPORT,1.011044187722916,296.7263488769531
705,1279,295.84999999999997,2.245163530071908,22.330642996726787,45.0667,-64.4833,KENTVILLE CDA CS,1.0069337420352722,297.1341552734375
707,813,294.84999999999997,2.3191516259454263,1.7019727769211224,49.7903,-94.3653,KENORA A,0.9944063635224608,299.86041259765625
708,576,291.95,2.3773939182474364,-8.775282388866069,49.1167,-110.46700000000001,ONEFOUR CDA,0.9846188557000316,299.862548828125
708,675,295.84999999999997,2.392352772509108,-4.39599211308612,49.7,-103.8,WEYBURN,0.9929304185089816,301.32464599609375
708,773,296.34999999999997,2.3883694702034233,-0.08344225224319311,49.8883,-97.1294,WINNIPEG THE FORKS,0.9903970893250397,302.60595703125
708,1295,294.45,2.353824406162802,23.043207937173968,44.88,-63.5,HALIFAX STANFIELD INT'L A,1.0044681511967044,296.4539794921875
709,740,297.04999999999995,2.4288455569653005,-1.5193890618839296,49.9058,-99.3574,CARBERRY CS,0.9945614507205077,302.0506896972656
709,756,295.95,2.4082966955206366,-0.8221754174048094,49.90155,-98.2754,PORTAGE SOUTHPORT A COMPOSITE,0.9898847842460577,302.3539123535156
709,771,296.25,2.4169256900823712,-0.15035553299554535,49.9167,-97.2333,WINNIPEG RICHARDSON INT'L A,0.9900252499622899,302.6174621582031
709,837,294.95,2.406896172300354,2.746089377611967,49.8317,-92.7442,DRYDEN A (AUT),0.9965988134147523,299.3022155761719
709,1139,294.97999999999996,2.4266194219063992,16.12848954456477,47.4111,-72.7875,LA TUQUE,1.009403749360567,295.5354309082031
709,1242,295.15,2.4355673986902304,20.695842322706284,45.8721,-66.5279,FREDERICTON A,1.0054412123391052,296.87115478515625
710,732,295.34999999999997,2.4461289022730366,-1.9022360052764455,49.91,-99.9519,BRANDON A,0.9912765158846344,301.3172912597656
710,1241,295.45,2.4592027999967008,20.625475230667618,45.9203,-66.6089,FREDERICTON CDA CS,1.0062615686657068,296.9306335449219
711,1240,296.45,2.488051035602571,20.57950507371926,45.9642,-66.6547,FREDERICTON AQUATIC CENTRE C/S,1.0095499750447638,296.9651794433594
712,559,291.95,2.53608277470264,-9.53527615286293,49.1367,-111.652,MASINASIN AGDM,0.9823969913185978,300.5407409667969
712,599,291.65,2.537436513099903,-7.770754446701081,49.4378,-108.98899999999999,EASTEND CYPRESS (AUT),0.9811628420372571,300.60955810546875
712,644,294.15,2.5616572968723665,-5.774769190126448,49.7292,-105.946,ASSINIBOIA AIRPORT,0.9890164495501197,300.77880859375
712,1109,294.04999999999995,2.554484863956163,14.795047971056874,47.9222,-74.6242,PARENT,1.0066386948045742,295.41290283203125
712,1171,296.185,2.5392780243252058,17.527497992979473,47.0786,-70.7808,CAP-TOURMENTE,1.0108893410157531,296.3066101074219
712,1355,292.15,2.558199415687226,25.705259485464225,43.9322,-60.0094,SABLE ISLAND,0.9997835655740015,295.51654052734375
713,553,291.34999999999997,2.5820012344151984,-9.791876818087163,49.1333,-112.05,MILK RIVER,0.9822801190829641,299.9587707519531
713,1268,293.65,2.605983214039064,21.81846865676879,45.6,-64.95,FUNDY PARK (ALMA) CS,1.0028948539730298,296.1123352050781
713,1278,293.84999999999997,2.601610143838706,22.28150390075132,45.4133,-64.3461,PARRSBORO,1.0012639518129838,296.7966613769531
714,1313,290.84999999999997,2.6382692426494847,23.823232593596096,44.8167,-62.3333,BEAVER ISLAND (AUT),0.9939808456935415,295.9190673828125
715,754,296.84999999999997,2.69047932872118,-0.8860081616431726,50.1826,-98.3822,DELTA MARSH CS,0.9928932736706111,302.3544616699219
715,788,295.95,2.6808083374383638,0.5996210592201111,50.1772,-96.0647,PINAWA,0.9928335627580971,301.4559020996094
715,921,293.65,2.703334463357099,6.489334819136607,49.7828,-86.9306,GERALDTON A,0.9976962065732247,297.6552734375
715,1163,292.34999999999997,2.6894220377912768,17.21183514335496,47.3228,-71.1483,FORET MONTMORENCY RCS,1.0023015072965031,294.9759521484375
716,848,294.45,2.724053173483273,3.2714077284853,50.1167,-91.9,SIOUX LOOKOUT A,0.9968283213809894,298.7260437011719
716,1309,294.65,2.745014568619623,23.65676532780182,44.9833,-62.4833,MALAY FALLS,1.0069820009669472,295.9147644042969
717,592,290.84999999999997,2.791091450100094,-8.07580326635713,49.6406,-109.514,CYPRESS HILLS PARK,0.9795938618392545,300.26513671875
717,987,294.25,2.791706214675361,9.415332080574757,49.41015,-82.45555,KAPUSKASING A COMPOSITE,0.9995192383700948,297.7194519042969
717,1171,292.745,2.765421761788179,17.55235818730697,47.2842,-70.6375,CHARLEVOIX (MRC),1.0003602454900962,295.94769287109375
718,528,290.54999999999995,2.812988203747359,-10.92062877066302,49.1311,-113.809,WATERTON PARK GATE,0.9949158403610424,295.3360290527344
718,536,292.15,2.8090390132346363,-10.571265786085739,49.2006,-113.286,CARDSTON,0.9922049470164772,297.77374267578125
719,563,292.04999999999995,2.856562528174021,-9.3643909618418,49.4833,-111.486,FOREMOST AGDM,0.982531854167222,300.6024169921875
719,1291,295.04999999999995,2.853505215275901,22.845728161553936,45.4167,-63.4667,DEBERT,1.0052955639137555,296.8135681152344
720,1161,292.04999999999995,2.8986000488602337,17.08311893214299,47.5622,-71.2289,L'ETAPE,1.0017235883661373,294.84326171875
721,663,296.25,2.945106706519208,-4.933570788281222,50.2003,-104.711,BRATT'S LAKE,0.9960050959478978,300.80059814453125
721,961,294.75,2.9296590159790448,8.264570518409494,49.7468,-84.1637,NAGAGAMI (AUT),1.0025852102226158,297.3133544921875
721,1179,295.54999999999995,2.968983998361158,17.9164480090112,47.3558,-70.0319,LA POCATIERE,1.0085022780826216,296.3711853027344
722,546,292.45,3.00596508323408,-10.128550772239674,49.4833,-112.68299999999999,RAYMOND AGDM,0.988879106707081,299.08203125
722,694,294.25,2.995535908365118,-3.5550168868492085,50.3681,-102.571,BROADVIEW,0.9896666709337364,300.6833801269531
722,723,295.75,3.008132497519388,-2.2962437089641146,50.4549,-100.603,SHOAL LAKE CS,0.9965207074756568,300.1375427246094
722,760,297.15,3.003904372048266,-0.6603151832297092,50.4995,-98.0367,OAKPOINT MARINE,0.9939299090184887,302.3443603515625
723,594,293.15,3.044682502865987,-8.003292419347964,49.9025,-109.46600000000001,MAPLE CREEK,0.9859221532141527,300.6970520019531
723,789,295.25,3.0264850883257903,0.6511626422645601,50.5222,-95.9772,GREAT FALLS CLIMATE,0.9934398909484825,300.559326171875
723,1275,293.75,3.02423352412272,22.158151946180364,45.85,-64.2667,AMHERST (AUT),1.000431607904658,296.9425048828125
724,564,294.04999999999995,3.098854685759743,-9.295091002394907,49.7342,-111.45,BOW ISLAND,0.9888533920877559,300.72613525390625
724,891,294.25,3.0628319237385395,5.168523459661336,50.2936,-88.9053,ARMSTRONG (AUT),0.9978264764692919,298.2245178222656
725,541,292.65,3.1357359907382967,-10.345348538815898,49.5667,-113.05,BLOOD TRIBE AGDM,0.990922099030904,298.6695251464844
725,651,293.95,3.1327570583551307,-5.455457263620255,50.3325,-105.5525,MOOSE JAW A COMPOSITE,0.9887492865251716,300.655517578125
725,774,295.75,3.1325677559043306,-0.010354418235689253,50.63256667,-97.0163,GIMLI COMPOSITE,0.9905735838443228,301.9394836425781
725,1267,295.04999999999995,3.143485364303546,21.790230230835956,46.1053,-64.6838,MONCTON A,1.005388391384681,296.7861633300781
726,489,294.45,3.170292165436488,-12.649333957750157,49.0817,-116.501,CRESTON CAMPBELL SCIENTIFIC,1.0114176753757627,294.4170227050781
726,545,292.25,3.16518878430455,-10.173529005346774,49.6303,-112.8,LETHBRIDGE A,0.9877898912831973,299.2070617675781
726,664,294.75,3.1741915710209807,-4.882522538616095,50.4333,-104.667,REGINA COMPOSITE,0.9915774023845899,300.6139221191406
726,732,294.45,3.190349735680813,-1.8675357401014678,50.655,-99.9419,WASAGAMING,0.9942152783769401,299.51116943359375
726,829,294.54999999999995,3.188937835040126,2.3995117841802442,50.6306,-93.2214,EAR FALLS (AUT),0.9978784180098841,298.5130310058594
727,527,290.95,3.2197105976804745,-10.956741179292218,49.5206,-113.99700000000001,PINCHER CREEK (AUT),0.9957857732745828,295.4842529296875
727,545,292.65,3.2242799425895714,-10.139555795803165,49.695,-112.76700000000001,LETHBRIDGE CDA,0.9890695396474897,299.22894287109375
727,556,292.54999999999995,3.2342346610466,-9.653124284583603,49.8,-112.03299999999999,FINCASTLE AGDM,0.9837322114319994,300.7496337890625
727,566,293.25,3.221146255468036,-9.228122352966734,49.8667,-111.383,BOW ISLAND IRRIGATION AGDM,0.985946276228841,300.7922668457031
727,573,292.84999999999997,3.2161300997674656,-8.923334960260773,49.9167,-110.917,SEVEN PERSONS AGDM,0.9857720834613578,300.43505859375
727,679,295.65,3.2308577774768055,-4.226503991244114,50.55,-103.65,INDIAN HEAD CDA,0.9952988621130598,300.4043884277344
727,781,296.75,3.2007662956617806,0.2748711630557643,50.7,-96.5667,VICTORIA BEACH (AUT),0.9972470167946222,300.93304443359375
728,553,293.15,3.267530353212105,-9.822486970496383,49.8,-112.3,BARNWELL AGDM,0.9875724101939468,300.194580078125
728,620,293.84999999999997,3.239737027524128,-6.847848201400332,50.2667,-107.73299999999999,SWIFT CURRENT CDA,0.9892120709494115,300.4126281738281
728,621,292.95,3.2683382675249013,-6.811573228356857,50.3,-107.68299999999999,SWIFT CURRENT A,0.9861223196600304,300.430908203125
728,738,296.04999999999995,3.238015104367025,-1.604296915523847,50.7119,-99.53,MCCREARY,0.9963935114039512,300.4803466796875
729,530,291.54999999999995,3.2884978068758692,-10.821872555980061,49.6167,-113.81700000000001,BROCKET AGDM,0.9953641508154272,296.2190246582031
729,576,292.54999999999995,3.2973173390410704,-8.779173353024989,50.022,-110.719,MEDICINE HAT A COMPOSITE,0.9847401373630917,300.4418029785156
729,1213,294.65,3.3020657185607187,19.387549788287743,47.1578,-67.8319,ST LEONARD COMPOSITE,1.0063096082048362,296.11248779296875
731,471,292.04999999999995,3.4054207760822335,-13.42696425884179,49.1119,-117.73899999999999,WARFIELD RCS,1.0020514369930411,294.7467956542969
731,521,290.65,3.392853431562612,-11.240696431515284,49.6275,-114.48200000000001,CROWSNEST,0.9993091680796372,294.1388244628906
731,1299,294.95,3.3983083590013163,23.20151034990656,45.7667,-62.6833,CARIBOU POINT (AUT),1.00683736066348,296.25860595703125
732,547,293.25,3.420719141938451,-10.076854080447603,49.9,-112.73299999999999,IRON SPRINGS AGDM,0.9899975239592531,299.5613708496094
732,1203,294.75,3.424540786966939,18.982279408560863,47.4167,-68.3245,EDMUNDSTON,1.0078381452741836,295.76373291015625
732,1263,295.45,3.419170347604767,21.608220895106566,46.4303,-64.7681,BUCTOUCHE CDA CS,1.0063456564254405,296.90582275390625
733,556,293.84999999999997,3.4919469342595337,-9.668283227416524,50.05,-112.133,VAUXHALL CDA CS,0.9898230230982905,300.2272033691406
734,586,292.45,3.5091253913682428,-8.33325931119791,50.3069,-110.09100000000001,SCHULER AGDM,0.9811639061726714,301.4338073730469
734,1183,294.34999999999997,3.5026325469840005,18.071611554798213,47.8058,-69.5486,RIVIERE-DU-LOUP,1.003906171054353,296.5191955566406
734,1327,292.75,3.527571178938827,24.45827343914825,45.35,-60.9833,HART ISLAND (AUT),1.0018191695369998,295.5217590332031
735,502,290.65,3.5715594149337595,-12.06538588634602,49.6122,-115.78200000000001,CRANBROOK A,1.002143101052364,293.3070373535156
735,515,289.72249999999997,3.5657101082291334,-11.468205566868376,49.745,-114.884,SPARWOOD CS,1.0004678434367742,292.8606262207031
735,767,295.25,3.584645139984343,-0.3490100752920779,51.0834,-97.5545,FISHER BRANCH (AUT),0.9907526428745073,301.3745422363281
735,1139,294.65,3.5858890255644726,16.122340479606144,48.5167,-72.2667,ROBERVAL A,1.007199509156437,295.8508605957031
736,446,294.25,3.6280316709637113,-14.524794319905412,49.0283,-119.441,OSOYOOS CS,1.0071181993783165,295.47308349609375
736,1157,294.15,3.6254941753179493,16.906447140250897,48.3072,-71.1292,LATERRIERE,1.0087252337956865,294.902099609375
736,1281,294.65,3.631858308369431,22.414812996378107,46.3028,-63.5756,MAPLE PLAINS,1.0046689860143088,296.5960388183594
737,534,291.75,3.6421323328406863,-10.62702051987502,50.0036,-113.639,CLARESHOLM,0.9934105566616928,297.0051574707031
737,552,293.45,3.6601523349675427,-9.83133103464756,50.1833,-112.43299999999999,ENCHANT AGDM,0.9892098645655265,300.0043640136719
737,731,295.45,3.637650982133446,-1.9186062210436028,51.1,-100.05,DAUPHIN A,0.9956581789794127,300.09283447265625
737,1158,294.15,3.677953743438618,16.97946760951628,48.3333,-71.0,BAGOTVILLE A,1.0088144923046305,294.8760070800781
737,1160,294.75,3.662019493356082,17.041652278761006,48.2981,-70.9195,LA BAIE,1.0115019174690372,294.69244384765625
737,1256,295.65,3.6767683756974234,21.31198319515317,46.7833,-65.0167,KOUCHIBOUGUAC CS,1.0075411669607914,296.7542724609375
738,480,293.34999999999997,3.6986872256867462,-13.054626387464916,49.4914,-117.305,NELSON CS,1.011621047225468,293.2581787109375
738,1276,294.54999999999995,3.684710788877479,22.195185432129644,46.44,-63.8349,SUMMERSIDE COMPOSITE,1.003528815620633,296.8322448730469
739,713,295.65,3.760196423505861,-2.739158794258717,51.1833,-101.363,ROBLIN,0.9980867905343878,299.5652770996094
739,1181,289.25,3.7484116982840416,17.97742185410599,48.0689,-69.5556,ILE ROUGE,0.9869680620937112,296.3822326660156
739,1248,294.84999999999997,3.765619739795685,20.940153426022277,47.00945,-65.4664,MIRAMICHI RCS COMPOSITE,1.0057250133156148,296.4857177734375
739,1287,294.65,3.745334014783396,22.703007279034583,46.2886,-63.1286,CHARLOTTETOWN A,1.0051096521694505,296.46600341796875
740,1052,293.84999999999997,3.7789908287096394,12.297692079301934,49.7578,-77.7931,MATAGAMI,1.0019461720854952,296.5945739746094
740,1171,293.34999999999997,3.802860285901953,17.561084638260063,48.2603,-70.1144,POINTE CLAVEAU,1.0067540050348676,294.6759033203125
741,387,290.75,3.8239210122061644,-17.15789936957119,48.4133,-123.325,VICTORIA GONZALES CS,0.9970306758191113,294.9124450683594
741,532,290.65,3.85105874325573,-10.741917600772846,50.1833,-113.883,STAVELY AAFC,0.992716662644739,296.0921630859375
741,1133,294.31,3.8382573925206396,15.845783579360823,48.8417,-72.5469,NORMANDIN,1.0048709714045916,296.1942443847656
742,385,289.75,3.866425232576927,-17.22336588045333,48.431999999999995,-123.439,ESQUIMALT HARBOUR,0.9939466846693223,294.8100280761719
742,387,292.65,3.860863145810521,-17.13098660583699,48.457,-123.305,VICTORIA UNIVERSITY CS,1.0029288967758616,295.09393310546875
742,540,292.25,3.8753849419885085,-10.387030233865174,50.2819,-113.35,CHAMPION AGDM,0.9906430725670153,298.3453063964844
742,630,294.73749999999995,3.8673502491107055,-6.388839086316044,50.95,-107.15,LUCKY LAKE,0.9916351130727349,300.58367919921875
742,697,293.95,3.887198018830976,-3.42540834014595,51.2667,-102.46700000000001,YORKTON A,0.9900417227501652,300.2630310058594
743,378,290.75,3.920431847725504,-17.544311929153427,48.3767,-123.921,SHERINGHAM POINT,0.9994112825990827,294.2099609375
744,386,293.25,3.9669161304813976,-17.202327127922683,48.5338,-123.459,VICTORIA HARTLAND CS,1.0049218417189525,295.1125183105469
744,562,293.34999999999997,3.9532646939536473,-9.393077020352104,50.5553,-111.84899999999999,BROOKS,0.9871729761427432,300.52093505859375
745,385,292.15,4.021212779396035,-17.233218807834255,48.5749,-123.53,MALAHAT,1.0011208420560447,295.1217956542969
745,639,294.25,4.004028274264496,-6.011103315258324,51.1333,-106.583,ELBOW CS,0.9908991609716076,300.30938720703125
745,1257,294.25,3.995516434729008,21.33689764116577,47.0667,-64.8,POINT ESCUMINAC (AUT),1.0028035410017175,296.744384765625
746,387,291.04999999999995,4.066814708077395,-17.144251143372646,48.6472,-123.426,VICTORIA INT'L A,0.9973199782330205,295.131103515625
746,447,292.54999999999995,4.074800059239958,-14.502483686793461,49.4631,-119.602,PENTICTON A,1.0053561703543945,294.2808837890625
746,597,293.04999999999995,4.042323964101323,-7.864251449612356,50.9095,-109.501,LEADER AIRPORT,0.9839890995142242,301.18499755859375
747,394,292.84999999999997,4.113870510243994,-16.861279139610314,48.7839,-123.045,SATURNA ISLAND CS,1.0034563647049948,295.140380859375
748,870,293.65,4.133883041177155,4.2317050546339585,51.4492,-90.2178,PICKLE LAKE (AUT),0.9990396538224298,297.2550048828125
749,405,293.45,4.198174141908334,-16.35606704872496,49.0253,-122.36,ABBOTSFORD A,1.0045600845545388,295.4201354980469
749,447,292.34999999999997,4.1788700064708015,-14.503447269573998,49.5626,-119.649,SUMMERLAND CS,1.0047159592721937,294.26708984375
749,658,295.15,4.190016549970016,-5.148031551390762,51.4167,-105.25,LAST MOUNTAIN CS,0.9952686330431345,299.90545654296875
749,1268,295.04999999999995,4.205037104894355,21.842369722550792,47.0581,-63.9986,NORTH CAPE,1.0061006731061475,296.5760498046875
750,434,291.75,4.247462226064249,-15.068282827752846,49.465,-120.51,PRINCETON CS,1.0078255280303674,292.757080078125
750,561,292.95,4.2504422562418815,-9.465240944258065,50.8333,-112.05,ROSEMARY AGDM,0.9868426647239549,300.21160888671875
750,1302,294.34999999999997,4.229885830842323,23.34764067717972,46.46,-61.9883,EAST POINT (AUT),1.0057321795672023,295.9808349609375
751,399,292.95,4.28007966625976,-16.62260391293486,49.0181,-122.78399999999999,WHITE ROCK CAMPBELL SCIENTIFIC,1.0013910997558453,295.8500671386719
751,415,294.75,4.282087444883862,-15.91382619343588,49.2431,-121.76,AGASSIZ RCS,1.0138485826075276,294.0103454589844
751,1238,295.25,4.264025097535811,20.52416016276687,47.6292,-65.7483,BATHURST A,1.0083209445516053,296.12359619140625
752,1092,292.75,4.314826475256753,14.041572275934413,49.8225,-74.9753,CHAPAIS,1.0019834824376024,295.4732971191406
752,1098,293.04999999999995,4.341123900397775,14.331937270448247,49.7667,-74.5333,CHIBOUGAMAU CHAPAIS A,1.0033731998341042,295.3664245605469
753,420,293.95,4.344041357575525,-15.703325937890586,49.3667,-121.48299999999999,HOPE,1.0141861931441256,293.11474609375
754,633,294.45,4.388030623549306,-6.257256460178759,51.4833,-107.05,OUTLOOK PFRA,0.9920661549252682,300.1600036621094
754,1193,292.54999999999995,4.416708703505286,18.502904398959508,48.5139,-68.4683,POINTE-AU-PERE (INRS),0.9990082231123766,296.15081787109375
755,402,293.84999999999997,4.440452463283688,-16.502915772943545,49.2083,-122.69,PITT MEADOWS CS,1.0049975192923992,295.6940612792969
755,657,295.15,4.448566909522275,-5.214211817459767,51.6667,-105.4,WATROUS EAST,0.996016103586316,299.6803894042969
755,674,293.95,4.473443711760957,-4.46219952097385,51.7667,-104.2,WYNYARD COMPOSITE,0.9925438079752481,299.506103515625
755,1227,294.34999999999997,4.445044420877726,20.023108968557214,47.98665,-66.33375,CHARLO A COMPOSITE,1.0080779900528862,295.2920837402344
756,453,292.15,4.506705494696642,-14.223333606531087,49.9561,-119.37799999999999,KELOWNA A,1.0038185415020326,294.32867431640625
756,567,292.54999999999995,4.495893017200723,-9.19575838743062,51.1253,-111.705,POLLOCKVILLE AGDM,0.9855877834802274,300.18341064453125
757,395,292.04999999999995,4.531847882450481,-16.812356613135417,49.195,-123.182,VANCOUVER INT'L A,0.9987729903290394,295.71429443359375
757,477,294.04999999999995,4.535658879917492,-13.17156524054139,50.2694,-117.81700000000001,NAKUSP CS,1.0149509398987098,292.9935302734375
757,621,293.95,4.543253953489351,-6.782143420224657,51.5667,-107.917,ROSETOWN EAST,0.9898677743736154,300.3157958984375
757,1195,293.84999999999997,4.5562730774171545,18.628454874362962,48.6,-68.2167,MONT-JOLI A,1.004041176404058,295.9757080078125
757,1332,294.75,4.547908489350023,24.68599969266512,46.1667,-60.0481,SYDNEY A,1.0106402577836227,294.9436950683594
758,587,292.95,4.597677436781176,-8.312432835564865,51.3833,-110.35,OYEN AGDM,0.9860806508381124,300.443603515625
758,1314,295.34999999999997,4.588363646646774,23.89393865227279,46.55,-61.05,GRAND ETANG,1.008936544499428,296.04315185546875
759,556,292.15,4.648897319967058,-9.67540328145398,51.1833,-112.5,HUSSAR AGDM,0.9868079420788106,299.4023132324219
759,603,292.95,4.610409614867476,-7.570753106418941,51.5167,-109.18299999999999,KINDERSLEY A,0.9870346066873561,300.1532287597656
759,1207,293.95,4.623485216674943,19.159314658896264,48.4719,-67.4347,AMQUI,1.0068982038327106,295.236328125
760,396,292.95,4.67786479441112,-16.76938595703542,49.347,-123.193,WEST VANCOUVER AUT,1.003480473209709,295.23406982421875
760,716,294.65,4.685995917015492,-2.6066397449072016,52.115,-101.23299999999999,SWAN RIVER RCS,0.9975260865299271,298.7198486328125
760,1250,295.04999999999995,4.662707364772209,21.02564696281144,47.8022,-64.8333,BAS CARAQUET,1.0081868228536486,295.9623718261719
761,457,292.75,4.730063064032501,-14.034456052936738,50.2233,-119.194,VERNON CS,1.0038196236109558,294.9328308105469
761,1241,293.84999999999997,4.7250359023055095,20.634839340816264,48.0119,-65.3317,NEW CARLISLE 1,1.004605912534757,295.809326171875
761,1315,295.455,4.704626271084214,23.916315122938823,46.645,-60.9472,CHETICAMP CS,1.0087015992696644,296.2173767089844
762,517,284.54999999999995,4.776113762780571,-11.383973530791646,50.9425,-115.19,NAKISKA RIDGETOP,0.986899254374845,291.586669921875
762,531,290.75,4.76924219822372,-10.75830623635522,51.0761,-114.22200000000001,COP UPPER,0.9978578793660379,294.66796875
762,534,291.04999999999995,4.778503714622416,-10.625797002736029,51.1139,-114.02,CALGARY INT'L A,0.9961548789041417,295.4762878417969
763,529,290.65,4.816583810372801,-10.845805340030955,51.1031,-114.374,SPRINGBANK A,0.9992702893598958,294.1502685546875
764,395,293.15,4.8334767565191905,-16.7885490023161,49.4878,-123.29899999999999,HOWE SOUND - PAM ROCKS,1.0060826246596315,294.6715087890625
764,590,293.95,4.864690176494659,-8.17501403860561,51.6697,-110.206,ESTHER 1,0.990668503879122,300.07305908203125
764,774,294.75,4.859701908610029,-0.013483923037703209,52.3597,-97.022,BERENS RIVER CS,0.9967751348055809,299.0463562011719
764,1005,294.45,4.867770636885051,10.1990863437685,51.29155,-80.6128,MOOSONEE A COMPOSITE,1.0023783075139816,297.0720520019531
765,382,292.65,4.890221179886947,-17.364549459480404,49.3503,-124.16,BALLENAS ISLAND,1.0035613612937395,294.907958984375
765,520,290.34999999999997,4.895315794269252,-11.275867224351858,51.0833,-115.06700000000001,BOW VALLEY,1.005455017174834,292.0391540527344
765,1322,295.45,4.883307348938683,24.243318232091806,46.6628,-60.4064,INGONISH BEACH RCS,1.0090474406593117,296.11083984375
766,555,292.54999999999995,4.927662707280547,-9.731934430373395,51.4453,-112.677,DRUMHELLER EAST,0.9905485775123399,298.6800537109375
766,1252,294.25,4.942492261216898,21.153051514564137,48.0089,-64.4942,MISCOU ISLAND (AUT),1.0065926578268045,295.6273498535156
766,1317,293.84999999999997,4.941602472722986,24.011101539035135,46.8169,-60.6722,NORTH MOUNTAIN CS,1.0035862863944165,296.10986328125
768,371,293.15,5.029600711219969,-17.847530458627244,49.3166,-124.927,PORT ALBERNI (AUT),1.0047543355063873,295.0610656738281
768,640,293.95,5.039762809078846,-5.965341609252919,52.1667,-106.71700000000001,SASKATOON DIEFENBAKER INT'L A,0.991718943132983,299.7552185058594
768,642,293.95,5.010502203245164,-5.865363223003232,52.15,-106.55,SASKATOON KERNEN FARM,0.9919146524001933,299.6960754394531
768,900,293.75,5.02058830583224,5.562715540897963,52.1961,-87.9361,LANSDOWNE HOUSE (AUT),0.9999276471295462,297.0921630859375
769,379,291.75,5.079148563625665,-17.48702781581934,49.4866,-124.435,SISTERS ISLAND,1.0003138913115452,294.9554748535156
769,399,292.65,5.08339526237996,-16.606789185471683,49.7832,-123.161,SQUAMISH AIRPORT,1.0041668617502406,294.7301330566406
769,514,288.54999999999995,5.073148425232085,-11.547266050899315,51.1934,-115.552,BANFF CS,1.0030949450285294,290.9115295410156
769,1191,291.84999999999997,5.058478584630331,18.448044213540186,49.1333,-68.2,BAIE-COMEAU A,0.9978424897020242,295.787353515625
770,556,292.65,5.138070948144064,-9.687548815657058,51.6603,-112.675,MORRIN AGDM,0.9925567523220684,298.1776428222656
771,424,293.34999999999997,5.179901437774616,-15.499962761096826,50.2244,-121.58200000000001,LYTTON,1.012989235912072,292.8620910644531
771,584,292.34999999999997,5.18190198753528,-8.438819655987178,51.9369,-110.713,CONSORT AGDM,0.9865281162830539,299.6922607421875
771,1296,293.54999999999995,5.165470743191601,23.067861791370248,47.4253,-61.7747,ILES DE LA MADELEINE,1.0032662520154763,295.90191650390625
772,459,295.04999999999995,5.207853828775503,-13.959067681366966,50.703,-119.291,SALMON ARM CS,1.0131957091430854,294.4992370605469
772,1191,292.275,5.1887276143913486,18.43614600800423,49.2592,-68.1458,BAIE-COMEAU,1.0007806862002184,295.3484191894531
773,476,292.45,5.2641775329426554,-13.212203295598437,50.9611,-118.18299999999999,REVELSTOKE A,1.0089109981738555,293.1437683105469
774,549,292.95,5.3099265254253885,-9.989132869980383,51.7675,-113.206,THREE HILLS,0.9967000041313537,297.2425231933594
774,593,292.95,5.301782684398907,-8.034036962194845,52.1242,-110.101,BODO AGDM,0.9890397524420415,299.5447082519531
775,766,294.15,5.320083731702545,-0.37412257164017715,52.8186,-97.6164,GEORGE ISLAND (AUT),0.9951934440617466,298.91192626953125
776,375,291.45,5.398827057118161,-17.69177543345937,49.7167,-124.9,COMOX A,0.9987529038228363,295.1127014160156
776,574,291.54999999999995,5.4030993161191025,-8.861002847049525,52.07875,-111.4495,CORONATION (AUT) COMPOSITE,0.9852557055314598,299.2581481933594
776,1213,291.75,5.405639870783257,19.402403838180682,49.1092,-66.6544,CAP-CHAT,0.999741567226007,295.12432861328125
776,1251,291.95,5.366053007944036,21.097471836404118,48.4194,-64.3169,CAP-D'ESPOIR,1.0000387079521222,295.2388916015625
777,443,292.04999999999995,5.416834683190573,-14.660457567490104,50.7022,-120.44200000000001,KAMLOOPS A,1.0024789684105313,294.62109375
777,504,288.54999999999995,5.434482567741598,-11.970141695323948,51.4429,-116.345,YOHO PARK,1.002660226326673,291.03765869140625
777,537,292.15,5.416627615103591,-10.525009840106886,51.7586,-114.085,OLDS AGDM,0.9969285171299755,296.36285400390625
777,611,293.54999999999995,5.410314696485807,-7.227641306952379,52.3597,-108.835,SCOTT CDA,0.9932806007413203,298.8766784667969
777,702,294.45,5.427034731484576,-3.224959760138713,52.8167,-102.31700000000001,HUDSON BAY,0.9995675536479973,297.90740966796875
777,1201,290.75,5.422717212948875,18.882282923933264,49.3167,-67.3811,POINTE-DES-MONTS,0.995087084212704,295.48846435546875
778,349,289.7725,5.466629246781768,-18.811593513119927,49.3833,-126.54299999999999,ESTEVAN POINT CS,1.0033552674777158,292.0682373046875
778,409,294.04999999999995,5.488780882029941,-16.176289528948576,50.3056,-122.734,PEMBERTON AIRPORT CS,1.0169659510547362,292.4129943847656
778,1320,291.95,5.4735907130529835,24.15099230708419,47.2328,-60.1444,ST PAUL ISLAND (AUT),0.9977979297425255,295.90191650390625
779,529,291.15,5.517534556250306,-10.88321669473655,51.7781,-114.68299999999999,SUNDRE A,1.0001497633023944,294.3971862792969
780,670,294.95,5.541979838388668,-4.606198823522794,52.8167,-104.6,MELFORT,0.9975026905266575,299.031005859375
782,1246,293.95,5.651301920249028,20.85593090429929,48.7769,-64.4781,GASPE A,1.0072526156750259,295.1324462890625
783,744,294.04999999999995,5.7063233640495,-1.365436807885565,53.1864,-99.2678,GRAND RAPIDS (AUT),0.9929943813056843,299.4720458984375
785,541,292.04999999999995,5.801064729915265,-10.317618290854872,52.1786,-113.89299999999999,RED DEER A,0.9956897322344881,296.6300048828125
785,560,292.15,5.80114413522297,-9.50199083700556,52.3469,-112.596,STETTLER AGDM,0.9925111190663869,297.681884765625
785,620,292.95,5.765774172302074,-6.816518407766225,52.7719,-108.256,NORTH BATTLEFORD COMPOSITE,0.9921364005602094,298.6097717285156
787,1230,292.15,5.868272928845077,20.155391389530983,49.2508,-65.3247,CAP-MADELEINE,1.002267217033811,294.78424072265625
790,547,292.45,6.011625811417479,-10.086977829025768,52.4333,-113.6,PRENTISS,0.9964229001672651,296.8177185058594
790,657,293.45,6.007061876745139,-5.205649220236125,53.2167,-105.667,PRINCE ALBERT A,0.9924737416059279,299.01776123046875
790,680,294.34999999999997,6.022339598671445,-4.196613718484254,53.3333,-104.0,NIPAWIN,0.9966276392202943,298.6847229003906
791,432,288.84999999999997,6.040529782467067,-15.168750889719446,51.1447,-121.505,CLINTON (AUT),0.9960530925782105,293.2727966308594
791,545,293.04999999999995,6.047101757492389,-10.177073514979266,52.4489,-113.756,LACOMBE CDA 2,0.998847277005541,296.70477294921875
792,582,292.54999999999995,6.101760253486226,-8.51030655742628,52.8294,-111.096,WAINWRIGHT CFB AIRFIELD 21,0.9927530503621959,298.0168151855469
792,1330,290.45,6.07942366355763,24.598257854640586,47.5739,-59.1547,PORT AUX BASQUES,0.9986685714264393,294.1249694824219
794,529,291.3175,6.175976922751965,-10.874457517111214,52.4214,-114.912,ROCKY MTN HOUSE (AUT),0.9993669121682036,294.79730224609375
795,535,292.54999999999995,6.243901081434693,-10.58202050895611,52.5531,-114.47200000000001,LEEDALE AGDM,1.0003460353173492,295.7547607421875
795,572,292.84999999999997,6.206484689719541,-8.970219103168295,52.8475,-111.87200000000001,KILLAM AGDM,0.9945173737516745,297.7931823730469
797,366,288.04999999999995,6.335759578282908,-18.08989630523469,50.4535,-125.993,FANNY ISLAND,0.9914458464576517,293.8196105957031
797,632,294.54999999999995,6.295206216756323,-6.310304850448561,53.3667,-107.55,SPIRITWOOD WEST,1.0018439344941001,297.3314514160156
798,806,293.45,6.37108696084185,1.3946292957132782,53.85,-94.65,ISLAND LAKE A,0.998833289865258,297.1139221191406
799,514,289.34999999999997,6.406167945919117,-11.529902496188551,52.492,-116.04,NORDEGG CS,1.0033978786613873,291.6300048828125
800,598,292.65,6.467027949933973,-7.816700497910845,53.3092,-110.072,LLOYDMINSTER A,0.9929628527704679,298.0556945800781
800,763,293.15,6.452753004204012,-0.5033945328851623,53.95,-97.85,NORWAY HOUSE A,0.9948132622731476,298.00958251953125
802,560,293.34999999999997,6.5168158846192465,-9.491987419918518,53.05,-112.81700000000001,CAMROSE,0.9985770190224148,297.0888977050781
802,720,293.65,6.530706804739108,-2.4262533068727663,53.9667,-101.1,THE PAS A,0.9946394464821172,298.5700378417969
802,870,293.04999999999995,6.5178768261047715,4.222264895214605,53.82445,-89.88115,BIG TROUT LAKE COMPOSITE,0.9992511945884985,296.5848388671875
802,1209,290.95,6.5281147544200975,19.221659956798636,50.2167,-66.25835,SEPT-ILES A COMPOSITE,0.9992189013278432,294.4690246582031
803,468,291.15,6.576161870116752,-13.555416375438215,52.129,-119.29,BLUE RIVER CS,1.0057494193662255,292.7580871582031
803,568,292.54999999999995,6.581022963586246,-9.1269137688749,53.185,-112.24600000000001,HOLDEN AGDM,0.9952497828800659,297.2691955566406
803,587,293.25,6.584772918176092,-8.290268669050546,53.3438,-110.882,VERMILION AGDM,0.9962214551852667,297.6898498535156
803,1351,290.15,6.597500707225498,25.503301629128412,47.6167,-57.6167,BURGEO COMPOSITE,0.9998211797045697,293.4824523925781
805,1133,291.54999999999995,6.681568308578967,15.871063520888601,51.5325,-71.1108,LAC BENOIT,1.00784632080927,292.55035400390625
805,1239,291.95,6.672664893036011,20.54019153843304,49.8386,-64.2933,PORT-MENIER,1.0039074464624045,294.10113525390625
806,653,292.54999999999995,6.729632151874416,-5.362566278886254,53.9167,-106.06700000000001,WASKESIU LAKE,0.9974109094613819,296.6250915527344
807,539,293.45,6.762574807232476,-10.4434834705437,53.0894,-114.441,BRETON PLOTS,1.002296090135043,296.0874328613281
809,349,288.65,6.867169200978581,-18.822471420345344,50.6803,-127.366,PORT HARDY A,1.006386276565921,290.06060791015625
810,530,291.84999999999997,6.908602573754417,-10.834386051531007,53.1436,-115.126,VIOLET GROVE CS,1.0001970758585295,295.0910339355469
810,551,292.75,6.869367874748275,-9.896363041606373,53.3117,-113.5945,EDMONTON INTERNATIONAL CS COMPOSITE,0.9973097977681238,296.85797119140625
810,572,292.65,6.878051683715291,-8.976976249942552,53.5053,-112.098,VEGREVILLE,0.9956567267131516,297.249267578125
811,578,292.45,6.948249156394621,-8.707260567495911,53.6253,-111.678,TWO HILLS AGDM,0.99445997592522,297.4035949707031
811,1387,293.15,6.9246665536023535,27.103937404616083,47.1364,-55.3275,WINTERLAND,1.013343780845295,292.5600280761719
812,569,292.54999999999995,6.961652056468458,-9.083551639856822,53.5667,-112.3,MUNDARE AGDM,0.9957459734291718,297.1210632324219
813,1236,288.95,7.044888144635726,20.43656238034935,50.2208,-64.2072,ILE AUX PERROQUETS,0.9939901030173832,293.98321533203125
814,1236,290.84999999999997,7.086274614072902,20.404725115702817,50.2714,-64.2264,LONGUE-POINTE-DE-MINGAN,1.0005261168458415,293.98321533203125
815,397,288.95,7.128698629262367,-16.716391235889667,51.6746,-124.40299999999999,TATLAYOKO LAKE RCS,1.0050820361742288,290.7388610839844
815,432,288.84999999999997,7.133331673139345,-15.169367061339733,52.1831,-122.054,WILLIAMS LAKE A,0.995938056626162,293.3066711425781
815,490,288.65,7.132905600093984,-12.59280256834153,52.9264,-118.03,JASPER WARDEN,1.0067975880819764,289.9421081542969
815,540,292.84999999999997,7.117577092043255,-10.377829374331101,53.45,-114.46700000000001,HIGHVALE,0.999272323342693,296.37615966796875
815,553,292.34999999999997,7.114874508389575,-9.795822805617163,53.57276667,-113.51799999999999,EDMONTON CITY CENTRE AWOS COMPOSITE,0.9957486344490296,296.9171447753906
815,1328,292.45,7.117358910371174,24.517097913492673,48.5333,-58.55,STEPHENVILLE A,1.006199129767061,293.933837890625
816,537,292.0575,7.140820673012801,-10.527039980520042,53.4394,-114.71799999999999,TOMAHAWK AGDM,0.9970747949102228,296.2255554199219
816,545,292.34999999999997,7.165224782096586,-10.146293552939351,53.5472,-114.10799999999999,EDMONTON STONY PLAIN CS,0.9964980527575558,296.69384765625
816,556,292.95,7.169430466081352,-9.681257865613995,53.65,-113.35,OLIVER AGDM,0.9974447049395863,297.0205993652344
816,562,293.15,7.142646703644518,-9.39280651845686,53.6828,-112.868,ELK ISLAND NAT PARK,0.9981216712191003,297.02178955078125
816,594,292.95,7.142733701567932,-8.005841552539946,53.9428,-110.579,LINDBERGH AGDM,0.9971236262411725,297.1162414550781
816,622,293.04999999999995,7.135252540529704,-6.770535142688353,54.1333,-108.51700000000001,MEADOW LAKE,0.997734956516502,297.0355529785156
817,554,292.34999999999997,7.20031278290669,-9.74605025536421,53.6667,-113.46700000000001,EDMONTON NAMAO COMPOSITE,0.995619901712964,296.9555358886719
818,713,293.04999999999995,7.265476171623048,-2.7271258170741155,54.6833,-101.68299999999999,FLIN FLON,0.9973662698205619,297.1453552246094
818,1244,291.34999999999997,7.2595427423462,20.768642084400955,50.2833,-63.6,HAVRE-SAINT-PIERRE A,1.002553341819643,293.89312744140625
819,571,293.45,7.302630708009056,-9.002126367410352,53.9169,-112.279,ANDREW AGDM,0.9992101555323846,297.0018615722656
819,585,292.45,7.282822993053725,-8.397715283859812,54.0111,-111.272,ST. PAUL AGCM,0.9946530823022921,297.3458557128906
819,1423,290.15,7.289857885229996,28.684310580970948,46.66,-53.0764,CAPE RACE (AUT),1.0066903880975353,291.4798583984375
820,1395,289.84999999999997,7.3418976867710075,27.448261560571915,47.3283,-54.5853,MARTICOT ISLAND,1.00280485800978,292.30670166015625
823,404,288.45,7.486091580041017,-16.40919542363794,52.1144,-124.13600000000001,PUNTZI MOUNTAIN (AUT),0.9974016240812883,292.470703125
824,514,290.75,7.52991753280295,-11.510674313393835,53.5862,-116.46700000000001,EDSON A COMPOSITE,1.0007174184448298,293.8259582519531
824,1403,290.65,7.514621430997384,27.815292532611775,47.2939,-53.9933,ARGENTIA (AUT),1.0057858113506606,292.2447509765625
825,1032,291.34999999999997,7.55110484508539,11.40209725081259,53.6333,-77.7,LA GRANDE RIVIERE A,1.001654895875588,294.15673828125
826,599,292.54999999999995,7.579601901793152,-7.751283756222322,54.4167,-110.28299999999999,COLD LAKE A,0.9973077907557084,296.65576171875
827,1268,290.95,7.646599951001509,21.855483859627054,50.1833,-61.8167,NATASHQUAN A,1.000779423242869,294.0098571777344
827,1333,293.34999999999997,7.665818126824087,24.702111897273234,48.9333,-57.9167,CORNER BROOK,1.009680696066731,293.8217468261719
828,570,292.15,7.681597894971211,-9.05791632634179,54.2775,-112.499,SMOKY LAKE AGDM,0.99558439047732,296.7629699707031
829,544,293.04999999999995,7.743529592078992,-10.221767770910317,54.0947,-114.448,BARRHEAD CS,0.9989834213771106,296.6643371582031
829,564,292.75,7.742399627759254,-9.32678710198578,54.2833,-112.96700000000001,ABEE AGDM,0.9978430096818341,296.6993408203125
831,581,292.92499999999995,7.809699892844955,-8.553772913280616,54.5,-111.7,RICH LAKE AGDM,1.0014842570753617,295.79730224609375
833,551,293.65,7.895992596871083,-9.88566256797789,54.3167,-113.95,DAPP AGDM,1.0003186466685121,296.87493896484375
833,667,292.15,7.901462901160688,-4.759302141690492,55.1482,-105.2685,LA RONGE RCS COMPOSITE,0.9972197385996889,296.27630615234375
834,526,291.54999999999995,7.970771424867976,-10.980626536377773,54.1418,-115.7855,WHITECOURT COMPOSITE,1.0014341395670208,294.4235534667969
835,432,290.95,8.020634284705773,-15.164130981795742,53.0261,-122.51,QUESNEL A,1.0069396168963864,292.211181640625
835,925,292.25,7.980076893652368,6.671684239981935,54.9833,-85.4333,PEAWANUCK (AUT),1.0004983535462353,295.406494140625
836,490,287.54999999999995,8.036429614482419,-12.598464775815508,53.795,-118.447,HENDRICKSON CREEK,1.0000374049130758,290.7897033691406
837,578,292.34999999999997,8.107990235728684,-8.686009873846904,54.7678,-112.0205,LAC LA BICHE (AUT) COMPOSITE,0.9998545677452686,295.6978454589844
837,1336,293.34999999999997,8.075391192008935,24.868387906174352,49.2167,-57.4,DEER LAKE A,1.0090347973229692,294.00982666015625
838,705,291.95,8.138488938936142,-3.055518822819442,55.5333,-102.35,ISLAND FALLS (AUT),0.9950441446100007,296.7208251953125
838,1416,295.45,8.124766269973335,28.409015870781452,47.5156,-52.7847,ST JOHN'S WEST CDA CS,1.0262932147403117,291.135009765625
840,568,292.84999999999997,8.213527245036316,-9.14271447786085,54.7817,-112.825,ATMORE AGDM,1.0002511872193645,296.08612060546875
840,1326,293.25,8.23989353197616,24.42289491438044,49.57,-57.8778,ROCKY HARBOUR CS,1.0093097743356525,293.82952880859375
840,1416,293.34999999999997,8.230534649080468,28.377457088340115,47.6222,-52.7428,ST JOHN'S A,1.019365137662035,291.0303039550781
841,1357,293.95,8.276607341657702,25.763095697857583,48.9667,-56.0667,BADGER (AUT),1.0087029475454432,294.7080993652344
842,361,290.65,8.288057845471815,-18.311029088565448,52.1875,-127.471,CATHEDRAL POINT (AUT),1.004607194336242,292.5876159667969
842,763,292.65,8.306018505604065,-0.4898819825218631,55.8033,-97.8625,THOMPSON A,0.9994816413336085,296.1117248535156
842,1084,290.75,8.314253687711462,13.681998561384583,53.7572,-73.6792,LA GRANDE IV A,1.0038355564248589,292.91326904296875
847,781,292.65,8.5383737338289,0.27697370454922526,56.0375,-96.5097,KELSEY DAM CS,0.9988967975594957,296.28509521484375
847,1294,289.95,8.51185137838431,22.990534772134843,50.465,-59.6394,CHEVERY,0.9981549019637069,293.7697448730469
849,1389,293.75,8.608947022211417,27.178288344027237,48.5569,-53.9744,TERRA NOVA NAT PARK CS,1.007493955593399,294.8609924316406
849,1407,292.75,8.631951811884614,27.97514699843636,48.1719,-52.9392,GRATES COVE,1.0080705945247288,293.6891174316406
852,1376,293.25,8.743890975982405,26.6323194328237,48.9464,-54.5769,GANDER INT'L A,1.0047066716703459,295.17572021484375
853,629,292.04999999999995,8.81558779602243,-6.460311131338492,55.8406,-108.421,BUFFALO NARROWS (AUT),0.997567566219928,296.0716247558594
853,1233,293.8225,8.784871025684721,20.29321191976702,51.8672,-63.2836,LAC EON,1.018907352173847,291.6300354003906
855,436,290.15,8.871679997996239,-14.978951097074027,53.8908,-122.679,PRINCE GEORGE A,1.0029620479129442,292.5633850097656
855,804,292.75,8.876406118523924,1.2834890209619778,56.3575,-94.7106,GILLAM A,0.9993413673770593,296.2544860839844
856,313,287.54999999999995,8.9221102400567,-20.436114299632873,51.9333,-131.017,CAPE ST JAMES,0.9981147298470254,291.349853515625
856,1323,291.25,8.917592883317909,24.275196665536356,50.2364,-57.5811,DANIELS HARBOUR,1.0027283896626107,293.740966796875
857,545,291.45,8.953304446870465,-10.139585833530132,55.29165,-114.78299999999999,SLAVE LAKE A COMPOSITE,1.0000307794214696,294.735595703125
857,695,291.95,8.975675671215516,-3.521382304920674,56.3333,-103.28299999999999,SOUTHEND,0.9985624966582187,295.67535400390625
858,1398,292.25,8.995449237262823,27.614971456792322,48.6672,-53.1142,BONAVISTA,1.0063488684879658,293.6891174316406
860,514,291.15,9.100559585566144,-11.541608424210233,55.0981,-117.199,VALLEYVIEW AGDM,0.9987150716512663,294.8200988769531
861,1022,290.45,9.143254450485722,10.963379553343792,55.2833,-77.75,KUUJJUARAPIK A,1.0039317227953732,292.5830078125
863,1351,293.04999999999995,9.231985979494414,25.520707508907858,49.9167,-55.6667,LA SCIE,1.0049780801026467,294.8947448730469
863,1387,292.45,9.218553550490716,27.116250937411323,49.1122,-53.5811,POOLS ISLAND,1.0040145415038257,294.5733947753906
864,525,291.95,9.284503540207844,-11.06298075782664,55.3958,-116.479,HIGH PRAIRIE AGDM,1.0013050378882964,294.8655090332031
867,493,291.15,9.437642625030247,-12.46008114715757,55.1797,-118.885,GRANDE PRAIRIE A,0.9986855059790574,294.8288269042969
867,723,291.65,9.423099719603844,-2.2572180214763757,56.8639,-101.07600000000001,LYNN LAKE A,0.9979379987621729,295.5563659667969
870,487,289.84999999999997,9.536136619901917,-12.739011854163321,55.1967,-119.396,BEAVERLODGE RCS,0.993672348512598,294.9931945800781
875,1321,289.84999999999997,9.748990532666745,24.169962329644125,51.0167,-57.1,FEROLLE POINT (AUT),1.0008980086293708,292.86358642578125
875,1336,290.84999999999997,9.792500942910612,24.868298591591508,50.7211,-56.1128,ENGLEE (AUT),1.0004784465384868,293.9972229003906
877,597,292.04999999999995,9.871521038852975,-7.875701530273596,56.65055,-111.215,FORT MCMURRAY A COMPOSITE,0.9997291846111429,295.43145751953125
880,399,289.84999999999997,9.993147522311885,-16.63738722118312,54.3832,-125.959,BURNS LAKE DECKER LAKE,1.0080906923569224,290.7740173339844
880,492,289.54999999999995,9.986883825544258,-12.503884480613857,55.6947,-119.23,SPIRIT RIVER AUTO STATION,0.9917638814698103,295.25494384765625
880,668,290.95,10.01081133133084,-4.711898162748228,57.25,-105.6,KEY LAKE A,0.9980903922088639,294.8019714355469
883,1207,290.25,10.1206661327751,19.1358411789273,53.5539,-64.09695,CHURCHILL FALLS COMPOSITE,1.0055844318168174,291.9010009765625
883,1315,289.25,10.104162651119204,23.912489411212096,51.45,-57.1833,LOURDES DE BLANC SABLON A,0.9998338077749362,292.56842041015625
885,504,290.54999999999995,10.234716599616755,-11.961712455028112,56.0814,-118.439,FAIRVIEW AGDM,0.9953091272821849,295.2193298339844
885,517,291.45,10.226946829363605,-11.381198804475845,56.2269,-117.447,PEACE RIVER A,0.9986122549803207,295.1542663574219
886,546,290.95,10.243617505655562,-10.117383444519708,56.552,-115.27799999999999,RED EARTH,0.9983782248092757,294.71697998046875
887,315,288.65,10.323304131822256,-20.314453931732185,53.2539,-131.813,SANDSPIT A,1.0114664320735534,288.603759765625
887,441,290.04999999999995,10.295420807028806,-14.765125833156345,55.3053,-123.13799999999999,MACKENZIE A,1.0091100510195594,290.68072509765625
887,594,292.04999999999995,10.29025448153633,-7.989638709553197,57.0411,-111.559,MILDRED LAKE,0.9991190228580196,295.61187744140625
889,1329,291.45,10.373611671056155,24.545692171940438,51.3833,-56.1,ST ANTHONY,1.00524775712371,293.20599365234375
895,367,290.75,10.64544044520589,-18.038806278710556,54.4664,-128.577,TERRACE A,1.0109332306035639,290.85675048828125
895,387,290.25,10.665533425795687,-17.140960439352252,54.8247,-127.18299999999999,SMITHERS A,1.0118697589926526,290.08782958984375
895,490,290.65,10.663113773742156,-12.603736837825105,56.3144,-119.745,CLEARDALE AGDM,0.997980300468892,294.5304870605469
895,1162,289.45,10.642722973708436,17.15060312140212,54.8,-66.8167,SCHEFFERVILLE A,1.0067624777937145,290.7558288574219
897,477,290.34999999999997,10.753806257076697,-13.163717285063106,56.2381,-120.74,FORT ST JOHN A,0.9968210064081553,294.56866455078125
899,693,290.65,10.845344827838785,-3.5963917953415443,58.19,-103.712,COLLINS BAY,0.9987990089639627,294.2890625
901,342,288.15,10.925168419012316,-19.12359427311639,54.2925,-130.445,PRINCE RUPERT A,0.9979257826779259,292.0130615234375
902,522,292.45,10.948419695171538,-11.184218485505541,56.9739,-117.45100000000001,MANNING AGDM,1.0070889409647998,293.67413330078125
908,342,288.65,11.248087391590866,-19.138145264634165,54.5803,-130.69799999999998,GREY ISLET (AUT),1.001559254422722,291.45855712890625
908,757,290.95,11.223480767171646,-0.7949466980517512,58.7158,-98.5017,TADOULE LAKE CS,0.9987291192429285,294.6134338378906
909,810,291.34999999999997,11.268490682622877,1.5517817622508403,58.7392,-94.0664,CHURCHILL A,0.9972116377231324,295.4674072265625
909,1322,291.45,11.255849381265458,24.230382756279035,52.3036,-55.8325,MARY'S HARBOUR,1.0051495204874465,293.2346496582031
922,599,291.95,11.85969113511516,-7.747077807915864,58.6272,-111.679,PRAIRIE RIVER,0.9952945306474416,296.64617919921875
924,607,292.34999999999997,11.942013308392715,-7.427243662432282,58.7667,-111.117,FORT CHIPEWYAN A,0.9972227320645461,296.4782409667969
926,670,291.75,12.01176366560062,-4.604034071073405,59.25,-105.833,STONY RAPIDS A,1.0019675091825817,294.46868896484375
928,547,293.04999999999995,12.118719845803014,-10.074177481250986,58.3823,-116.04,FORT VERMILION,1.0033877137884872,295.3621520996094
929,574,293.84999999999997,12.174502673448476,-8.86753025568397,58.7108,-113.866,GARDEN RIVER,1.0056978218016401,295.4881591796875
930,1000,288.04999999999995,12.187637204389825,9.989987113095877,58.4693,-78.0801,INUKJUAK UA COMPOSITE,1.0036311297280232,290.2522888183594
937,535,291.60499999999996,12.498830656358052,-10.594224739549533,58.6214,-117.165,HIGH LEVEL A,0.9986561768753991,295.2982482910156
937,641,291.15,12.505036006001426,-5.928649267233507,59.5667,-108.48299999999999,URANIUM CITY (AUT),0.9974554320435446,295.1924133300781
954,603,291.65,13.25566504900323,-7.607541496645303,60.0232,-111.9455,FORT SMITH A COMPOSITE,0.9969443269742859,295.8509521484375
957,1115,289.95,13.3816017084914,15.062915391847254,58.1,-68.4167,KUUJJUAQ A,1.0051557269863274,291.7236633300781
957,1207,288.54999999999995,13.419876797675242,19.12294867359371,56.55,-61.6833,NAIN,0.9997729923293164,291.8781433105469
960,474,291.34999999999997,13.53351926237463,-13.294599528109782,58.8364,-122.59700000000001,FORT NELSON A,1.0031649102342999,293.7139587402344
981,564,291.25,14.468214057228929,-9.32324361570522,60.8393,-115.78,HAY RIVER A COMPOSITE,0.9948559939816425,296.06536865234375
984,387,287.65,14.589765715473439,-17.152490634558443,58.42415,-130.0285,DEASE LAKE LWIS COMPOSITE,1.0099404360148017,288.0384826660156
989,501,290.15,14.83338284377432,-12.093794579681376,60.4408,-121.23899999999999,TROUT LAKE,1.0005335403279294,293.27349853515625
993,475,292.25,14.997500532148845,-13.242353392775371,60.2333,-123.46700000000001,FORT LIARD,1.0113525577846276,292.236083984375
997,547,291.84999999999997,15.15615711513494,-10.077110170574896,61.3169,-117.602,FORT PROVIDENCE,0.9968645866433467,296.0775146484375
1000,592,291.15,15.290638004720607,-8.073096498129345,61.9203,-113.726,INNER WHALEBACKS,0.9946787659742016,296.0164489746094
1002,827,287.75,15.389341884371548,2.3116704332428544,62.8167,-92.1167,RANKIN INLET A,0.9949383938364667,292.4832763671875
1004,627,289.84999999999997,15.491470329004402,-6.5299173223889415,62.4156,-110.69,LUTSELK'E CS,0.9949396017002465,294.6174621582031
1008,644,289.84999999999997,15.665372425277164,-5.759402027381535,62.71405,-109.1675,FORT RELIANCE COMPOSITE,0.9955678369972326,294.4315490722656
1010,489,292.34999999999997,15.735323208943159,-12.636105165664782,61.125,-122.851,LINDBURG LANDING,1.0078205654920227,293.360595703125
1013,416,288.95,15.880923220563833,-15.851020784876589,60.1165,-128.822,WATSON LAKE A,1.0076985597190906,289.98394775390625
1013,587,290.45,15.8941364226464,-8.283411299371597,62.4628,-114.44,YELLOWKNIFE A,0.9921089231324005,296.0696716308594
1018,473,290.84999999999997,16.127037568073327,-13.349857386820682,61.2567,-124.46799999999999,DEADMEN VALLEY,1.012572728221669,290.4856872558594
1018,511,292.04999999999995,16.085824204153216,-11.662896594650553,61.7603,-121.23700000000001,FORT SIMPSON COMPOSITE,1.0032786487552798,294.3862609863281
1022,690,290.45,16.296719225433336,-3.7576483250916217,63.6,-105.133,HANBURY RIVER,0.9991598636146202,293.9803466796875
1033,375,287.75,16.75778702871603,-17.662960628502297,60.1667,-132.733,TESLIN (AUT),1.0100427296566836,288.10943603515625
1034,784,288.45,16.80137872475479,0.41775555963923183,64.2989,-96.0778,BAKER LAKE A,0.9924464749292543,293.93096923828125
1035,562,291.15,16.86203978958295,-9.404454925856033,63.1336,-117.245,LAC LA MARTRE,0.9988539296726915,294.77911376953125
1043,914,286.54999999999995,17.235601653792568,6.170803303022934,64.1933,-83.3594,CORAL HARBOUR A,1.0015885860713687,289.32965087890625
1056,357,287.75,17.7729222850007,-18.468791200743226,60.7095,-135.069,WHITEHORSE A,1.0080110696719877,288.69012451171875
1057,567,291.04999999999995,17.814289511711262,-9.167268951780255,64.1117,-117.32799999999999,RAE LAKES,1.000126807502573,294.3028259277344
1060,982,284.25,17.945778795694643,9.198410704987277,64.2303,-76.525,CAPE DORSET A,1.0014362637501408,287.0509948730469
1070,333,287.34999999999997,18.431001006079605,-19.56058255517341,60.7725,-137.58,HAINES JUNCTION,1.006911598556969,288.6036071777344
1075,1065,285.65,18.615143558311996,12.846172943570908,63.75,-68.55,IQALUIT A,1.0052727931890346,287.3638916015625
1077,391,288.25,18.715605658033613,-16.976263997671126,62.2075,-133.376,FARO (AUT),1.0121022631188143,288.02276611328125
1083,435,284.75,18.96547520573286,-15.042048565821952,63.2436,-130.037,MACMILLAN PASS,1.0030341177701225,287.09783935546875
1090,325,287.45,19.306314193603082,-19.882004589804254,61.3667,-139.05,BURWASH A,1.0138450078306487,286.72967529296875
1098,516,289.34999999999997,19.663546246690753,-11.432770199531417,65.2086,-123.43299999999999,DELINE CS,0.9933859835921555,294.5692138671875
1112,485,290.95,20.25328633221057,-12.797273633836445,65.2825,-126.8,NORMAN WELLS A,1.003216625322736,293.29559326171875
1117,383,289.15,20.495251114049235,-17.3192127506522,63.6167,-135.86700000000002,MAYO A,1.0140407112156236,288.3697509765625
1132,611,288.95,21.164734286306757,-7.243285175467381,67.8167,-115.14399999999999,KUGLUKTUK A,0.9940374664280699,293.9692077636719
1132,785,284.34999999999997,21.138921535217452,0.44902530231432797,68.6356,-95.8503,GJOA HAVEN CLIMATE,0.9808307302036152,293.1845397949219
1142,359,288.84999999999997,21.613778935308083,-18.396937550529213,64.0609,-139.127,DAWSON,1.0113009599520275,288.8509826660156
1145,508,290.95,21.74932347936409,-11.803610114555505,67.0214,-126.12299999999999,COLVILLE LAKE,1.0028938655343231,293.3899841308594
1146,704,286.34999999999997,21.771353847100382,-3.1159972251081784,69.1081,-105.13799999999999,CAMBRIDGE BAY COMPOSITE,0.9893427823381522,292.7064514160156
1149,912,284.62,21.893848234284437,6.082122147370087,68.7758,-81.2425,HALL BEACH A,0.991095436315834,290.4235534667969
1153,804,285.23499999999996,22.07830769192602,1.287569506056761,69.55,-93.5833,TALOYOAK A,0.993693586342664,290.29010009765625
1160,1100,282.34999999999997,22.39945260697579,14.412454916130438,66.5833,-61.6167,CAPE DYER A,0.9965779959981822,286.52227783203125
1163,474,291.635,22.551131746181326,-13.304558056771857,67.1792,-130.22799999999998,LITTLE CHICAGO,1.0057991654385334,293.23126220703125
1184,421,287.54999999999995,23.480497388330893,-15.638171778396813,66.9811,-136.218,ROCK RIVER,0.9991895940687252,291.03643798828125
1188,547,289.04999999999995,23.628469659569642,-10.089579069383861,69.3578,-124.083,PAULATUK,0.9966255711218887,293.3072814941406
1199,460,289.95,24.124623751581403,-13.937953309449579,68.31045,-133.5,INUVIK A COMPOSITE,0.9988347479377909,293.5697937011719
1202,608,286.65,24.25257185841111,-7.373396591071229,70.7614,-117.8,HOLMAN CS,0.9918613793598189,292.2690734863281
1207,549,284.84999999999997,24.460936365558343,-9.983429469768042,70.1667,-124.71700000000001,CAPE PARRY A,0.9833582112378201,292.9451904296875
1208,465,290.04999999999995,24.5070341253506,-13.70848374880496,68.7463,-133.502,TRAIL VALLEY,0.9996757614051823,293.4239807128906
1212,400,290.25,24.7216824726706,-16.594913935534528,67.5706,-139.839,OLD CROW RCS,1.009626097763852,290.73248291015625
1215,1003,283.25,24.854671892755793,10.111462339176834,70.4861,-68.5167,CLYDE A,1.0045003613602714,285.1686096191406
1219,477,290.25,25.02650427046885,-13.17794002244732,69.4333,-133.017,TUKTOYAKTUK,1.0030956251768783,292.625244140625
1233,461,289.34999999999997,25.618503190969815,-13.885727026121224,69.6325,-135.444,PELLY ISLAND,0.9992801400872076,292.83172607421875
1240,409,288.15,25.950472036238068,-16.17625039491352,68.8006,-140.847,MARGARET LAKE,1.0055521106265002,289.7983703613281
1240,914,283.15,25.95102437247518,6.194640307498111,72.6894,-77.9689,POND INLET A,1.0130957981019046,282.6493225097656
1244,419,289.04999999999995,26.1095088620721,-15.71801209818014,69.1644,-140.15,IVVAVIK NAT. PARK,1.0034975468735094,291.2987060546875
1246,434,288.65,26.20329779273869,-15.064342732394133,69.5682,-138.91299999999998,HERSCHEL ISLAND,0.9958516113053327,293.1290283203125
1246,562,285.84999999999997,26.214275750688063,-9.387968858171986,71.9925,-125.25399999999999,SACHS HARBOUR CLIMATE,0.9902383523325055,291.93109130859375
1259,614,286.95,26.768680893281097,-7.115011108950228,73.2308,-119.538,THOMSEN RIVER,0.9936092830765832,292.0602722167969
1269,788,281.95,27.224762925109236,0.6018099385145664,74.7169,-94.9694,RESOLUTE CARS,1.0097018717175148,282.3974914550781
1279,618,286.91249999999997,27.669419059365698,-6.922336498707367,74.1389,-119.98899999999999,NANGMAGVIK LAKE,0.9983961812376128,290.6219787597656
1322,640,280.95,29.59681105435813,-5.969241673105273,76.2333,-119.333,MOULD BAY A,0.9953409224504023,285.4559326171875
1391,826,281.54999999999995,32.64541886648805,2.272431308433523,79.9833,-85.9333,EUREKA A,1.0016350032995815,284.2679748535156
