history_id,station_name,province,lon,lat,elevation (m),Tmean,Tmin (degC),Tmax (degC),HDD (degC-day)
15,CHEMAINUS,BC,-123.742,48.935,75,11,-3,25,2661
26,COWICHAN LAKE FORESTRY,BC,-124.133,48.8244,177,10,-5,23,3041
36,DUNCAN KELVIN CREEK,BC,-123.728,48.7347,103,10,-5,22,2948
42,ESQUIMALT HARBOUR,BC,-123.439,48.432,3,10,-2,19,2934
58,MAYNE ISLAND,BC,-123.32,48.8447,28,10,-4,23,2853
71,PENDER ISLAND,BC,-123.3,48.7667,26,11,-3,23,2614
73,POINT-NO-POINT,BC,-123.991,48.4058,25,10,0,19,2751
74,PORT RENFREW,BC,-124.326,48.5917,10,9,-3,21,3163
76,RACE ROCKS LIGHTSTATION,BC,-123.533,48.3,5,10,-3,17,3043
78,SAANICHTON CDA,BC,-123.419,48.6217,61,10,-3,23,2832
83,SALTSPRING IS CUSHEON LK,BC,-123.477,48.8203,108,9,-7,22,3318
90,SATURNA ISLAND CS,BC,-123.045,48.7839,24,11,-4,21,2770
91,SHAWNIGAN LAKE,BC,-123.626,48.6469,159,10,-6,24,3009
93,SHERINGHAM POINT,BC,-123.921,48.3767,7,10,-1,20,2883
106,VICTORIA UNIVERSITY CS,BC,-123.305,48.457,60,11,-2,21,2621
109,VICTORIA GONZALES HTS,BC,-123.325,48.4131,70,11,-2,23,2716
121,VICTORIA MARINE,BC,-123.75,48.3667,32,9,-4,19,3180
129,WILLIAM HEAD,BC,-123.539,48.3397,12,10,-2,20,2721
149,ALERT BAY,BC,-126.933,50.5833,59,9,-4,18,3377
159,CAMPBELL RIVER A,BC,-125.273,49.9519,109,9,-7,24,3272
168,CAPE MUDGE,BC,-125.195,49.9985,5,10,-3,23,2909
170,CHATHAM POINT,BC,-125.446,50.3332,23,10,-4,20,3103
174,COMOX A,BC,-124.9,49.7167,26,10,-4,23,2952
176,COOMBS,BC,-124.429,49.3058,98,9,-5,23,3284
177,CORTES ISLAND,BC,-125.033,50.0833,6,10,-5,23,2849
179,CORTES ISLAND TIBER BAY,BC,-124.949,50.0714,15,10,-4,22,3027
203,LITTLE QUALICUM HATCHERY,BC,-124.512,49.3528,30,9,-6,22,3265
209,MUD BAY,BC,-124.794,49.4708,4,10,-6,23,3091
214,NANAIMO A,BC,-123.87,49.0544,28,10,-5,24,2982
226,PINE ISLAND,BC,-127.728,50.9758,28,9,-2,17,3270
228,PORT HARDY A,BC,-127.366,50.6803,22,8,-4,18,3469
236,QUALICUM R FISH RESEARCH,BC,-124.617,49.3938,8,10,-4,22,3079
248,UPPER CAMPBELL LAKE,BC,-125.633,49.9,549,8,-9,25,3588
249,ENTRANCE ISLAND,BC,-123.809,49.2089,7,11,-1,21,2636
260,AMPHITRITE POINT,BC,-125.541,48.9211,27,10,-1,19,2905
264,BAMFIELD EAST,BC,-125.117,48.8333,4,10,-2,20,3071
268,CAPE BEALE LIGHT,BC,-125.216,48.7861,26,10,-1,20,2979
270,CAPE SCOTT,BC,-128.427,50.7822,72,9,-2,17,3213
277,ESTEVAN POINT,BC,-126.543,49.3833,6,10,-1,18,3032
280,GOLD RIVER TOWNSITE,BC,-126.055,49.7789,119,10,-7,24,3263
298,NITINAT RIVER HATCHERY,BC,-124.655,48.8594,15,10,-4,23,3115
299,NOOTKA LIGHTSTATION,BC,-126.617,49.6,16,10,-1,22,2848
300,PACHENA POINT,BC,-125.097,48.7228,37,10,-1,20,3112
302,PORT ALBERNI A,BC,-124.833,49.25,2,10,-6,23,3077
309,QUATSINO,BC,-127.653,50.5336,3,9,-3,20,3144
310,QUATSINO LIGHTSTATION,BC,-128.033,50.4411,21,10,-2,21,2912
319,TOFINO A,BC,-125.773,49.0822,24,10,-2,20,3108
326,UCLUELET KENNEDY CAMP,BC,-125.527,48.9453,40,10,-2,20,3026
354,GIBSONS GOWER POINT,BC,-123.541,49.3856,34,11,-4,23,2782
365,MALIBU JERVIS INLET,BC,-123.854,50.165,18,10,-3,24,2981
366,MERRY ISLAND LIGHTSTATION,BC,-123.913,49.4675,7,11,-2,23,2590
376,POWELL RIVER A,BC,-124.5,49.8342,130,10,-5,22,3080
391,SQUAMISH STP,BC,-123.15,49.7333,6,10,-8,23,2988
392,SQUAMISH STP CENTRAL,BC,-123.16,49.6983,4,10,-6,23,2971
393,SQUAMISH UPPER,BC,-123.281,49.8958,46,9,-10,23,3384
395,SQUAMISH AIRPORT,BC,-123.161,49.7832,54,10,-7,23,3244
399,TEXADA ISLAND A,BC,-124.517,49.7,97,10,-6,23,3061
402,WHISTLER,BC,-122.955,50.1289,658,7,-16,23,4188
409,CAPE ST JAMES,BC,-131.017,51.9333,92,9,-4,17,3293
417,LANGARA,BC,-133.058,54.2552,43,8,-4,16,3654
432,SANDSPIT A,BC,-131.813,53.2539,6,9,-4,19,3358
439,TLELL,BC,-131.95,53.5,5,8,-6,19,3659
440,SEWALL MASSET INLET,BC,-132.299,53.7637,3,9,-5,20,3624
441,ADDENBROKE ISLAND,BC,-127.864,51.6035,21,9,-4,19,3186
449,BELLA COOLA,BC,-126.685,52.3706,18,8,-13,22,3580
450,BELLA COOLA A,BC,-126.596,52.3875,36,9,-13,23,3462
455,BOAT BLUFF,BC,-128.524,52.6431,11,9,-6,22,3338
456,BONILLA ISLAND,BC,-130.638,53.4928,16,9,-5,17,3336
462,DRYAD POINT,BC,-128.112,52.185,4,9,-5,20,3108
464,EGG ISLAND,BC,-127.835,51.2472,14,9,-4,17,3387
469,GREEN ISLAND,BC,-130.708,54.5686,12,9,-7,19,3457
474,IVORY ISLAND,BC,-128.407,52.2697,10,9,-4,19,3234
476,KILDALA,BC,-128.483,53.8333,31,7,-15,22,4046
481,KITIMAT TOWNSITE,BC,-128.634,54.0536,98,7,-15,24,3880
489,MCINNES ISLAND,BC,-128.719,52.2617,26,9,-5,17,3291
500,PRINCE RUPERT A,BC,-130.445,54.2925,35,8,-10,18,3779
517,STEWART A,BC,-129.985,55.9361,7,6,-15,21,4294
520,STUIE TWEEDSMUIR LODGE,BC,-126.067,52.3681,162,8,-16,25,3665
522,TERRACE A,BC,-128.577,54.4664,217,7,-17,23,4247
523,TERRACE PCC,BC,-128.625,54.5019,67,7,-15,23,3886
529,TRIPLE ISLAND,BC,-130.88,54.2947,21,9,-5,17,3407
541,BABINE LAKE PINKUT CREEK,BC,-125.46,54.4464,713,4,-24,21,5178
550,HAZELTON TEMLEHAN,BC,-127.733,55.2,122,5,-29,21,4853
572,ROSSWOOD,BC,-128.8,54.85,183,6,-20,22,4278
575,SMITHERS A,BC,-127.183,54.8247,522,4,-24,21,5035
584,TOPLEY LANDING,BC,-126.163,54.8158,722,3,-26,21,5288
611,KLEENA KLEENE 2,BC,-124.99,51.9778,914,3,-29,20,5448
626,OOTSA L SKINS L SPILLWAY,BC,-125.997,53.7722,861,3,-24,19,5328
629,PEMBERTON AIRPORT CS,BC,-122.734,50.3056,204,9,-13,23,3627
642,TAHTSA LAKE WEST,BC,-127.7,53.6167,863,3,-22,18,5525
643,TAKYSIE LAKE,BC,-125.87,53.8725,884,2,-28,19,5882
647,TATLAYOKO LAKE,BC,-124.405,51.6747,870,4,-27,20,5086
655,BARKERVILLE,BC,-121.515,53.0692,1283,2,-26,19,5722
662,BURNS LAKE DECKER LAKE,BC,-125.959,54.3832,713,2,-30,17,5781
664,CAMILLE LAKE,BC,-121.967,52.4167,857,4,-31,21,5213
667,CRESCENT SPUR,BC,-120.7,53.6,686,6,-25,21,4647
672,DUNSTER,BC,-119.85,53.1333,725,4,-30,20,4908
678,FORT FRASER 13S,BC,-124.583,53.8833,701,3,-32,21,5433
679,FORT ST JAMES,BC,-124.286,54.4553,691,4,-30,21,5312
680,FORT ST JAMES A,BC,-124.25,54.4167,716,3,-30,20,5477
684,HIXON,BC,-122.699,53.5314,551,5,-29,22,4679
699,LIKELY,BC,-121.533,52.6,724,5,-26,21,4866
703,MCBRIDE ELDER CREEK,BC,-120.353,53.4234,733,5,-25,21,4665
705,MCBRIDE NORTH,BC,-120.25,53.3667,771,5,-26,22,4939
711,MOUNT ROBSON RANCH,BC,-119.233,53.0167,869,4,-28,21,5332
724,PRINCE GEORGE A,BC,-122.679,53.8908,691,4,-29,22,5042
728,PRINCE GEORGE 15NW,BC,-122.736,54.0531,762,4,-29,22,5315
731,PRINCE GEORGE STP,BC,-122.767,53.88,579,5,-27,21,4704
737,QUESNEL A,BC,-122.51,53.0261,545,5,-27,23,4645
747,SPOKIN LAKE 4E,BC,-121.686,52.1836,1033,3,-28,20,5462
752,TWAN CREEK,BC,-122.617,52.4664,914,3,-30,21,5470
759,WILLIAMS LAKE A,BC,-122.054,52.1831,940,4,-27,22,4979
763,WILLIAMS LAKE RIVER,BC,-122.149,52.1281,585,6,-27,24,4320
767,VANDERHOOF,BC,-124.017,54.0333,638,4,-32,20,5049
772,FRASER LAKE NORTH SHORE,BC,-124.847,54.0783,674,4,-30,22,5238
779,WINEGLASS RANCH,BC,-122.65,51.85,488,6,-28,25,4351
782,ABBOTSFORD A,BC,-122.36,49.0253,59,10,-7,24,2850
789,AGASSIZ CDA,BC,-121.76,49.2431,15,11,-10,26,2841
804,BUNTZEN BAY,BC,-122.863,49.3847,10,11,-3,23,2784
814,BURNABY MTN TERMINAL,BC,-122.933,49.2667,137,11,-7,26,2776
827,CHILLIWACK,BC,-121.925,49.1722,11,11,-7,24,2758
838,CLOVERDALE EAST,BC,-122.698,49.1092,50,12,-5,23,2682
845,CHILLIWACK R HATCHERY,BC,-121.704,49.08,225,9,-8,24,3228
875,HANEY EAST,BC,-122.558,49.2044,31,10,-8,23,2998
878,HANEY UBC RF ADMIN,BC,-122.573,49.2645,147,10,-8,25,3016
881,HATZIC LAKE,BC,-122.25,49.1667,25,11,-8,24,2750
896,LAIDLAW,BC,-121.579,49.3564,37,11,-11,26,2954
910,MAPLE RIDGE KANAKA CREEK,BC,-122.507,49.2111,76,10,-7,23,3016
913,MISSION WEST ABBEY,BC,-122.271,49.1525,197,10,-8,25,2940
940,PITT MEADOWS CS,BC,-122.69,49.2083,5,10,-6,22,2877
942,PITT POLDER,BC,-122.631,49.2732,5,10,-8,23,3074
965,RICHMOND NATURE PARK,BC,-123.093,49.1708,3,11,-8,23,2838
967,SARDIS,BC,-121.895,49.0819,107,10,-8,25,2973
971,STAVE FALLS,BC,-122.367,49.2333,110,10,-5,24,2910
998,VANCOUVER HARBOUR CS,BC,-123.122,49.2954,3,11,-2,22,2615
1013,VANCOUVER UBC,BC,-123.25,49.25,76,10,-6,23,2866
1036,WHITE ROCK CAMPBELL SCIENTIFIC,BC,-122.784,49.0181,13,11,-4,22,2638
1039,WHITE ROCK STP,BC,-122.784,49.0186,13,11,-6,22,2764
1095,HOPE A,BC,-121.498,49.3683,39,10,-12,25,2955
1103,HOPE SLIDE,BC,-121.233,49.2667,685,6,-15,22,4234
1128,PORCUPINE CREEK,BC,-121.8,51.0333,1190,3,-27,20,5363
1147,HEDLEY,BC,-120.077,49.3572,517,9,-19,26,3660
1151,HIGHLAND VALLEY LORNEX,BC,-121.017,50.4667,1268,4,-25,23,4995
1153,JOE RICH CREEK,BC,-119.126,49.8572,875,5,-21,21,4773
1157,KELOWNA A,BC,-119.378,49.9561,430,8,-19,25,3850
1163,KELOWNA EAST,BC,-119.397,49.8595,491,9,-19,27,3759
1165,KELOWNA PC BURNETTS NURSERY,BC,-119.484,49.8742,350,9,-15,26,3397
1168,KELOWNA MWS0,BC,-119.4,49.95,456,9,-14,26,3432
1170,KEREMEOS 2,BC,-119.821,49.2103,435,10,-17,26,3435
1182,MERRITT STP,BC,-120.801,50.1142,609,8,-21,25,3813
1191,OKANAGAN CENTRE,BC,-119.445,50.0561,370,10,-11,26,3090
1198,OLIVER STP,BC,-119.545,49.179,297,11,-14,28,3239
1204,OSOYOOS WEST,BC,-119.443,49.0319,297,11,-14,27,3231
1208,PEACHLAND,BC,-119.717,49.7833,345,10,-15,27,3170
1217,PENTICTON A,BC,-119.602,49.4631,344,9,-13,27,3362
1220,PRINCETON A,BC,-120.513,49.4678,702,7,-22,24,4248
1226,SIMILKAMEEN MINE,BC,-120.55,49.35,940,6,-24,24,4496
1228,SUMMERLAND CDA,BC,-119.65,49.5667,454,9,-16,27,3470
1231,VERNON,BC,-119.283,50.2333,556,8,-18,24,3758
1234,VERNON COLDSTREAM RANCH,BC,-119.2,50.2167,482,8,-20,25,3884
1237,VERNON NORTH,BC,-119.271,50.3443,538,9,-16,27,3531
1243,WINFIELD,BC,-119.416,50.0366,506,9,-16,26,3493
1248,PRINCETON CS,BC,-120.51,49.465,697,6,-22,22,4281
1260,GRAND FORKS,BC,-118.466,49.0262,532,8,-19,26,3852
1268,MIDWAY,BC,-118.772,49.0037,571,8,-19,25,3991
1278,CASTLEGAR A,BC,-117.632,49.2964,496,9,-13,26,3564
1287,CRESTON,BC,-116.518,49.0971,610,9,-13,25,3614
1289,CRESTON WPCC,BC,-116.529,49.0956,538,8,-15,24,3737
1290,DEER PARK,BC,-118.05,49.4167,485,9,-13,25,3658
1291,DUNCAN LAKE DAM,BC,-116.972,50.2387,549,7,-16,23,4125
1293,FAUQUIER,BC,-118.067,49.8719,490,8,-13,24,3761
1299,KASLO,BC,-116.921,49.9127,600,8,-14,24,3813
1305,LISTER,BC,-116.458,49.032,660,8,-15,26,3648
1318,NEW DENVER,BC,-117.37,49.9958,568,8,-14,25,3713
1320,NELSON CS,BC,-117.305,49.4914,535,9,-10,23,3514
1336,WARFIELD,BC,-117.75,49.1,606,9,-13,26,3582
1342,CRESTON CAMPBELL SCIENTIFIC,BC,-116.501,49.0817,641,9,-12,25,3595
1344,PASSMORE,BC,-117.648,49.5386,503,9,-13,25,3689
1355,CRANBROOK A,BC,-115.782,49.6122,940,6,-22,25,4492
1367,FORDING RIVER COMINCO,BC,-114.855,50.1486,1585,1,-27,18,6137
1368,CRANBROOK CITY,BC,-115.761,49.5092,926,6,-21,23,4365
1379,KIMBERLEY PCC,BC,-115.962,49.6316,889,6,-21,24,4583
1384,KOOTENAY NP WEST GATE,BC,-116.061,50.6308,935,6,-24,25,4557
1385,MARYSVILLE,BC,-115.957,49.6371,960,6,-21,23,4675
1392,SPARWOOD,BC,-114.883,49.7453,1138,5,-25,21,4913
1398,WASA,BC,-115.631,49.8073,970,6,-22,23,4571
1406,ARMSTRONG HULLCAR,BC,-119.217,50.5,505,8,-20,25,3966
1407,ARMSTRONG NORTH,BC,-119.133,50.4667,373,7,-21,24,4083
1415,BARRIERE,BC,-120.117,51.1833,415,7,-24,25,4097
1418,BLUE RIVER A,BC,-119.29,52.129,690,5,-26,21,4807
1422,BRIDGE LAKE 2,BC,-120.793,51.5038,1155,4,-28,21,5281
1423,BLUE RIVER CS,BC,-119.29,52.129,683,5,-24,20,4714
1424,BUFFALO LAKE,BC,-121.083,51.7086,989,4,-26,20,5132
1442,CRISS CREEK,BC,-120.728,51.0297,1122,3,-25,19,5317
1443,DARFIELD,BC,-120.183,51.2918,466,7,-21,24,3971
1444,EAGLE BAY,BC,-119.217,50.9333,412,7,-18,22,4114
1461,KAMLOOPS A,BC,-120.442,50.7022,345,9,-19,27,3457
1496,100 MILE HOUSE,BC,-121.303,51.6469,1059,4,-30,22,5079
1497,100 MILE HOUSE 6NE,BC,-121.217,51.6814,928,4,-24,20,5054
1499,RED LAKE,BC,-120.8,50.935,1162,5,-22,23,4754
1502,RUTH LAKE,BC,-120.979,51.8447,795,5,-28,21,4890
1507,SALMON ARM A,BC,-119.234,50.6856,527,7,-19,24,4005
1516,SILVER CREEK,BC,-119.35,50.5452,419,8,-18,25,3932
1520,SPENCES BRIDGE NICOLA,BC,-121.315,50.4218,235,10,-20,29,3271
1533,WATCH LAKE NORTH,BC,-121.117,51.4667,1069,4,-29,21,5237
1534,WESTWOLD,BC,-119.751,50.4689,609,7,-25,24,4266
1542,VIDETTE LAKE SHARPE LAKE,BC,-120.839,51.3265,1083,4,-26,21,5070
1566,GLACIER NP ROGERS PASS,BC,-117.517,51.3017,1330,2,-24,18,5954
1568,GOLDEN A,BC,-116.982,51.2992,785,5,-24,22,4700
1571,GOLDSTREAM RIVER,BC,-118.425,51.6297,700,5,-20,22,4749
1579,REVELSTOKE AIRPORT RD,BC,-118.166,50.9533,450,7,-17,23,4003
1597,GLACIER NP MT FIDELITY,BC,-117.701,51.2382,1890,0,-23,19,6358
1615,CHETWYND A,BC,-121.627,55.6872,610,3,-32,20,5414
1620,DAWSON CREEK A,BC,-120.182,55.7417,655,2,-36,21,5892
1630,FORT ST JOHN A,BC,-120.74,56.2381,695,2,-32,22,5761
1634,GERMANSEN LANDING,BC,-124.701,55.7855,766,2,-34,20,6023
1643,MACKENZIE A,BC,-123.138,55.3053,690,3,-32,20,5544
1683,DEASE LAKE,BC,-130.011,58.4283,807,0,-36,19,6799
1686,FORT NELSON A,BC,-122.597,58.8364,382,0,-35,23,6740
1692,FORT NELSON UA,BC,-122.573,58.8414,378,1,-33,23,6341
1701,MUNCHO LAKE,BC,-125.767,58.93,837,1,-34,21,6452
1706,TETSA RIVER,BC,-124.236,58.6531,810,-1,-32,19,6769
1717,DEASE LAKE (AUT),BC,-130.025,58.4261,801,0,-34,17,6774
1719,ATLIN,BC,-133.7,59.5667,674,1,-30,18,6174
1724,BOB QUINN AGS,BC,-130.25,56.9668,610,3,-28,18,5339
1741,PLEASANT CAMP,BC,-136.367,59.45,274,3,-22,19,5556
1769,BURWASH A,YT,-139.05,61.3667,806,-3,-38,18,7855
1774,CARMACKS CS,YT,-136.192,62.115,543,-2,-41,18,7456
1782,DAWSON A,YT,-139.128,64.0431,370,-4,-46,19,8213
1796,FARO A,YT,-133.373,62.2069,716,-2,-41,18,7638
1829,MAYO A,YT,-135.867,63.6167,504,-2,-43,22,7358
1833,MCQUESTEN,YT,-137.523,63.5942,458,-3,-46,21,7874
1845,OTTER FALLS NCPC,YT,-137.05,61.0333,830,-2,-34,18,7034
1848,PELLY RANCH,YT,-137.311,62.83,445,-3,-46,21,7710
1865,DAWSON,YT,-139.127,64.0609,370,-4,-42,14,7891
1879,TESLIN A,YT,-132.736,60.1741,705,-1,-32,17,6751
1887,WATSON LAKE A,YT,-128.822,60.1165,687,-2,-41,20,7440
1893,WHITEHORSE A,YT,-135.069,60.7095,706,0,-36,19,6648
1896,WHITEHORSE RIVERDALE,YT,-135.027,60.71,640,0,-37,21,6522
1912,CAPE PARRY A,NT,-124.717,70.1667,87,-11,-37,11,10993
1919,DELINE CS,NT,-123.433,65.2086,213,-6,-37,17,8958
1922,DELINE A,NT,-123.436,65.2111,214,-6,-39,22,8791
1928,FORT GOOD HOPE CS,NT,-128.644,66.2422,82,-4,-40,22,8620
1930,FORT LIARD A,NT,-123.467,60.235,216,-1,-36,23,6933
1932,FORT LIARD,NT,-123.467,60.2333,213,0,-33,20,6779
1942,FORT PROVIDENCE,NT,-117.602,61.3169,162,-2,-37,20,7490
1944,FORT RELIANCE,NT,-109.167,62.7167,166,-7,-42,19,9013
1951,FORT SIMPSON A,NT,-121.237,61.7603,169,-3,-38,23,7609
1959,FORT SMITH A,NT,-111.962,60.0203,205,-2,-37,23,7277
1968,HAY RIVER A,NT,-115.783,60.8397,165,-2,-36,23,7488
1979,INUVIK A,NT,-133.483,68.3042,68,-8,-41,20,9618
1994,NORMAN WELLS A,NT,-126.8,65.2825,73,-5,-41,23,8461
2004,PAULATUK,NT,-124.083,69.3578,6,-8,-36,17,9755
2015,RAE LAKES,NT,-117.328,64.1117,221,-5,-40,20,8431
2029,TUKTOYAKTUK A,NT,-133.026,69.4333,4,-10,-39,20,10160
2031,TUKTOYAKTUK,NT,-133.017,69.4333,5,-9,-38,21,9908
2042,YELLOWKNIFE A,NT,-114.44,62.4628,206,-4,-39,20,8142
2044,YELLOWKNIFE-HENDERSON,NT,-114.383,62.45,200,-3,-38,23,7927
2064,BAKER LAKE A,NU,-96.0778,64.2989,19,-11,-41,17,10721
2080,KUGLUKTUK A,NU,-115.144,67.8167,23,-10,-40,19,10272
2086,CORAL HARBOUR A,NU,-83.3594,64.1933,62,-11,-41,13,10740
2109,LUPIN A,NU,-111.25,65.7592,490,-11,-40,19,10536
2112,KUGAARUK A,NU,-89.7972,68.5406,16,-13,-44,18,11210
2117,RANKIN INLET A,NU,-92.1167,62.8167,32,-10,-40,16,10349
2132,WHALE COVE A,NU,-92.5981,62.24,12,-10,-39,16,10077
2141,ALERT,NU,-62.2806,82.5178,30,-18,-43,10,13051
2163,CAMBRIDGE BAY A,NU,-105.138,69.1081,31,-14,-42,15,11537
2169,CAPE DORSET A,NU,-76.525,64.2303,48,-9,-34,14,9831
2173,CAPE DYER A,NU,-61.6167,66.5833,393,-12,-39,11,10604
2179,CLYDE A,NU,-68.5167,70.4861,27,-13,-40,11,11260
2193,EUREKA A,NU,-85.9333,79.9833,10,-19,-48,11,13336
2204,HALL BEACH A,NU,-81.2425,68.7758,9,-13,-41,14,11516
2212,IGLOOLIK,NU,-81.8,69.3833,21,-13,-40,14,11156
2214,IGLOOLIK A,NU,-81.8167,69.3667,53,-13,-41,14,11255
2216,IQALUIT A,NU,-68.55,63.75,34,-9,-39,15,10033
2252,POND INLET A,NU,-77.9689,72.6894,62,-15,-42,12,11796
2263,RESOLUTE CARS,NU,-94.9694,74.7169,68,-15,-42,10,12261
2274,TALOYOAK A,NU,-93.5833,69.55,27,-14,-42,14,11633
2290,ULUKHAKTOK A,NT,-117.806,70.7628,36,-11,-40,17,10701
2297,SACHS HARBOUR CLIMATE,NT,-125.254,71.9925,88,-12,-37,13,11009
2299,SACHS HARBOUR A,NT,-125.267,72,86,-13,-41,14,11407
2309,ALLIANCE SOUTH,AB,-111.783,52.4167,713,4,-30,24,5269
2311,ANDREW,AB,-112.233,54.0167,610,3,-32,23,5909
2328,BRETON,AB,-114.483,53.1667,843,4,-26,21,5383
2332,BRIGHTVIEW,AB,-113.717,52.9833,815,3,-30,23,5369
2333,BROWNFIELD,AB,-111.469,52.3192,755,3,-32,24,5519
2336,BUSBY,AB,-113.889,53.9968,701,3,-30,22,5683
2342,CALMAR,AB,-113.863,53.2897,720,3,-31,22,5456
2346,CAMROSE,AB,-112.817,53.05,739,3,-30,22,5548
2351,CHAILEY,AB,-111.25,53.55,670,2,-32,24,5653
2361,CONTRACOSTA LAKE,AB,-111.55,51.7667,792,3,-31,23,5547
2363,CORONATION A,AB,-111.45,52.0667,791,2,-33,22,5719
2365,CORONATION CLIMATE,AB,-111.449,52.0742,791,2,-31,20,5853
2369,DAKOTA WEST,AB,-113.95,52.75,865,3,-30,22,5424
2383,EDMONTON INTERNATIONAL CS,AB,-113.606,53.3067,715,3,-31,21,5709
2385,EDMONTON CITY CENTRE A,AB,-113.518,53.5733,671,4,-28,22,5149
2386,EDMONTON BLATCHFORD,AB,-113.517,53.5731,671,5,-28,23,5088
2387,EDMONTON NAMAO A,AB,-113.467,53.6667,688,3,-28,19,5372
2394,EDMONTON STONY PLAIN,AB,-114.108,53.5475,766,4,-28,22,5176
2395,EDMONTON WOODBEND,AB,-113.75,53.4167,671,3,-30,22,5449
2400,ELK ISLAND NAT PARK,AB,-112.868,53.6828,716,3,-30,22,5495
2403,ELK POINT,AB,-111.067,53.8833,605,1,-35,23,6066
2409,FABYAN,AB,-111,52.9667,698,2,-31,24,5760
2414,FORESTBURG PLANT SITE,AB,-112.12,52.4675,663,5,-29,24,5141
2417,FORT SASKATCHEWAN,AB,-113.183,53.7167,620,3,-31,23,5496
2431,GWYNNE,AB,-113.183,52.95,768,3,-31,22,5532
2441,HIGHVALE,AB,-114.467,53.45,747,4,-27,23,5092
2455,KINSELLA RANCH,AB,-111.517,53,705,3,-29,23,5581
2468,LLOYDMINSTER A,AB,-110.072,53.3092,668,2,-31,22,5839
2499,OLIVER TREE NURSERY,AB,-113.367,53.65,648,3,-31,21,5317
2501,PARADISE VALLEY,AB,-110.35,53.1167,658,2,-33,24,5823
2511,RANFURLY,AB,-111.65,53.45,686,3,-28,24,5698
2513,RANFURLY 2NW,AB,-111.733,53.4167,673,3,-31,24,5635
2519,ROCKY MTN HOUSE A,AB,-114.917,52.4333,988,2,-32,20,5590
2520,ROCKY MTN HOUSE (AUT),AB,-114.912,52.4214,988,2,-30,17,5928
2528,ST LINA,AB,-111.45,54.3,633,1,-33,22,6043
2548,STETTLER NORTH,AB,-112.717,52.3333,821,3,-31,23,5459
2560,TOFIELD NORTH,AB,-112.75,53.55,701,3,-30,22,5408
2562,TULLIBY LAKE,AB,-110.133,53.6667,574,3,-33,24,6010
2570,VEGREVILLE CDA,AB,-112.033,53.4833,636,2,-34,23,5697
2585,VIOLET GROVE CS,AB,-115.126,53.1436,914,4,-26,21,5197
2595,VEGREVILLE,AB,-112.098,53.5053,639,2,-33,22,5818
2600,WETASKIWIN SOUTH,AB,-113.383,52.6333,762,4,-29,23,5177
2601,WINFIELD,AB,-114.583,52.95,910,3,-29,22,5401
2608,EDMONTON STONY PLAIN CS,AB,-114.108,53.5472,766,4,-27,22,5179
2612,ESTHER 1,AB,-110.206,51.6697,707,4,-29,23,5342
2616,HORBURG,AB,-115.2,52.4,1036,4,-26,22,5036
2618,UNIVERSITY OF ALBERTA METABOLIC CENTRE,AB,-113.533,53.5167,668,4,-31,24,5528
2623,REDWATER,AB,-113.183,54,617,2,-34,22,6030
2624,RED WILLOW,AB,-112.567,52.4167,783,3,-30,21,5382
2647,BIG STONE,AB,-111.2,51.1667,774,4,-31,24,5225
2676,CRAIGMYLE,AB,-112.283,51.7667,846,4,-30,24,5353
2692,ECKVILLE SOUTH,AB,-114.391,52.2847,960,3,-29,22,5432
2693,DRUMHELLER EAST,AB,-112.677,51.4453,678,4,-29,23,5044
2695,EMPRESS,AB,-110.006,50.9558,612,5,-32,27,5049
2702,GEM,AB,-112.189,50.9497,764,4,-29,23,5091
2716,JENNER,AB,-111.196,50.7222,755,5,-30,24,4864
2719,LACOMBE CDA,AB,-113.75,52.4667,847,3,-31,22,5506
2720,LACOMBE CDA 2,AB,-113.756,52.4489,860,3,-29,20,5427
2730,MADDEN,AB,-114.324,51.5042,1138,4,-28,22,5160
2732,MIRROR FLETCHER,AB,-113.05,52.45,795,3,-28,21,5335
2738,OLDS,AB,-114.1,51.7833,1040,4,-28,22,5337
2755,RED DEER,AB,-113.792,52.3108,847,4,-29,23,5292
2757,RED DEER A,AB,-113.893,52.1786,905,3,-31,21,5623
2764,SCHULER,AB,-110.086,50.3092,803,5,-30,26,5044
2772,SIBBALD WESTGARD,AB,-110.146,51.4247,724,4,-30,26,5339
2775,SLEEPY HOLLOW,AB,-112.959,51.4919,811,3,-30,22,5504
2780,SUNDRE GARRINGTON,AB,-114.45,51.9667,991,3,-30,21,5467
2787,THREE HILLS,AB,-113.206,51.7675,857,4,-28,21,5239
2800,SUNDRE A,AB,-114.683,51.7781,1114,3,-28,19,5694
2827,BOW ISLAND,AB,-111.45,49.7342,817,6,-29,24,4659
2846,BROOKS,AB,-111.849,50.5553,747,5,-29,22,4923
2862,CARDSTON,AB,-113.242,49.1317,1193,5,-25,24,4582
2863,CARDSTON,AB,-113.286,49.2006,1136,6,-27,23,4633
2871,CARWAY,AB,-113.376,48.9997,1354,5,-26,23,4937
2877,CLARESHOLM,AB,-113.639,50.0036,1009,5,-28,22,4803
2880,CLARESHOLM WATERWORKS,AB,-113.711,50.0189,1008,6,-27,24,4599
2883,COCHRANE,AB,-114.434,51.1969,1332,4,-28,21,5201
2886,CONNELLY CREEK,AB,-114.215,49.6161,1249,5,-27,22,4856
2887,COP UPPER,AB,-114.222,51.0761,1235,5,-27,22,4896
2902,FOREMOST,AB,-111.446,49.477,892,6,-26,25,4591
2912,GLEICHEN,AB,-113.05,50.8833,905,4,-29,22,5126
2924,HIGH RIVER,AB,-114.167,50.4833,1219,4,-28,22,5068
2938,LETHBRIDGE A,AB,-112.8,49.6303,929,6,-27,24,4559
2940,LETHBRIDGE A CR10,AB,-112.8,49.6333,929,6,-27,25,4442
2943,LETHBRIDGE CDA,AB,-112.767,49.695,910,6,-26,24,4358
2955,MEDICINE HAT A,AB,-110.721,50.0189,717,6,-29,26,4549
2963,MONARCH,AB,-113.161,49.8144,947,5,-29,23,4725
2977,PINCHER CREEK A,AB,-114,49.5167,1190,5,-29,22,4855
2978,PINCHER CREEK (AUT),AB,-113.997,49.5206,1190,5,-28,23,4723
2979,PINCHER CREEK CLIMATE,AB,-114.005,49.5217,1190,5,-25,21,4663
2989,QUEENSTOWN,AB,-112.983,50.6064,940,5,-27,25,4876
3010,STAVELY AAFC,AB,-113.883,50.1833,1364,5,-26,22,4657
3017,SUFFIELD A,AB,-111.183,50.2667,770,5,-30,27,4799
3027,UNIVERSITY OF CALGARY,AB,-114.133,51.0833,1112,5,-27,23,4906
3030,VAUXHALL CDA CS,AB,-112.133,50.05,779,6,-29,23,4668
3031,VAUXHALL NORTH,AB,-112.122,50.1825,760,5,-27,24,4767
3042,COCHRANE VE6CQC,AB,-114.448,51.2381,1303,4,-26,21,5364
3046,SPRINGBANK A,AB,-114.374,51.1031,1201,3,-28,19,5477
3049,OKOTOKS,AB,-113.961,50.7292,1081,5,-27,22,4899
3067,MANYBERRIES CDA,AB,-110.467,49.1167,934,5,-27,24,4879
3070,MASINASIN,AB,-111.654,49.1267,953,7,-28,28,4512
3072,MILK RIVER,AB,-112.05,49.1333,1050,5,-26,22,4790
3078,ONEFOUR CDA,AB,-110.467,49.1167,935,6,-28,25,4738
3095,BANFF CS,AB,-115.552,51.1934,1397,3,-26,17,5689
3096,BANFF,AB,-115.567,51.1833,1384,3,-28,20,5397
3101,BEAVER MINES,AB,-114.177,49.4672,1257,5,-27,23,4841
3103,BIGHORN DAM,AB,-116.333,52.3167,1341,3,-27,20,5516
3106,BOW VALLEY,AB,-115.067,51.0833,1298,4,-29,21,5186
3114,CAMERON FALLS,AB,-113.917,49.05,1311,5,-26,23,4680
3123,COLEMAN,AB,-114.583,49.6333,1341,4,-27,21,5273
3131,CROWSNEST,AB,-114.482,49.6275,1303,4,-26,20,5156
3135,ELBOW RS,AB,-114.7,50.9,1400,2,-29,19,5795
3153,JASPER,AB,-118.067,52.8833,1062,3,-29,19,5299
3154,JASPER WARDEN,AB,-118.03,52.9264,1020,3,-28,21,5384
3159,KANANASKIS,AB,-115.035,51.0275,1391,4,-28,20,5227
3161,KANANASKIS POCATERRA,AB,-115.12,50.7125,1610,1,-28,18,6183
3167,LAKE LOUISE,AB,-116.217,51.4333,1524,0,-28,18,6337
3189,NORDEGG RS,AB,-116.05,52.5,1320,1,-31,18,6191
3217,WATERTON PARK GATE,AB,-113.809,49.1311,1289,6,-26,22,4625
3220,SUNWAPTA,AB,-117.45,52.45,1555,0,-29,17,6724
3228,WATERTON DAM,AB,-113.684,49.32,1189,5,-26,23,4771
3264,ATHABASCA 2,AB,-113.54,54.8217,626,3,-32,24,5771
3277,BARRHEAD CS,AB,-114.448,54.0947,648,3,-30,19,5438
3286,BRULE BLACK CAT,AB,-117.867,53.35,1036,3,-30,20,5730
3289,CALLING LAKE RS,AB,-113.183,55.25,598,1,-34,22,6251
3290,CAMPSIE,AB,-114.678,54.1322,671,2,-32,22,5741
3307,CROSS LAKE,AB,-113.914,54.6328,655,2,-33,20,6001
3317,EDSON A,AB,-116.467,53.5833,927,2,-29,19,5752
3319,EDSON CLIMATE,AB,-116.453,53.5803,927,3,-28,19,5595
3336,FORT MCMURRAY A,AB,-111.217,56.65,369,1,-34,23,6288
3338,FORT MCMURRAY CS,AB,-111.213,56.6511,369,2,-32,21,6136
3367,JASPER EAST GATE,AB,-117.817,53.2333,1003,4,-29,21,5076
3399,MILDRED LAKE,AB,-111.559,57.0411,310,2,-32,22,5992
3405,MOOSE WALLOW,AB,-115.017,54.2333,633,2,-33,21,5763
3427,RONAN,AB,-115.25,53.8833,732,2,-33,21,5926
3441,SHINING BANK,AB,-115.967,53.85,829,2,-31,21,5731
3447,SLAVE LAKE A,AB,-114.783,55.2833,583,2,-31,22,5894
3450,SLAVE LAKE A,AB,-114.783,55.3,581,2,-31,22,5824
3475,WHITECOURT,AB,-115.784,54.1397,785,3,-29,22,5455
3476,WHITECOURT A,AB,-115.787,54.1439,782,3,-30,21,5566
3505,BALLATER,AB,-117.209,55.5781,564,3,-34,22,5660
3508,BEAVERLODGE CDA,AB,-119.4,55.2,745,3,-32,21,5675
3512,BEAVERLODGE RCS,AB,-119.396,55.1967,745,3,-30,20,5682
3552,ELMWORTH CDA EPF,AB,-119.75,55.1,754,3,-32,21,5756
3553,EUREKA RIVER,AB,-118.733,56.4833,665,0,-36,21,6568
3554,FAIRVIEW,AB,-118.383,56.0667,670,2,-31,23,5772
3566,FORT CHIPEWYAN A,AB,-111.117,58.7667,232,-2,-38,24,7226
3570,FORT VERMILION,AB,-116.04,58.3823,289,0,-33,21,6425
3584,GRANDE PRAIRIE A,AB,-118.885,55.1797,669,2,-35,21,5835
3595,HIGH LEVEL A,AB,-117.165,58.6214,338,-1,-36,21,6903
3611,KEG RIVER RS,AB,-117.617,57.75,405,0,-34,21,6490
3628,MANNING,AB,-117.644,56.9508,491,1,-35,22,6259
3651,PEACE RIVER A,AB,-117.447,56.2269,571,1,-34,21,5998
3670,RED EARTH,AB,-115.278,56.552,546,2,-32,22,5946
3707,VALLEYVIEW RS,AB,-117.267,55.0667,762,2,-30,19,5558
3734,CLEARDALE,AB,-119.483,56.3333,643,1,-35,20,6274
3742,COLD LAKE A,AB,-110.283,54.4167,541,2,-32,22,5816
3752,AMULET,SK,-104.733,49.6167,728,4,-30,26,5294
3754,ATWATER,SK,-102.217,50.8167,536,2,-31,24,5839
3766,BROADVIEW,SK,-102.571,50.3681,600,2,-32,22,5741
3770,BUFFALO POUND LAKE,SK,-105.383,50.55,588,4,-31,26,5330
3775,CARLYLE,SK,-102.267,49.6333,631,3,-31,26,5662
3783,COTE,SK,-101.783,51.5167,450,1,-36,25,6253
3786,CUPAR,SK,-104.267,50.85,556,3,-32,25,5846
3790,DAVIDSON,SK,-105.983,51.2667,619,2,-33,23,6026
3802,DUVAL,SK,-104.867,51.1833,584,3,-31,26,5507
3808,ESTEVAN A,SK,-102.967,49.2167,580,4,-30,25,5396
3814,FENWOOD,SK,-103.067,51.15,625,2,-32,23,5933
3830,HANDSWORTH,SK,-102.867,49.8333,678,3,-32,25,5580
3839,INDIAN HEAD CDA,SK,-103.65,50.55,579,3,-32,23,5840
3840,INDIAN HEAD PFRA,SK,-103.683,50.5,604,3,-31,26,5516
3844,KELLIHER,SK,-103.753,51.2574,676,2,-31,24,5881
3847,KIPLING,SK,-102.733,50.2,671,3,-29,25,5501
3857,LANGENBURG,SK,-101.717,50.9,517,2,-32,21,5973
3858,LAST MOUNTAIN CS,SK,-105.25,51.4167,497,2,-32,22,5818
3863,LEROY,SK,-104.633,52,535,2,-33,25,5938
3866,LIPTON,SK,-103.767,50.85,602,2,-33,25,5809
3877,MARYFIELD,SK,-101.517,49.8333,576,3,-30,25,5568
3880,MIDALE,SK,-103.3,49.3833,587,4,-31,26,5370
3884,MOOSE JAW A,SK,-105.567,50.3333,577,4,-32,25,5201
3885,MOOSE JAW CS,SK,-105.538,50.3317,577,4,-29,24,5287
3890,MOOSOMIN,SK,-101.667,50.1333,576,3,-31,25,5599
3892,MUENSTER,SK,-105,52.3333,580,2,-33,25,6021
3894,NOKOMIS,SK,-105,51.5167,524,3,-33,25,5754
3903,PARKBEG,SK,-106.067,50.4667,610,4,-32,27,5349
3907,PASWEGIN,SK,-103.917,51.9833,533,2,-34,25,6095
3920,REDVERS,SK,-101.717,49.6,596,3,-30,25,5493
3942,ROCANVILLE,SK,-101.55,50.4667,479,3,-31,26,5600
3944,SALTCOATS,SK,-102.267,50.9667,523,2,-32,25,5833
3947,SEMANS,SK,-104.733,51.4167,562,2,-34,26,5655
3962,TUGASKE,SK,-106.3,50.8833,607,4,-31,26,5483
3969,WAPELLA PIPESTONE,SK,-102.05,50.1333,609,3,-30,26,5499
3972,WATROUS,SK,-105.467,51.6667,541,2,-33,24,5781
3973,WATROUS EAST,SK,-105.4,51.6667,526,2,-32,23,5865
3977,WEYBURN,SK,-103.833,49.65,570,4,-30,27,5376
3979,WHITEWOOD,SK,-102.267,50.35,598,2,-31,24,5753
3984,WOLSELEY,SK,-103.283,50.4333,594,3,-32,26,5590
3985,WYNYARD,SK,-104.2,51.7667,561,2,-31,26,5793
3987,YELLOW GRASS,SK,-104.183,49.8167,580,4,-29,26,5236
3992,YORKTON A,SK,-102.467,51.2667,498,2,-33,23,5999
3993,TONKIN,SK,-102.233,51.2,527,2,-31,22,5949
3998,WYNYARD (AUT),SK,-104.2,51.7667,560,2,-30,23,5818
3999,ZEHNER,SK,-104.4,50.6333,683,3,-32,24,5734
4002,WEYBURN,SK,-103.8,49.7,589,3,-31,22,5492
4006,ABBEY,SK,-108.783,50.7,695,5,-31,27,5106
4008,ALSASK HARDENE,SK,-109.85,51.3333,658,4,-33,26,5368
4009,ANEROID,SK,-107.3,49.7167,754,5,-27,26,5015
4010,ASSINIBOIA,SK,-105.967,49.7333,724,4,-31,27,5141
4011,ASSINIBOIA AIRPORT,SK,-105.946,49.7292,726,4,-29,22,5206
4012,BEECHY,SK,-107.311,50.832,660,4,-30,26,5172
4022,CODERRE,SK,-106.367,50.1333,685,4,-29,24,5383
4025,COURVAL,SK,-105.883,50.1833,693,4,-29,27,5393
4026,CYPRESS HILLS,SK,-109.467,49.6667,1196,4,-29,23,5460
4029,ELBOW CS,SK,-106.583,51.1333,595,3,-30,23,5411
4032,ELBOW 2 NE,SK,-106.55,51.1667,605,3,-30,23,5488
4033,ELROSE,SK,-108.033,51.1333,610,4,-31,28,5119
4034,ESTON,SK,-108.767,51.15,680,4,-33,26,5404
4040,GOLDEN PRAIRIE,SK,-109.8,50.1833,747,5,-31,25,4946
4063,LEADER 2,SK,-109.533,50.8833,674,4,-32,26,5116
4065,LUCKY LAKE,SK,-107.15,50.95,665,3,-29,20,5310
4068,MAPLE CREEK,SK,-109.466,49.9025,767,5,-28,25,4803
4070,MAPLE CREEK NORTH,SK,-109.467,50,764,6,-28,28,4726
4086,ROCK POINT,SK,-107.263,51.1539,725,4,-30,25,5386
4095,STEWART VALLEY,SK,-107.8,50.6,727,4,-30,26,5030
4100,SWIFT CURRENT A,SK,-107.683,50.3,817,4,-31,23,5146
4103,SWIFT CURRENT CDA,SK,-107.733,50.2667,825,4,-29,25,5175
4104,TOMPKINS,SK,-108.8,50.05,811,6,-28,26,4698
4110,LEADER AIRPORT,SK,-109.501,50.9095,676,4,-30,24,5209
4116,CLAYDON,SK,-109.1,49.1333,975,5,-27,27,4961
4120,CORONACH,SK,-105.517,49.1167,773,4,-30,27,5230
4122,CORONACH SPC,SK,-105.483,49.05,756,4,-28,27,5185
4123,CYPRESS HILLS PARK,SK,-109.514,49.6406,1271,4,-27,23,5149
4127,EASTEND CYPRESS (AUT),SK,-108.989,49.4378,1080,4,-28,23,5210
4133,FRONTIER,SK,-108.567,49.2,901,5,-29,27,4919
4145,TREELON,SK,-108.383,49,902,5,-27,26,4910
4152,WEST POPLAR RIVER,SK,-106.383,49,876,4,-31,26,5472
4158,ARTLAND,SK,-109.9,52.7833,640,3,-32,25,5663
4163,BIGGAR,SK,-107.983,52.0667,671,3,-32,25,5691
4164,BUTTE ST PIERRE,SK,-109.2,53.45,572,1,-33,23,6106
4184,KINDERSLEY A,SK,-109.183,51.5167,694,3,-32,25,5536
4191,LLOYDMINSTER 12E,SK,-109.667,53.2833,648,2,-34,24,5913
4198,MEDSTEAD,SK,-108.033,53.35,700,1,-33,22,6237
4200,NORTH BATTLEFORD A,SK,-108.256,52.7719,548,2,-34,24,5906
4208,ROSETOWN,SK,-108.017,51.6167,586,3,-32,26,5415
4210,ROSETOWN EAST,SK,-107.917,51.5667,586,3,-32,23,5810
4211,RUDDELL,SK,-107.85,52.5833,538,3,-32,24,5568
4218,SCOTT CDA,SK,-108.835,52.3597,660,2,-29,22,5999
4230,WASECA,SK,-109.404,53.1309,638,2,-32,25,5854
4240,CAMEO,SK,-106.55,53.2833,488,1,-35,22,6377
4257,HARRIS,SK,-107.583,51.7333,578,3,-31,24,5477
4270,MELFORT,SK,-104.6,52.8167,490,1,-32,21,6094
4272,MELFORT CDA,SK,-104.6,52.8167,480,1,-33,24,6114
4280,OUTLOOK PFRA,SK,-107.05,51.4833,541,4,-31,25,5308
4282,PILGER,SK,-105.15,52.4167,552,2,-32,25,6100
4285,PRINCE ALBERT A,SK,-105.667,53.2167,428,1,-33,24,6103
4305,SASKATOON SRC,SK,-106.6,52.15,497,4,-29,27,5586
4307,SASKATOON WATER TP,SK,-106.683,52.1167,483,4,-28,27,5100
4316,VISCOUNT,SK,-105.633,51.95,547,2,-34,26,5845
4319,WEIRDALE,SK,-105.25,53.45,474,1,-34,25,6234
4322,LANGHAM 2W,SK,-107.017,52.3667,503,2,-32,24,5594
4332,BUFFALO NARROWS A,SK,-108.433,55.8333,434,1,-33,24,6258
4338,CLUFF LAKE,SK,-109.517,58.3667,330,-1,-36,24,6941
4346,CREE LAKE,SK,-107.133,57.35,495,-2,-38,21,7492
4363,KEY LAKE,SK,-105.617,57.25,509,-2,-38,23,7377
4369,LA RONGE A,SK,-105.267,55.15,379,0,-34,22,6513
4373,LOON LAKE CDA EPF,SK,-109.1,54.05,543,1,-34,23,6137
4378,MEADOW LAKE A,SK,-108.517,54.1333,481,1,-35,22,6290
4392,SPIRITWOOD WEST,SK,-107.55,53.3667,584,1,-31,21,6015
4396,STONY RAPIDS A,SK,-105.833,59.25,245,-4,-39,20,7865
4399,WASKESIU LAKE,SK,-106.067,53.9167,569,1,-31,21,6100
4407,AYLSHAM,SK,-103.8,53.2,362,1,-33,24,6212
4416,LOST RIVER,SK,-104.333,53.2833,375,1,-33,25,6228
4418,NIPAWIN A,SK,-104,53.3333,372,1,-35,23,6226
4444,HUDSON BAY A,SK,-102.317,52.8167,358,1,-33,23,6282
4456,PELLY,SK,-101.867,52.0833,509,1,-32,22,6345
4457,PELLY 2,SK,-101.9,51.7333,499,2,-32,26,5984
4471,BINSCARTH,MB,-101.267,50.5833,526,2,-32,26,5937
4474,BOGGY CREEK,MB,-101.391,51.5386,609,1,-32,23,6220
4475,BRANDON A,MB,-99.9519,49.91,409,2,-32,25,5869
4477,BRANDON CDA,MB,-99.9833,49.8667,363,3,-31,27,5657
4482,CAMERON,MB,-100.467,49.4667,442,3,-31,23,5606
4483,CARBERRY CS,MB,-99.3574,49.9058,384,2,-31,23,5781
4489,CYPRESS RIVER,MB,-99.0833,49.55,374,4,-31,27,5497
4524,OAKNER,MB,-100.633,50.1,503,2,-31,25,5764
4526,PIERSON,MB,-101.267,49.1833,469,4,-29,26,5357
4531,PORTAGE SOUTHPORT A,MB,-98.2667,49.9,270,3,-30,27,5525
4534,PORTAGE SOUTHPORT,MB,-98.2841,49.9031,273,3,-29,24,5493
4542,ROBLIN,MB,-101.363,51.1833,540,1,-32,23,6020
4550,ST ALPHONSE,MB,-99.0167,49.45,403,4,-30,27,5475
4552,SANDY LAKE,MB,-100.1,50.5,625,1,-31,25,6016
4553,SHOAL LAKE CS,MB,-100.603,50.4549,561,2,-31,22,6089
4562,SOURIS,MB,-100.25,49.65,433,3,-32,26,5742
4565,STRATHCLAIR,MB,-100.4,50.4,579,2,-31,24,6011
4575,TURTLE MOUNTAIN 6,MB,-100.317,49.3,503,3,-31,27,5453
4578,VIRDEN,MB,-100.95,49.8333,445,3,-30,25,5614
4581,WASAGAMING,MB,-99.9419,50.655,627,1,-32,22,6402
4586,MELITA,MB,-100.986,49.2813,446,3,-30,22,5536
4592,ALTONA,MB,-97.55,49.1,248,4,-28,28,5319
4600,CARMAN,MB,-98.15,49.4333,282,3,-29,27,5245
4618,EMERSON AUT,MB,-97.2375,49,242,4,-29,27,5379
4628,GRETNA (AUT),MB,-97.56,49.0308,253,3,-29,24,5409
4644,MARQUETTE,MB,-97.8071,50.0134,244,3,-31,27,5586
4648,MIAMI THIESSEN,MB,-98.25,49.45,297,4,-28,27,5150
4651,MORDEN CDA,MB,-98.0833,49.1833,298,4,-30,28,5420
4657,MYRTLE,MB,-97.7833,49.4,248,3,-30,27,5508
4674,PILOT MOUND (AUT),MB,-98.9049,49.191,470,2,-31,23,5722
4675,PILOT MOUND 2,MB,-98.9,49.2,472,3,-29,25,5595
4677,PINEY,MB,-96.0058,49.0309,326,3,-31,26,5543
4678,PLUM COULEE,MB,-97.8,49.05,265,4,-30,28,5388
4700,SELKIRK,MB,-96.8681,50.1672,226,3,-31,27,5492
4701,SNOWFLAKE,MB,-98.65,49.0667,474,3,-31,26,5497
4703,SPRAGUE,MB,-95.5983,49.0236,329,3,-30,22,5630
4704,SPRAGUE,MB,-95.6,49.0167,329,3,-32,24,5869
4706,STEINBACH,MB,-96.7667,49.5333,254,3,-31,26,5682
4709,STONY MOUNTAIN,MB,-97.1667,50.1167,236,3,-31,25,5615
4715,TURTLE MOUNTAIN 11,MB,-100.117,49.1333,579,3,-29,25,5454
4742,WINNIPEG THE FORKS,MB,-97.1294,49.8883,230,5,-27,23,5240
4753,ZHODA,MB,-96.5167,49.25,305,3,-32,26,5668
4756,CARMAN U OF M CS,MB,-98.0297,49.4981,268,3,-30,23,5528
4762,WINNIPEG A CS,MB,-97.2494,49.9167,239,3,-31,23,5691
4763,ARBORG,MB,-97.0833,50.9333,224,2,-32,25,6089
4766,BEAUSEJOUR 2,MB,-96.4667,50.0333,251,3,-33,24,5613
4770,BERENS RIVER CS,MB,-97.022,52.3597,222,1,-32,21,6335
4772,BISSETT,MB,-95.7,51.0333,259,2,-33,26,6022
4775,BROAD VALLEY,MB,-97.4667,50.9833,259,2,-32,24,5983
4787,GIMLI,MB,-97.0167,50.6333,223,2,-31,26,5949
4788,GIMLI,MB,-97.0167,50.6333,223,2,-32,23,5706
4790,GIMLI HARBOUR CS,MB,-96.9822,50.6311,217,3,-29,23,5596
4793,GIMLI INDUSTRIAL PARK,MB,-97.05,50.6333,230,2,-32,25,5802
4796,GRAND RAPIDS HYDRO,MB,-99.2833,53.1581,223,1,-31,26,6202
4802,HODGSON 2,MB,-97.4651,51.1861,232,1,-33,25,6312
4804,INDIAN BAY,MB,-95.1972,49.6239,327,3,-31,24,5595
4814,PINAWA WNRE,MB,-96.0583,50.1806,267,3,-31,26,5588
4825,VICTORIA BEACH (AUT),MB,-96.5667,50.7,220,4,-30,24,5614
4827,OSTENFELD,MB,-96.4833,49.8167,274,3,-31,24,5711
4828,PINAWA,MB,-96.0647,50.1772,268,3,-32,26,5781
4843,DAUPHIN A,MB,-100.05,51.1,305,2,-31,26,5751
4848,DELTA MARSH CS,MB,-98.3822,50.1826,248,3,-29,25,5720
4859,GILBERT PLAINS,MB,-100.467,51.1,404,2,-32,25,6018
4862,COWAN,MB,-100.65,52.0333,366,2,-31,25,6034
4867,GLADSTONE SOUTH,MB,-99.0167,50.1833,282,3,-31,26,5606
4882,LANGRUTH,MB,-98.55,50.4,250,3,-31,26,5869
4892,MAFEKING,MB,-101.098,52.6664,325,2,-29,23,5959
4904,NEEPAWA MURRAY 6 SOUTHWEST,MB,-99.5667,50.15,412,3,-29,26,5531
4905,NEEPAWA WATER,MB,-99.4667,50.2167,358,3,-31,24,5745
4913,PINE RIVER,MB,-100.567,51.8,378,2,-31,25,5919
4924,SWAN RIVER,MB,-101.217,52.05,347,2,-31,23,6091
4927,VOGAR,MB,-98.75,50.9167,250,2,-30,26,5701
4928,MCCREARY,MB,-99.53,50.7119,351,3,-29,25,5610
4934,OAKPOINT MARINE,MB,-98.0367,50.4995,250,2,-29,23,5840
4935,SWAN RIVER RCS,MB,-101.233,52.115,335,2,-31,22,5945
4938,FLIN FLON,MB,-101.883,54.7667,320,1,-31,26,6129
4939,FLIN FLON A,MB,-101.683,54.6833,304,0,-33,25,6605
4947,THE PAS A,MB,-101.1,53.9667,270,1,-33,25,6467
4957,CHURCHILL A,MB,-94.0664,58.7392,29,-6,-36,23,8925
4966,CROSS LAKE JENPEG,MB,-98.0303,54.5397,219,0,-33,25,6748
4970,GILLAM A,MB,-94.7106,56.3575,145,-4,-36,24,7923
4976,ISLAND LAKE A,MB,-94.65,53.85,236,-1,-34,24,6874
4988,LYNN LAKE A,MB,-101.076,56.8639,357,-3,-37,24,7778
5018,THOMPSON A,MB,-97.8625,55.8033,224,-3,-36,24,7603
5021,THOMPSON ZOO,MB,-97.8661,55.752,206,-2,-36,25,7305
5029,NORWAY HOUSE A,MB,-97.85,53.95,224,-1,-35,25,6910
5034,BIG TROUT LAKE,ON,-89.8667,53.8333,224,-2,-36,24,7465
5039,EAR FALLS,ON,-93.2167,50.6333,361,2,-29,23,5912
5046,LANSDOWNE HOUSE (AUT),ON,-87.9361,52.1961,253,-1,-31,22,6904
5052,PICKLE LAKE (AUT),ON,-90.2178,51.4492,391,0,-31,19,6728
5053,PICKLE LAKE A,ON,-90.2142,51.4464,386,1,-32,25,6430
5060,RED LAKE A,ON,-93.7931,51.0669,386,1,-32,24,6154
5072,BARWICK,ON,-93.9667,48.6333,335,4,-30,26,5485
5080,FORT FRANCES,ON,-93.4167,48.6167,343,4,-30,26,5350
5081,FORT FRANCES A,ON,-93.4333,48.65,342,3,-30,26,5376
5085,MINE CENTRE,ON,-92.6167,48.7667,343,3,-29,26,5486
5090,SLEEMAN,ON,-94.4167,48.7167,335,3,-32,25,5637
5096,EMO RADBOURNE,ON,-93.8333,48.6833,350,3,-32,25,5784
5098,DRYDEN,ON,-92.8333,49.7833,372,2,-31,25,5759
5099,DRYDEN A,ON,-92.75,49.8333,413,2,-31,23,5790
5110,KENORA A,ON,-94.3653,49.7903,410,3,-30,25,5572
5117,RAWSON LAKE,ON,-93.7167,49.65,358,3,-30,26,5580
5123,SIOUX LOOKOUT A,ON,-91.9,50.1167,383,2,-32,25,5880
5147,CAMERON FALLS,ON,-88.35,49.15,229,2,-30,23,5963
5157,GERALDTON A,ON,-86.9306,49.7828,348,1,-33,23,6363
5163,FLINT,ON,-89.6833,48.35,274,3,-29,24,5665
5206,PUKASKWA NATL PARK,ON,-86.3,48.6,192,3,-28,19,5840
5219,TERRACE BAY,ON,-87.1,48.8,289,2,-29,20,5966
5224,THUNDER BAY A,ON,-89.3272,48.3694,199,3,-28,23,5672
5230,TRANQUILLO RIDGE,ON,-89.5167,48.2333,317,3,-27,26,5439
5239,WHITEFISH LAKE,ON,-89.9167,48.2833,399,2,-29,25,5826
5274,MONTREAL FALLS,ON,-84.4333,47.2667,306,3,-27,23,5304
5283,SAULT STE MARIE A,ON,-84.5094,46.4833,192,5,-23,24,4914
5296,WAWA A,ON,-84.7833,47.9667,287,3,-28,22,5635
5304,CHAPLEAU A,ON,-83.3467,47.82,448,2,-30,24,5806
5316,MASSEY,ON,-82.0247,46.1931,200,5,-25,23,4823
5329,SUDBURY A,ON,-80.7978,46.6256,348,4,-26,25,5148
5337,WARREN,ON,-80.3167,46.4333,212,4,-28,25,5380
5340,COCHRANE,ON,-81.0333,49.0667,275,0,-33,22,6293
5346,EARLTON A,ON,-79.85,47.7,243,3,-30,25,5663
5357,ISLAND FALLS,ON,-81.3833,49.5833,213,1,-33,25,6389
5358,KAPUSKASING CDA,ON,-82.4333,49.4,218,1,-33,25,6263
5359,KAPUSKASING A,ON,-82.4675,49.4139,227,1,-32,25,6148
5364,KIRKLAND LAKE,ON,-80,48.15,324,2,-32,25,6006
5375,MOOSONEE UA,ON,-80.65,51.2667,10,0,-32,24,6686
5386,PORCUPINE ONT HYDRO,ON,-81.2667,48.4667,299,3,-32,26,5879
5390,SMOKY FALLS,ON,-82.1667,50.0667,183,1,-33,24,6410
5393,TIMMINS VICTOR POWER A,ON,-81.3767,48.5697,295,2,-30,25,5958
5408,DWIGHT,ON,-78.9,45.3833,404,4,-26,24,5086
5413,MADAWASKA,ON,-77.9833,45.5,316,4,-27,25,5134
5418,NORTH BAY A,ON,-79.4228,46.3636,370,4,-27,25,5101
5431,GORE BAY A,ON,-82.5667,45.8833,194,6,-23,24,4644
5439,SANDFIELD,ON,-81.982,45.69,231,6,-23,25,4464
5440,SOUTH BAYMOUTH,ON,-82.0167,45.5833,182,6,-22,24,4647
5449,ARNPRIOR GRANDON,ON,-76.3667,45.4167,107,6,-26,27,4701
5453,AVONMORE,ON,-74.9708,45.17,91,6,-24,27,4539
5461,BROCKVILLE PCC,ON,-75.6667,44.6,96,8,-21,26,4013
5468,CHALK RIVER AECL,ON,-77.3667,46.05,122,6,-24,27,4679
5469,CHATS FALLS,ON,-76.2333,45.4667,94,6,-24,27,4455
5472,CHESTERVILLE 2,ON,-75.2,45.0167,85,6,-26,27,4729
5480,CORNWALL,ON,-74.7489,45.0156,64,8,-22,28,4057
5490,DALHOUSIE MILLS,ON,-74.4667,45.3167,69,6,-25,26,4630
5504,GLENBURNIE,ON,-76.5,44.3333,114,7,-22,26,4365
5505,GLEN GORDON,ON,-74.5333,45.1667,53,7,-23,26,4760
5510,GODFREY,ON,-76.6333,44.5667,160,6,-23,27,4474
5511,DRUMMOND CENTRE,ON,-76.2528,45.0322,145,7,-23,26,4429
5515,HARTINGTON IHD,ON,-76.6903,44.4281,160,7,-21,26,4171
5519,KEMPTVILLE,ON,-75.6333,45,99,6,-24,27,4537
5524,KINGSTON A,ON,-76.5967,44.2186,92,7,-21,26,4195
5531,KINGSTON PUMPING STATION,ON,-76.4806,44.2439,77,8,-20,27,3970
5539,LYNDHURST SHAWMERE,ON,-76.0833,44.5167,87,8,-21,23,4237
5553,MORRISBURG,ON,-75.1883,44.9236,82,7,-24,27,4429
5561,OMPAH,ON,-76.8561,44.9742,251,5,-23,24,4752
5562,OMPAH-SEITZ,ON,-76.7839,45.0536,276,6,-23,26,4494
5570,OTTAWA CDA,ON,-75.7167,45.3833,79,7,-23,27,4364
5595,PETAWAWA A,ON,-77.3167,45.95,130,5,-24,26,5024
5596,PETAWAWA NAT FORESTRY,ON,-77.4333,45.9833,183,4,-27,24,5131
5601,RENFREW,ON,-76.7,45.4833,130,5,-27,26,4925
5619,RUSSELL,ON,-75.3595,45.2628,76,7,-24,27,4454
5620,ST. ALBERT,ON,-75.0636,45.2872,80,6,-25,25,4584
5628,SOUTH MOUNTAIN,ON,-75.4833,44.9667,85,6,-24,27,4468
5642,PETAWAWA HOFFMAN,ON,-77.25,45.8833,153,6,-25,25,4675
5646,ALLISTON NELSON,ON,-79.8722,44.1514,221,8,-19,27,4022
5657,BARRIE WPCC,ON,-79.6897,44.3758,221,7,-20,27,4204
5659,BEATRICE 2,ON,-79.4,45.1333,297,5,-26,25,4996
5681,CHATSWORTH,ON,-80.9056,44.395,305,7,-20,26,4438
5685,COLLINGWOOD,ON,-80.2167,44.5,180,8,-17,28,3854
5690,COOKSTOWN,ON,-79.6947,44.2067,244,6,-21,26,4394
5693,DORSET MOE,ON,-78.9333,45.2167,323,5,-26,25,4888
5694,DUNCHURCH,ON,-79.8833,45.6167,268,5,-26,24,4899
5698,ESSA ONT HYDRO,ON,-79.8167,44.35,216,7,-22,27,4299
5705,HANOVER,ON,-81.0058,44.1164,270,7,-19,26,4307
5721,LAGOON CITY,ON,-79.2167,44.5472,221,7,-22,24,4289
5729,MIDHURST,ON,-79.7667,44.45,226,7,-22,27,4349
5733,MOONSTONE,ON,-79.6667,44.6333,201,6,-23,25,4447
5735,MUSKOKA A,ON,-79.3,44.9667,282,5,-25,24,4702
5741,ORILLIA BRAIN,ON,-79.4389,44.6028,250,7,-21,24,4252
5743,ORILLIA TS,ON,-79.4167,44.6167,220,7,-22,26,4259
5747,OWEN SOUND MOE,ON,-80.9333,44.5833,179,8,-16,27,4028
5758,PORT LAW,ON,-80.4667,44.25,495,5,-20,23,4682
5759,POWASSAN,ON,-79.25,46.1167,274,5,-28,26,5087
5762,PROTON STATION,ON,-80.5167,44.1667,480,5,-21,24,4793
5773,SHANTY BAY,ON,-79.6328,44.3995,250,7,-22,26,4230
5793,UDORA,ON,-79.1614,44.2625,262,7,-21,27,4135
5808,WIARTON A,ON,-81.1072,44.7458,222,7,-18,26,4244
5820,THORNBURY SLAMA,ON,-80.4853,44.5736,213,7,-18,27,4110
5822,EGBERT CARE,ON,-79.7833,44.2333,252,7,-21,27,4228
5828,BLYTH,ON,-81.3836,43.7183,351,7,-19,27,4175
5840,DASHWOOD,ON,-81.6167,43.3667,253,8,-16,27,3772
5841,COURTRIGHT,ON,-82.4517,42.7639,186,9,-17,29,3578
5845,EXETER,ON,-81.5,43.35,262,8,-17,28,3824
5851,GODERICH,ON,-81.7167,43.7667,214,8,-15,24,3736
5861,KINCARDINE,ON,-81.6233,44.1728,200,8,-14,26,3790
5863,LUCKNOW,ON,-81.5,43.95,290,7,-18,26,4203
5870,PAISLEY,ON,-81.3667,44.2667,244,7,-19,26,4320
5873,PETROLIA TOWN,ON,-82.1667,42.8833,201,9,-16,28,3602
5877,SALTFORD,ON,-81.6833,43.75,229,8,-14,26,4001
5880,SARNIA AIRPORT,ON,-82.3047,42.9922,181,8,-16,28,3771
5889,TARA,ON,-81.157,44.5195,230,7,-18,25,4228
5900,THEDFORD,ON,-81.8558,43.1756,200,9,-16,28,3640
5901,AMHERSTBURG,ON,-83.0945,42.1034,182,10,-15,27,3362
5917,CHATHAM WPCP,ON,-82.2153,42.39,180,10,-16,28,3442
5921,DELHI CDA,ON,-80.55,42.8667,232,8,-17,26,3888
5923,DRESDEN,ON,-82.1833,42.5833,183,8,-19,28,3768
5926,DUNNVILLE PUMPING STN,ON,-79.6167,42.8333,175,8,-16,26,3774
5934,FORT ERIE,ON,-78.9667,42.8833,180,9,-15,27,3692
5939,GRIMSBY MOUNTAIN,ON,-79.5583,43.1836,171,10,-14,27,3438
5942,HAGERSVILLE,ON,-80.0667,42.9667,221,8,-16,26,3778
5944,HARROW CDA,ON,-82.9,42.0333,191,9,-18,28,3556
5958,NEW GLASGOW,ON,-81.6361,42.5145,198,9,-16,27,3652
5959,NIAGARA FALLS,ON,-79.0833,43.1333,183,9,-16,28,3569
5963,NIAGARA ON THE LAKE,ON,-79.1333,43.25,81,9,-14,27,3594
5977,PORT COLBORNE,ON,-79.25,42.8833,175,10,-14,26,3523
5980,PORT DALHOUSIE,ON,-79.2667,43.1833,91,9,-15,28,3517
5983,PORT STANLEY,ON,-81.2167,42.6667,183,8,-16,26,3868
5990,RIDGETOWN AUTOMATIC CLIMATE STATION,ON,-81.8833,42.45,206,9,-16,27,3590
5992,RIDGEVILLE,ON,-79.325,43.0417,236,9,-16,27,3731
5996,ST CATHARINES A,ON,-79.1667,43.2,98,9,-14,28,3570
6003,ST THOMAS WPCP,ON,-81.205,42.7683,209,9,-16,27,3663
6017,TILLSONBURG NORTH,ON,-80.7406,42.8606,235,9,-17,27,3703
6020,VINELAND,ON,-79.4167,43.15,110,10,-14,28,3393
6022,VINELAND RITTENHOUSE,ON,-79.4167,43.1667,95,9,-15,28,3527
6033,WELLAND,ON,-79.2611,42.9925,175,9,-16,27,3730
6037,WINDSOR RIVERSIDE,ON,-82.9333,42.3333,188,11,-14,28,3165
6038,WINDSOR A,ON,-82.9556,42.2756,190,10,-16,29,3379
6045,WOODSLEE CDA AUTOMATIC CLIMATE STATION,ON,-82.7333,42.2167,183,10,-15,29,3399
6048,POINT PELEE,ON,-82.5167,41.95,177,10,-16,27,3461
6063,BRANTFORD MOE,ON,-80.2333,43.1333,196,8,-18,26,3937
6073,CROMARTY,ON,-81.3333,43.4167,328,8,-18,27,4137
6074,CULLODEN EASEY,ON,-80.8467,42.8895,280,8,-17,27,3902
6087,FERGUS SHAND DAM,ON,-80.3303,43.7347,418,7,-19,26,4253
6088,FERGUS MOE,ON,-80.3789,43.7017,396,7,-17,25,4255
6089,FOLDENS,ON,-80.7808,43.0184,328,8,-17,27,3901
6092,GLEN ALLAN,ON,-80.7103,43.6839,400,7,-19,26,4285
6095,GRAND VALLEY WPCP,ON,-80.3333,43.8833,465,6,-21,26,4559
6099,GUELPH ARBORETUM,ON,-80.2167,43.55,328,7,-17,26,4238
6108,ILDERTON BEAR CREEK,ON,-81.4333,43.05,267,8,-18,27,3845
6121,LONDON CS,ON,-81.15,43.0333,278,8,-17,23,3850
6132,MONTICELLO,ON,-80.4,43.9667,482,5,-20,25,4691
6145,PRESTON,ON,-80.4167,43.4,291,7,-18,27,4071
6151,ROSEVILLE,ON,-80.4736,43.3536,328,8,-20,24,4188
6152,RUSKVIEW,ON,-80.1333,44.2333,472,6,-20,25,4477
6159,STRATFORD WWTP,ON,-81.0047,43.3689,345,8,-18,26,4057
6161,STRATHROY,ON,-81.65,42.95,229,8,-18,28,3778
6162,STRATHROY-MULLIFARRY,ON,-81.6428,42.9806,243,9,-16,27,3676
6169,WATERLOO WELLINGTON A,ON,-80.3833,43.45,317,7,-17,26,4158
6173,WOODSTOCK,ON,-80.7706,43.1361,282,8,-17,27,3920
6176,ELORA AUTOMATIC CLIMATE STATION,ON,-80.4167,43.65,376,7,-19,24,4268
6192,BELLEVILLE,ON,-77.3947,44.1506,76,8,-19,26,3910
6195,BLACKSTOCK,ON,-78.8333,44.1,291,7,-19,27,4149
6200,BOWMANVILLE MOSTERT,ON,-78.6667,43.9167,99,7,-18,25,3999
6204,BRADFORD MUCK RESEARCH,ON,-79.6,44.0333,221,7,-20,27,4261
6216,BURKETON MCLAUGHLIN,ON,-78.8,44.0333,312,7,-20,25,4269
6227,CAMBORNE,ON,-78.2167,44.05,175,7,-18,24,4122
6236,CENTREVILLE,ON,-76.9078,44.4034,150,7,-22,22,4253
6244,COBOURG STP,ON,-78.1833,43.9667,79,8,-18,25,3987
6250,COPETOWN,ON,-80.1167,43.25,229,8,-17,26,3952
6252,CRESSY,ON,-76.85,44.1,84,8,-19,25,3932
6262,GEORGETOWN WWTP,ON,-79.8792,43.64,221,7,-19,26,4263
6267,GORMLEY ARDENLEE,ON,-79.3833,43.8667,198,7,-19,27,4091
6273,HAMILTON A,ON,-79.9342,43.1717,238,8,-17,27,3907
6278,HAMILTON RBG,ON,-79.8833,43.2833,102,9,-16,28,3750
6279,HAMILTON RBG CS,ON,-79.9083,43.2917,102,9,-14,27,3642
6293,JANETVILLE,ON,-78.6333,44.2167,297,7,-21,26,4392
6294,KALADAR,ON,-77.1172,44.6478,215,7,-21,27,4144
6298,KING SMOKE TREE,ON,-79.5167,44.0167,352,7,-20,27,4225
6317,MIDDLEPORT TS,ON,-80.0333,43.1167,206,8,-17,28,3844
6320,MILLGROVE,ON,-79.9667,43.3167,255,8,-17,26,3937
6336,ORANGEVILLE MOE,ON,-80.0864,43.9184,412,6,-19,27,4433
6344,OSHAWA WPCP,ON,-78.8333,43.8667,84,8,-17,26,3787
6395,PICTON,ON,-77.1333,44.0167,76,8,-20,26,3989
6407,RICHMOND HILL,ON,-79.4478,43.8772,240,8,-18,27,3916
6433,STOUFFVILLE WPCP,ON,-79.25,43.9667,267,7,-20,27,4146
6436,TORONTO,ON,-79.4,43.6667,113,9,-16,28,3488
6479,TORONTO ISLAND A,ON,-79.395,43.6286,77,9,-16,25,3698
6490,TORONTO MALVERN,ON,-79.2333,43.8,160,8,-18,27,3885
6520,TRENTON A,ON,-77.5333,44.1167,86,8,-20,26,4050
6528,TYRONE,ON,-78.7333,44.0167,206,7,-21,25,4277
6542,WOODBRIDGE,ON,-79.6,43.7833,164,7,-19,25,4209
6543,WOOLER,ON,-77.7178,44.2006,123,8,-21,27,4044
6548,MOUNTAINVIEW,ON,-77.3017,44.052,108,8,-20,26,3867
6551,TORONTO BUTTONVILLE A,ON,-79.37,43.8622,198,8,-18,27,3951
6556,NAPANEE,ON,-76.9667,44.2333,80,8,-20,27,4108
6558,TORONTO NORTH YORK,ON,-79.4678,43.78,187,9,-17,27,3723
6577,HALIBURTON 3,ON,-78.5311,45.0322,330,5,-25,24,4889
6585,LINDSAY FROST,ON,-78.7403,44.3384,262,7,-22,26,4309
6588,MINDEN,ON,-78.7167,44.9333,274,6,-24,25,4654
6596,PETERBOROUGH A,ON,-78.3667,44.2333,191,6,-21,26,4417
6601,PETERBOROUGH STP,ON,-78.3167,44.2833,192,7,-20,26,4171
6602,PETERBOROUGH TORRANCE,ON,-78.3167,44.2333,655,7,-22,26,4299
6603,PETERBOROUGH TRENT U,ON,-78.3,44.3667,198,7,-21,27,4283
6622,BERTHIERVILLE,QC,-73.1833,46.05,12,6,-25,27,4642
6627,CHARLESBOURG PARC ORLEAN,QC,-71.2667,46.8667,114,4,-25,23,5054
6631,COTEAU DU LAC,QC,-74.1667,45.3167,49,7,-24,26,4612
6634,DESCHAMBAULT,QC,-71.9167,46.6667,15,5,-25,26,4953
6640,DUCHESNAY,QC,-71.65,46.8667,166,3,-27,23,5347
6646,JOLIETTE VILLE,QC,-73.4333,46.0167,56,6,-25,27,4656
6654,LES CEDRES,QC,-74.05,45.3,47,7,-23,26,4378
6658,LOUISEVILLE,QC,-73.0167,46.2667,45,6,-26,26,5017
6659,MASCOUCHE,QC,-73.6,45.75,15,7,-23,25,4519
6663,OKA,QC,-74.0667,45.5,91,6,-26,26,4741
6667,QUEBEC/JEAN LESAGE INTL A,QC,-71.3833,46.8,74,4,-25,24,5169
6669,RIGAUD,QC,-74.3667,45.5,46,6,-25,27,4652
6673,RIVIERE VERTE OUEST,QC,-71.8333,46.9833,213,4,-27,24,5365
6674,ST ALBAN,QC,-72.0833,46.7167,76,5,-27,25,5148
6675,ST ALEXIS DES MONTS,QC,-73.15,46.5333,183,5,-26,24,5218
6676,STE ANNE DE LA PERADE,QC,-72.2333,46.5833,16,5,-26,25,5006
6678,STE BEATRIX,QC,-73.6,46.2,198,4,-27,25,5225
6680,STE CATHERINE,QC,-71.6167,46.85,152,4,-27,25,5327
6681,ST CHARLES DE MANDEVILLE,QC,-73.35,46.35,168,5,-26,23,5141
6683,STE CHRISTINE,QC,-71.9167,46.8167,152,4,-26,22,5421
6685,ST COME,QC,-73.75,46.2833,244,4,-27,24,5485
6691,ST JACQUES,QC,-73.5833,45.95,69,5,-25,26,4865
6698,ST MATHIEU,QC,-72.9333,46.5833,168,3,-28,24,5408
6699,ST NARCISSE,QC,-72.4333,46.5333,46,5,-26,25,5066
6703,STE THERESE OUEST,QC,-73.8833,45.65,61,6,-25,26,4651
6708,STE FOY (PIE XII),QC,-71.3167,46.7833,79,5,-26,26,5062
6726,TROIS RIVIERES AQUEDUC,QC,-72.6167,46.3833,55,5,-25,26,4901
6729,LAC AUX SABLES,QC,-72.4,46.8667,160,4,-27,25,5257
6734,QUEBEC/JEAN LESAGE INTL,QC,-71.3817,46.8036,60,5,-24,23,4908
6737,ARTHABASKA,QC,-71.95,46.0167,140,5,-25,25,4921
6740,AUTEUIL,QC,-73.7333,45.65,53,7,-25,27,4594
6744,BEAUSEJOUR,QC,-71.1667,46.6667,107,5,-25,26,5110
6745,BECANCOUR,QC,-72.4333,46.3333,15,5,-26,23,4995
6747,BISHOPTON,QC,-71.5667,45.5833,213,4,-27,25,5077
6750,BONSECOURS,QC,-72.2667,45.4,297,5,-24,24,4960
6753,BROME,QC,-72.5667,45.1833,206,5,-26,26,4753
6755,BROMPTONVILLE,QC,-71.95,45.4833,130,6,-25,25,4738
6765,COATICOOK,QC,-71.8,45.15,259,6,-23,25,4644
6774,DRUMMONDVILLE,QC,-72.4833,45.8833,82,7,-24,27,4515
6784,FARNHAM,QC,-72.9,45.3,68,7,-25,26,4581
6786,FLEURY,QC,-73,45.8,31,6,-24,26,4627
6787,FORTIERVILLE,QC,-72.05,46.4833,53,5,-26,25,5080
6794,GEORGEVILLE,QC,-72.2333,45.1333,267,6,-24,23,4893
6795,GRANBY,QC,-72.7167,45.3833,175,6,-23,26,4480
6800,HEMMINGFORD FOUR WINDS,QC,-73.7167,45.0667,61,7,-22,27,4344
6802,HUNTINGDON,QC,-74.1667,45.05,49,7,-24,26,4295
6804,IBERVILLE,QC,-73.25,45.3333,31,7,-24,26,4534
6814,LAC MEGANTIC 2,QC,-70.8667,45.6,426,5,-26,24,5174
6817,LAMBTON,QC,-71.0833,45.8333,366,4,-25,25,5017
6822,LAURIERVILLE,QC,-71.6667,46.3333,152,5,-26,26,5115
6823,LAUZON,QC,-71.1,46.8167,69,5,-26,26,5053
6826,LENNOXVILLE,QC,-71.8236,45.3689,181,6,-24,23,4733
6827,LINGWICK,QC,-71.3667,45.6333,267,5,-24,25,4959
6829,MAGOG,QC,-72.1167,45.2667,274,6,-24,26,4724
6830,MANSEAU,QC,-71.9833,46.3333,96,4,-28,25,5186
6833,MARIEVILLE,QC,-73.1333,45.4,38,7,-23,27,4577
6839,MILAN,QC,-71.1167,45.5833,482,4,-26,24,5385
6845,MONTREAL/PIERRE ELLIOTT TRUDEAU INTL A,QC,-73.75,45.4667,36,7,-22,27,4322
6850,MONTREAL LAFONTAINE,QC,-73.5667,45.5167,41,7,-21,28,4149
6856,NICOLET,QC,-72.6167,46.2,30,5,-26,26,4890
6859,NOTRE DAME DES BOIS,QC,-71.0833,45.4,503,4,-25,21,5227
6860,ORMSTOWN,QC,-74.05,45.1167,46,7,-23,27,4403
6861,PHILIPSBURG,QC,-73.0833,45.0333,53,7,-23,27,4312
6863,PIERREVILLE,QC,-72.8333,46.0833,15,6,-25,26,4728
6865,POINTE DU MOULIN,QC,-73.9167,45.35,38,6,-23,26,4432
6870,RIVIERE DES PRAIRIES,QC,-73.5,45.7,9,7,-23,27,4595
6875,SABREVOIS,QC,-73.2,45.2167,38,7,-22,24,4408
6880,ST ANICET,QC,-74.35,45.1333,53,7,-22,27,4293
6892,ST COME DE LINIERE,QC,-70.5167,46.05,244,4,-26,24,5227
6896,STE DOROTHEE,QC,-73.7833,45.5167,23,7,-24,26,4446
6898,ST EPHREM,QC,-70.9667,46.0667,312,4,-27,25,5263
6899,ST FERDINAND,QC,-71.5833,46.1,297,5,-26,25,5106
6900,ST FLAVIEN,QC,-71.5667,46.4833,137,4,-26,26,5174
6902,ST FORTUNAT,QC,-71.6,45.9667,465,3,-27,24,5358
6905,STE GENEVIEVE,QC,-73.85,45.5,23,7,-22,25,4376
6906,ST GEORGES,QC,-70.7,46.15,168,5,-26,25,5087
6907,ST GUILLAUME,QC,-72.7667,45.8833,44,6,-26,27,4802
6911,MONTREAL/ST-HUBERT A,QC,-73.4167,45.5167,27,6,-21,26,4504
6915,ST HYACINTHE 2,QC,-72.9167,45.5667,33,7,-24,27,4558
6925,ST LUDGER,QC,-70.6833,45.75,335,5,-25,24,5192
6926,STE MADELEINE,QC,-73.1333,45.6167,30,7,-24,27,4583
6927,ST MALO D AUCKLAND,QC,-71.5,45.2,564,5,-26,24,5268
6928,STE MARTINE,QC,-73.85,45.2167,38,7,-23,27,4377
6931,ST NAZAIRE,QC,-72.6167,45.7333,69,6,-25,26,4637
6932,ST ODILON,QC,-70.65,46.35,358,3,-28,24,5465
6934,ST PIERRE DE BROUGHTON,QC,-71.2167,46.25,366,4,-27,25,5306
6935,ST PROSPER,QC,-70.5,46.2167,282,4,-27,24,5417
6936,ST REMI,QC,-73.6,45.2833,53,6,-23,26,4567
6940,ST SEBASTIEN,QC,-70.95,45.7667,442,4,-27,24,5271
6942,ST SEVERIN,QC,-71.05,46.3333,442,4,-26,22,5467
6945,ST THEOPHILE,QC,-70.4833,45.9333,395,4,-25,25,5173
6948,ST WENCESLAS,QC,-72.3333,46.1667,84,5,-27,26,4999
6949,ST ZACHARIE,QC,-70.3833,46.1167,480,3,-27,24,5542
6950,ST ZEPHIRIN,QC,-72.5833,46.0667,52,5,-26,26,4897
6952,SAWYERVILLE NORD,QC,-71.5333,45.3667,346,5,-24,25,4785
6953,SCOTT,QC,-71.0833,46.5,145,5,-25,26,5022
6957,SHERBROOKE A,QC,-71.6833,45.4333,241,5,-25,23,5003
6960,SOREL,QC,-73.1167,46.0333,15,7,-22,27,4530
6966,SUTTON,QC,-72.6833,45.0667,244,6,-23,26,4481
6970,THETFORD MINES,QC,-71.35,46.1,381,5,-26,25,5017
6974,VALLEE JONCTION,QC,-70.9333,46.3833,152,5,-25,26,5016
6975,VALLEYFIELD,QC,-74.1,45.2833,46,7,-22,26,4414
6977,VAL RACINE,QC,-71.0667,45.4833,495,3,-26,24,5347
6978,VERCHERES,QC,-73.3667,45.7667,21,7,-23,27,4458
6986,WOBURN,QC,-70.8667,45.3833,396,4,-25,22,5181
6988,DAVELUYVILLE,QC,-72.2,46.1833,84,4,-28,26,5142
6993,ST CAMILLE WOLFE,QC,-71.7333,45.6667,268,5,-27,25,5236
6997,ANGERS,QC,-75.55,45.55,91,5,-25,25,4883
7004,BLANCHE,QC,-75.3333,45.75,213,4,-27,24,5164
7007,CHARTERIS,QC,-76.4333,45.6833,168,6,-22,26,4936
7009,CHELSEA,QC,-75.7833,45.5167,113,6,-25,26,4684
7010,CHENEVILLE,QC,-75.0833,45.9,223,5,-27,25,5234
7023,LACHUTE,QC,-74.3333,45.65,91,6,-24,26,4614
7028,LA MACAZA,QC,-74.7667,46.3667,244,4,-27,25,5308
7033,LUSKVILLE,QC,-76.05,45.5333,69,6,-25,26,4742
7035,MANIWAKI UA,QC,-76.0061,46.3018,189,4,-27,23,5205
7041,MONTEBELLO (SEDBERGH),QC,-74.9333,45.7,197,5,-25,23,4835
7044,MONT LAURIER,QC,-75.55,46.5667,244,4,-29,25,5402
7046,NOMININGUE,QC,-75.0833,46.4,274,4,-29,25,5400
7047,NOTRE DAME DE LA PAIX,QC,-74.9833,45.8,183,5,-27,25,5107
7051,POINTE AU CHENE,QC,-74.8,45.65,51,6,-26,25,4707
7053,STE AGATHE DES MONTS,QC,-74.2833,46.05,395,3,-27,24,5345
7056,STE ANNE DU LAC,QC,-75.3333,46.85,262,3,-30,25,5554
7059,ST HIPPOLYTE,QC,-74,45.9833,366,5,-26,25,5191
7060,ST JEROME,QC,-74.05,45.8,170,6,-25,26,4904
7062,SHAWVILLE,QC,-76.4667,45.6167,168,5,-26,26,4908
7064,SHEENBORO,QC,-77.25,45.9667,137,5,-27,26,4985
7068,WAKEFIELD,QC,-75.9,45.6,152,5,-25,24,4803
7071,WRIGHT,QC,-76.05,46.0667,142,5,-29,26,5091
7075,BAIE-COMEAU A,QC,-68.2,49.1333,22,2,-27,19,5972
7079,BAIE ST PAUL,QC,-70.5,47.4167,32,4,-21,22,5267
7085,LOURDES DE BLANC SABLON A,QC,-57.1833,51.45,37,1,-25,17,6229
7090,BAIE JOHAN BEETZ,QC,-62.8,50.2833,8,1,-24,17,6135
7097,CHATEAU RICHER,QC,-71.0333,46.9667,15,5,-24,24,4965
7106,FORESTVILLE,QC,-69.0833,48.7333,76,3,-27,25,5685
7108,FORET MONTMORENCY,QC,-71.15,47.3167,640,0,-28,20,6431
7114,GRANDES BERGERONNES,QC,-69.5167,48.25,61,4,-25,22,5499
7120,HAVRE-SAINT-PIERRE A,QC,-63.6,50.2833,38,1,-27,19,6300
7128,LA MALBAIE,QC,-70.15,47.6667,23,4,-22,24,5386
7133,LES BUISSONS,QC,-68.3833,49.1167,15,4,-17,21,5657
7135,LES EBOULEMENTS,QC,-70.25,47.5,267,2,-25,23,5632
7149,NATASHQUAN A,QC,-61.8167,50.1833,11,1,-26,19,6137
7151,NOTRE DAME DES MONTS,QC,-70.4167,47.6667,267,2,-27,24,5695
7153,PENTECOTE,QC,-67.1667,49.7333,15,2,-25,20,5969
7154,PETITE RIV ST FRANCOIS,QC,-70.5667,47.3167,15,5,-19,23,4871
7163,RIVIERE ETERNITE,QC,-70.4,48.25,256,2,-29,24,5971
7165,SACRE COEUR,QC,-69.8667,48.25,122,2,-27,22,5777
7166,STE ANNE DE BEAUPRE,QC,-70.9167,47.0333,76,4,-25,25,5135
7171,ST JEAN (IO),QC,-70.9167,46.9167,31,5,-24,25,4920
7173,STE ROSE DU NORD,QC,-70.5333,48.4,205,3,-30,24,5846
7174,ST SIMEON,QC,-69.8667,47.85,15,3,-24,23,5411
7176,ST URBAIN,QC,-70.55,47.5667,91,4,-22,22,5313
7177,SEPT-ILES A,QC,-66.2667,50.2167,55,1,-27,20,6202
7182,TADOUSSAC,QC,-69.7,48.15,70,3,-22,19,5477
7183,TETE A LA BALEINE,QC,-59.3167,50.7,9,1,-27,18,6283
7190,ILE AUX COUDRES,QC,-70.3833,47.3833,15,4,-20,21,5033
7198,ST HILARION,QC,-70.4,47.6,412,3,-27,22,5799
7199,SAULT AU MOUTON,QC,-69.25,48.55,47,3,-26,22,5599
7208,AMQUI,QC,-67.45,48.5167,183,2,-27,24,5925
7226,BAIE DES SABLES,QC,-67.8333,48.7,99,3,-22,21,5525
7230,CAP DES ROSIERS,QC,-64.2,48.85,15,4,-21,22,5385
7232,CAPLAN,QC,-65.6833,48.1,23,4,-20,21,5226
7233,CAP MADELEINE,QC,-65.3167,49.2333,2,3,-23,22,5553
7235,CAP SEIZE,QC,-66.4,49.0167,229,2,-26,24,5910
7237,CAUSAPSCAL,QC,-67.2333,48.3667,168,3,-27,24,5935
7248,GASPE A,QC,-64.4781,48.7769,34,3,-22,24,5409
7257,HONFLEUR,QC,-70.85,46.6833,175,4,-27,25,5356
7261,LAC HUMQUI,QC,-67.5667,48.2833,236,3,-27,24,5845
7262,LAMARTINE,QC,-70.35,47.0333,63,4,-25,24,5084
7264,LA POCATIERE CDA,QC,-70.0333,47.35,31,4,-24,25,5186
7269,MATANE,QC,-67.4667,48.85,30,3,-22,22,5510
7273,MONT-JOLI A,QC,-68.2167,48.6,52,4,-23,24,5249
7277,MONT LOUIS,QC,-65.7333,49.2333,15,3,-24,23,5438
7278,MONTMAGNY,QC,-70.5833,46.9667,15,5,-23,25,5052
7279,MURDOCHVILLE,QC,-65.5167,48.95,575,2,-26,24,6018
7284,NOTRE DAME DU LAC,QC,-68.8,47.6,320,3,-24,23,5523
7285,NOTRE DAME DU ROSAIRE,QC,-70.4,46.8333,373,3,-27,24,5491
7286,NOUVELLE,QC,-66.3,48.1,7,4,-21,22,5325
7301,RIMOUSKI,QC,-68.5167,48.45,36,5,-24,25,5229
7303,RIVIERE BLEUE,QC,-69.0333,47.4333,213,3,-24,19,5621
7308,ST ALEXIS DE MATAPEDIA,QC,-67.0667,47.9833,274,2,-25,21,5901
7309,STE ANNE DES MONTS,QC,-66.4667,49.1333,15,3,-22,22,5502
7311,ST ARSENE,QC,-69.3833,47.95,76,3,-22,22,5426
7312,ST BRUNO KAMOURASKA,QC,-69.7833,47.45,198,3,-23,20,5564
7313,ST CAMILLE,QC,-70.2167,46.4833,396,3,-28,24,5613
7314,ST CHARLES GARNIER,QC,-68.05,48.3333,323,2,-26,24,5838
7315,ST CLEMENT,QC,-69.1,47.9167,259,2,-25,22,5798
7317,ST DAMASE DES AULNAIES,QC,-70.1333,47.2,274,3,-26,23,5499
7319,ST ELEUTHERE,QC,-69.2833,47.4833,290,3,-27,24,5598
7320,ST ELZEAR DE BONAVENTURE,QC,-65.35,48.1833,229,2,-24,18,5715
7321,ST GABRIEL,QC,-68.15,48.4833,259,3,-25,25,5593
7322,STE GERMAINE,QC,-70.4667,46.4167,511,3,-27,24,5564
7323,ST GUY,QC,-68.8167,48.05,320,2,-24,21,5851
7325,ST JEAN DE CHERBOURG,QC,-67.1167,48.8833,351,2,-26,23,6011
7326,STE LUCIE,QC,-70.0167,46.7333,373,3,-27,25,5645
7327,ST MALACHIE,QC,-70.8167,46.55,221,3,-27,25,5432
7329,SAINT MICHEL,QC,-70.8833,46.8667,69,5,-25,25,5135
7331,ST PAMPHILE,QC,-69.7833,46.9667,388,3,-25,23,5522
7333,STE PERPETUE,QC,-69.9333,47.05,411,3,-26,21,5692
7334,ST PHILEMON,QC,-70.4167,46.6667,450,2,-28,22,5668
7336,ST RENE DE MATANE,QC,-67.3833,48.6833,61,3,-24,19,5629
7337,STE ROSE DU DEGELIS,QC,-68.6333,47.5667,151,3,-24,22,5531
7339,SQUATECK,QC,-68.7,47.8833,198,3,-26,22,5509
7340,TRINITE DES MONTS,QC,-68.4833,48.1333,262,3,-24,22,5785
7341,TROIS PISTOLES,QC,-69.1167,48.15,58,4,-21,23,5320
7343,VAL D ESPOIR,QC,-64.3833,48.5167,91,2,-25,21,5915
7346,ILES DE LA MADELEINE A,QC,-61.7833,47.4167,11,6,-16,21,4560
7350,LADRIERE,QC,-68.7833,48.25,148,3,-23,24,5685
7357,BAGOTVILLE A,QC,-71,48.3333,159,3,-28,24,5567
7361,BONNARD,QC,-71.05,50.7333,506,-1,-33,22,7183
7381,HEMON,QC,-72.6,49.0667,183,1,-33,22,6404
7385,LAC BOUCHETTE,QC,-72.1667,48.2167,358,2,-31,24,6004
7390,LAC STE CROIX,QC,-71.75,48.4167,152,3,-30,26,5819
7401,NORMANDIN CDA,QC,-72.5333,48.85,137,1,-32,24,6224
7410,ROBERVAL A,QC,-72.2667,48.5167,179,3,-29,25,5639
7414,ST AMBROISE,QC,-71.3333,48.5667,122,2,-33,24,6102
7418,ST LEON DE LABRECQUE,QC,-71.5167,48.6667,131,2,-32,19,6103
7419,ST PRIME,QC,-72.4167,48.6167,122,3,-31,26,5842
7420,SHIPSHAW,QC,-71.2167,48.45,23,3,-30,25,5609
7442,GRANDE ANSE,QC,-72.9333,47.1,119,4,-28,24,5403
7445,LA TUQUE,QC,-72.7833,47.4,152,4,-26,22,5508
7455,ST MICHEL DES SAINTS,QC,-73.9167,46.6833,351,3,-29,24,5610
7461,BARRAGE ANGLIERS,QC,-79.2358,47.5519,267,4,-30,25,5511
7462,BARRAGE TEMISCAMINGUE,QC,-79.1011,46.7097,181,5,-25,23,4999
7463,BELLETERRE,QC,-78.7,47.3833,322,2,-28,22,5984
7467,KIPAWA LANIEL,QC,-79.2667,47.05,280,4,-22,24,5659
7471,MANNEVILLE,QC,-78.4833,48.55,311,0,-32,22,6483
7473,MONT BRUN,QC,-78.7333,48.4167,305,2,-33,24,6337
7478,RAPIDE DES JOACHIMS,QC,-77.7,46.2,137,5,-26,26,4990
7482,REMIGNY,QC,-79.2333,47.7167,290,2,-28,22,5891
7483,RIVIERE KINOJEVIS,QC,-78.8667,48.2167,290,1,-32,24,6013
7490,VILLE MARIE,QC,-79.4333,47.35,213,3,-29,25,5578
7492,LATULIPE,QC,-79.0167,47.4333,274,2,-30,19,5892
7496,AMOS,QC,-78.1333,48.5667,310,2,-31,25,6162
7497,BARRAUTE,QC,-77.65,48.3667,305,1,-31,24,6171
7504,CHAPAIS 2,QC,-74.85,49.7833,396,0,-30,22,6602
7508,CHIBOUGAMAU CHAPAIS A,QC,-74.5333,49.7667,387,0,-31,22,6592
7524,JOUTEL,QC,-78.3,49.4667,290,0,-33,24,6658
7530,LA GRANDE RIVIERE A,QC,-77.7,53.6333,195,-2,-33,23,7425
7540,LEBEL SUR QUEVILLON,QC,-76.9667,49.05,305,1,-31,23,6271
7571,VAL ST GILLES,QC,-79.1333,48.9833,290,0,-32,22,6610
7583,LAC BERRY,QC,-78.2833,48.8,305,1,-33,25,6321
7592,LOUVICOURT,QC,-77.3833,48.0667,320,1,-31,24,6130
7596,INUKJUAK UA,QC,-78.0833,58.4667,24,-7,-36,14,9046
7601,KUUJJUARAPIK A,QC,-77.75,55.2833,12,-4,-34,21,7810
7627,KUUJJUAQ A,QC,-68.4167,58.1,40,-5,-36,19,8306
7638,SCHEFFERVILLE A,QC,-66.8167,54.8,522,-5,-36,21,8336
7645,ACADIA FOREST EXP ST,NB,-66.3633,45.9903,54,5,-23,25,4793
7647,ALMA,NB,-64.95,45.6,43,6,-19,21,4496
7648,AROOSTOOK,NB,-67.7156,46.7122,80,5,-25,24,5064
7652,BAS CARAQUET,NB,-64.8333,47.8022,5,5,-20,24,4800
7653,BAS CARAQUET,NB,-64.8667,47.8,11,4,-20,24,5034
7655,BATHURST,NB,-65.65,47.6167,5,4,-23,26,5051
7656,BATHURST A,NB,-65.7483,47.6292,59,5,-22,26,4909
7659,BEECHWOOD,NB,-67.6667,46.5333,91,5,-25,25,4979
7663,BERTRAND,NB,-65.0667,47.75,23,5,-21,26,4830
7666,BON ACCORD,NB,-67.5845,46.6508,450,4,-25,24,5343
7669,BUCTOUCHE,NB,-64.7167,46.5167,11,5,-21,26,4806
7670,BUCTOUCHE CDA,NB,-64.7667,46.4333,36,6,-21,26,4711
7671,BUCTOUCHE CDA CS,NB,-64.7681,46.4303,36,6,-21,25,4599
7681,CHARLO A,NB,-66.3333,47.9833,40,3,-23,23,5307
7686,MIRAMICHI A,NB,-65.4678,47.0095,33,5,-22,26,4930
7693,COLESON COVE,NB,-66.2,45.15,31,6,-19,21,4452
7698,DOAKTOWN,NB,-66.1403,46.5525,57,5,-23,26,4890
7707,FREDERICTON A,NB,-66.5279,45.8721,21,6,-21,24,4677
7712,FUNDY PARK (ALMA) CS,NB,-64.95,45.6,43,7,-19,21,4196
7715,GAGETOWN 2,NB,-66.15,45.7833,34,6,-21,25,4428
7726,HARCOURT,NB,-65.2667,46.5,40,5,-23,25,4934
7731,HAUT SHIPPAGAN,NB,-64.7667,47.75,6,5,-20,24,4920
7737,HOYT BLISSVILLE,NB,-66.5667,45.6,15,6,-22,25,4572
7738,JUNIPER,NB,-67.1667,46.55,259,4,-25,24,5244
7739,KEDGWICK,NB,-67.35,47.65,274,2,-28,24,5878
7746,KOUCHIBOUGUAC CS,NB,-65.0167,46.7833,21,6,-19,26,4605
7753,MACTAQUAC PROV PARK,NB,-66.8986,45.9544,110,6,-22,25,4825
7756,MAPLETON,NB,-67.2333,46.1833,168,4,-24,24,5099
7760,MCGRAW BROOK,NB,-66.1167,46.8167,53,4,-25,26,5164
7765,MONCTON,NB,-64.7903,46.1014,12,6,-21,26,4546
7766,MONCTON A,NB,-64.6838,46.1053,71,5,-21,24,4690
7769,MOUNT CARLETON,NB,-66.9333,47.4167,265,3,-27,25,5574
7773,NAUWIGEWAUK,NB,-65.9,45.4667,66,6,-20,23,4495
7774,NEPISIGUIT FALLS,NB,-65.7833,47.4,106,4,-23,24,5141
7776,NICTAU,NB,-67.15,47.2333,170,3,-26,24,5491
7779,OROMOCTO,NB,-66.4667,45.8333,46,6,-23,25,4639
7780,PARKINDALE,NB,-65.0667,45.8667,153,6,-21,26,4605
7781,PENNFIELD,NB,-66.7333,45.1,23,5,-19,21,4690
7792,POINT LEPREAU CS,NB,-66.4492,45.0731,6,6,-18,20,4287
7796,REXTON,NB,-64.8667,46.6667,5,6,-21,26,4700
7802,ROYAL ROAD,NB,-66.7167,46.05,116,4,-23,23,5035
7805,SACKVILLE,NB,-64.3833,45.85,46,5,-20,21,4589
7814,SAINT JOHN A,NB,-65.8856,45.3181,109,5,-20,22,4660
7821,ST LEONARD A,NB,-67.8319,47.1578,242,4,-25,25,5218
7834,SUSSEX,NB,-65.5333,45.7167,21,6,-21,24,4443
7842,TURTLE CREEK,NB,-64.9,46,46,6,-22,25,4677
7846,UPSALQUITCH LAKE,NB,-66.4153,47.4556,625,2,-26,22,5819
7852,WOLFE LAKE CS,NB,-65.15,45.6667,305,5,-22,24,4768
7853,WOODSTOCK,NB,-67.5536,46.1703,153,5,-24,25,4801
7860,COLES ISLAND,NB,-65.8167,45.9167,15,6,-21,23,4564
7862,SEAL COVE,NB,-66.8333,44.65,20,6,-16,19,4453
7880,BADDECK,NS,-60.75,46.1,8,6,-17,23,4379
7900,BRIDGEWATER,NS,-64.55,44.4,27,7,-16,25,4126
7913,CHARLESVILLE,NS,-65.7833,43.5833,3,7,-11,19,3999
7917,CHETICAMP,NS,-60.95,46.65,11,6,-17,25,4368
7921,CLARENCE,NS,-65.1667,44.9167,52,6,-17,24,4285
7926,COLLEGEVILLE,NS,-62.0167,45.4833,76,6,-18,25,4521
7930,DAYTON,NS,-66.1,43.8667,9,7,-13,22,3965
7931,DEBERT,NS,-63.4167,45.4167,38,6,-19,24,4443
7934,DEMING,NS,-61.1778,45.2164,16,6,-15,21,4362
7945,FARMINGTON,NS,-64.6667,44.6333,152,7,-17,25,4181
7953,GREENWOOD A,NS,-64.9167,44.9833,28,7,-16,25,4049
7957,HALIFAX CITADEL,NS,-63.5833,44.65,70,7,-16,23,3919
7972,INGONISH BEACH,NS,-60.4,46.65,8,6,-16,26,4482
7973,INGONISH BEACH RCS,NS,-60.4064,46.6628,10,7,-14,24,4140
7976,JACKSON,NS,-63.8333,45.5833,91,6,-21,24,4606
7978,KEJIMKUJIK PARK,NS,-65.2,44.4333,127,7,-18,24,4356
7979,KEJIMKUJIK 1,NS,-65.2031,44.4031,125,8,-16,23,3943
7982,KENTVILLE CDA,NS,-64.4833,45.0667,49,7,-18,25,4131
7993,LIVERPOOL BIG FALLS,NS,-64.9333,44.1333,50,8,-16,25,3942
7994,LIVERPOOL MILTON,NS,-64.7667,44.0833,29,8,-16,25,4007
7998,LOUISBOURG,NS,-60,45.9,46,6,-14,22,4519
8000,LOWER MEAGHERS GRANT,NS,-63.2333,44.9167,41,6,-18,23,4345
8011,MALAY FALLS,NS,-62.4833,44.9833,40,6,-19,23,4561
8023,MIDDLEBORO,NS,-63.5667,45.7667,31,6,-20,26,4456
8025,MIDDLE MUSQUODOBOIT,NS,-63.1,45.0667,48,7,-18,24,4341
8029,MILL VILLAGE,NS,-64.6667,44.1833,15,7,-17,25,4150
8031,MOUNT UNIACKE,NS,-63.8333,44.9,159,6,-17,24,4469
8032,NAPPAN CDA,NS,-64.25,45.7667,20,6,-20,24,4471
8052,PARRSBORO,NS,-64.3333,45.4,24,6,-18,22,4364
8060,POCKWOCK LAKE,NS,-63.8333,44.7667,165,7,-17,23,4275
8062,POINT ACONI,NS,-60.3333,46.3167,12,7,-14,25,4112
8066,PORT HAWKESBURY A,NS,-61.3833,45.65,115,6,-18,24,4602
8072,PUGWASH,NS,-63.6553,45.8433,5,7,-19,26,4274
8080,SABLE ISLAND,NS,-60.0094,43.9322,5,8,-9,21,3773
8088,SALMON HOLE,NS,-64.0333,44.9333,84,7,-18,25,4280
8091,SANDY COVE NRC,NS,-63.5667,44.4667,10,6,-16,21,4392
8095,SHEARWATER A,NS,-63.5,44.6333,44,7,-16,24,4101
8108,SPRINGFIELD,NS,-64.85,44.6667,167,7,-17,25,4210
8119,SUMMERVILLE,NS,-64.1833,45.1167,38,7,-16,24,4172
8122,SYDNEY A,NS,-60.0481,46.1667,62,6,-17,25,4465
8126,TATAMAGOUCHE,NS,-63.2333,45.6833,18,7,-20,25,4389
8133,TRURO,NS,-63.2667,45.3667,40,6,-19,24,4474
8138,UPPER STEWIACKE,NS,-63,45.2167,23,6,-19,24,4416
8140,WATERVILLE CAMBRIDGE,NS,-64.65,45.05,31,7,-17,26,4024
8148,WESTPHAL,NS,-63.5167,44.6833,68,7,-17,24,4225
8150,WEYMOUTH FALLS,NS,-65.95,44.4,11,7,-14,23,3995
8157,WINDSOR MARTOCK,NS,-64.1667,44.9333,38,7,-17,25,4023
8159,WRECK COVE BROOK,NS,-60.45,46.5333,76,6,-17,25,4595
8164,YARMOUTH A,NS,-66.0886,43.8308,43,7,-13,21,3963
8167,ALBANY,PE,-63.5833,46.2667,34,5,-20,22,4757
8168,ALBERTON,PE,-64.0167,46.85,3,6,-19,24,4670
8170,ALLISTON,PE,-62.6,46.0667,61,7,-18,24,4157
8173,BANGOR,PE,-62.6833,46.35,37,5,-20,23,4718
8177,CHARLOTTETOWN A,PE,-63.1286,46.2886,49,6,-20,25,4588
8179,CHARLOTTETOWN CDA,PE,-63.1333,46.25,23,6,-20,24,4546
8183,EAST BALTIC,PE,-62.1667,46.4333,61,5,-19,24,4625
8186,ELMWOOD,PE,-63.3333,46.25,67,6,-20,24,4425
8193,MONTICELLO,PE,-62.4667,46.4667,32,6,-19,24,4573
8196,NEW GLASGOW,PE,-63.3503,46.4089,6,6,-20,24,4569
8198,LONG RIVER,PE,-63.55,46.5,18,6,-20,24,4641
8208,STANHOPE,PE,-63.0831,46.4164,3,6,-19,25,4484
8212,SUMMERSIDE A,PE,-63.8317,46.4389,20,6,-20,22,4622
8213,TIGNISH,PE,-64.0667,46.95,23,5,-20,25,4776
8223,ARGENTIA (AUT),NL,-53.9933,47.2939,19,6,-10,20,4230
8224,ARNOLDS COVE,NL,-54,47.75,15,5,-16,18,4836
8229,BAIE VERTE,NL,-56.1833,49.9833,110,2,-21,24,5627
8235,BLACK DUCK,NL,-58.3667,48.5667,35,4,-18,20,4947
8236,BOAT HARBOUR,NL,-54.8428,47.4306,15,5,-15,21,4658
8237,BONAVISTA,NL,-53.1142,48.6672,26,5,-15,21,4929
8239,BOTWOOD,NL,-55.35,49.15,15,4,-20,24,5067
8240,BRANCH,NL,-53.9681,46.8831,12,5,-12,20,4601
8241,BROWNSDALE,NL,-53.1189,48.0336,10,6,-12,23,4321
8242,BUCHANS,NL,-56.8667,48.8167,270,4,-20,23,5247
8245,BUCHANS JUNCTION,NL,-56.4667,48.85,161,3,-24,21,5548
8247,BURGEO,NL,-57.6167,47.6167,11,4,-18,19,5101
8251,BURNT POND,NL,-57.3333,48.1667,299,2,-23,19,5854
8254,BUTLERVILLE,NL,-53.3161,47.5792,16,6,-14,22,4518
8257,CAPPAHAYDEN,NL,-52.95,46.8667,15,5,-15,20,4825
8259,CARMANVILLE,NL,-54.2667,49.4,4,5,-18,23,4938
8263,CHARLESTON,NL,-53.6667,48.3833,13,5,-18,23,4840
8265,CLARENVILLE,NL,-53.9639,48.3633,67,5,-15,22,4757
8267,COLINET,NL,-53.55,47.2167,27,5,-17,19,4780
8270,COME BY CHANCE,NL,-54,47.8,34,5,-17,19,4877
8271,COMFORT COVE,NL,-54.8833,49.2667,99,3,-21,23,5431
8274,CORMACK,NL,-57.4,49.3167,154,3,-20,22,5371
8276,CORNER BROOK,NL,-57.9167,48.9333,152,5,-15,22,4732
8277,CORNER BROOK,NL,-57.95,48.95,5,5,-17,23,4666
8279,COW HEAD,NL,-57.7889,49.9117,15,4,-18,19,5137
8280,DANIELS HARBOUR,NL,-57.5811,50.2364,19,3,-19,19,5428
8282,DEER LAKE,NL,-57.4333,49.1667,11,5,-20,22,5066
8283,DEER LAKE A,NL,-57.4,49.2167,22,4,-21,23,5209
8293,EXPLOITS DAM,NL,-56.6,48.7667,154,3,-21,22,5335
8296,FLOWERS COVE,NL,-56.6833,51.3333,9,2,-21,17,6217
8298,FOGO,NL,-54.3,49.7167,12,4,-16,21,5102
8302,GALLANTS,NL,-58.2333,48.7,143,4,-19,21,5248
8304,GAMBO,NL,-54.2144,48.7825,17,5,-17,21,4831
8309,GARNISH,NL,-55.3608,47.2297,11,5,-12,19,4586
8311,GLENWOOD,NL,-54.85,48.9833,97,5,-18,23,4958
8313,GOOBIES,NL,-53.9653,47.9492,72,5,-18,21,5077
8315,DOYLES,NL,-59.25,47.85,13,5,-16,22,4708
8317,GRAND FALLS,NL,-55.6667,48.9333,60,4,-19,24,5064
8324,HARBOUR BRETON,NL,-55.8333,47.4667,30,5,-14,19,4644
8325,HARBOUR DEEP,NL,-56.5167,50.3667,11,3,-21,22,5777
8327,HARBOUR GRACE,NL,-53.2,47.6833,7,5,-15,22,4609
8332,HOLYROOD,NL,-53.1233,47.3819,134,6,-12,23,4442
8333,HOLYROOD GEN STN,NL,-53.1,47.45,6,6,-12,23,4305
8337,INDIAN BAY B.B.,NL,-53.8756,49.0389,1,5,-17,22,4953
8338,ISLE AUX MORTS,NL,-58.9667,47.5833,5,5,-15,19,4907
8343,LAMALINE,NL,-55.1333,46.8667,3,5,-12,17,4928
8344,LA SCIE,NL,-55.6667,49.9167,194,3,-19,22,5518
8345,LETHBRIDGE,NL,-53.9017,48.35,15,5,-18,22,4716
8346,LOCKLEVEN,NL,-58.8667,48.1667,46,4,-17,21,4912
8353,MIDDLE ARM,NL,-56.0833,49.6833,48,4,-18,24,5180
8357,MUSGRAVE HARBOUR,NL,-53.9833,49.45,3,5,-17,23,5045
8360,NORTH HARBOUR,NL,-53.6667,47.1333,11,6,-14,20,4601
8366,PLUM POINT,NL,-56.8833,51.0667,6,3,-22,20,5627
8367,POINT LEAMINGTON,NL,-55.4,49.3333,8,5,-19,24,5001
8370,POOLS COVE FORTUNE BAY,NL,-55.5833,47.7,150,4,-18,19,5130
8371,PORT AUX BASQUES,NL,-59.1547,47.5739,40,5,-14,19,4948
8378,PORT BLANDFORD,NL,-54.1703,48.3494,40,5,-18,22,4804
8379,PORT SAUNDERS,NL,-57.2,50.65,91,2,-23,19,5875
8381,"PORTUGAL COVE, CONCEPTION BAY",NL,-52.8333,47.6167,137,5,-16,22,4779
8385,RED HARBOUR PB,NL,-55.01,47.2992,24,5,-14,20,4680
8386,RATTLING BRK NORRIS ARM,NL,-55.3,49.0667,9,5,-20,25,5029
8387,ROCKY HARBOUR,NL,-57.8833,49.5667,68,3,-22,21,5368
8388,ROCKY HARBOUR CS,NL,-57.8778,49.57,68,5,-18,24,4841
8390,ROUND HARBOUR,NL,-55.6667,49.85,15,3,-19,21,5391
8405,ST SHOTTS,NL,-53.5833,46.6333,46,4,-13,17,4932
8414,SIGNAL HILL,NL,-52.6833,47.5667,96,5,-14,21,4683
8416,SOPS ARM WHITE BAY,NL,-56.8833,49.7667,17,4,-19,23,5202
8418,SOUTH BROOK PASADENA,NL,-57.6167,49.0167,38,5,-19,23,5015
8420,SPRINGDALE GB FARM,NL,-56.1667,49.45,43,3,-20,23,5510
8423,STEPHENVILLE A,NL,-58.55,48.5333,25,5,-16,22,4720
8428,SWIFT CURRENT,NL,-54.2131,47.8853,18,5,-16,22,4704
8430,TERRA NOVA NAT PARK CS,NL,-53.9744,48.5569,107,6,-14,22,4733
8431,TERRA NOVA NAT PARK HQ,NL,-53.9833,48.55,84,4,-20,24,5024
8436,TOMPKINS,NL,-59.2333,47.7833,10,5,-17,22,4767
8444,TWILLINGATE (AUT),NL,-54.8,49.6833,92,4,-14,21,4847
8446,VICTORIA,NL,-53.2178,47.7683,43,5,-16,22,4713
8450,WHITBOURNE,NL,-53.5375,47.4167,58,5,-15,21,4579
8453,WINTERLAND,NL,-55.3,47.1667,52,5,-13,21,4490
8455,WOODY POINT,NL,-57.9167,49.5,23,4,-20,22,5131
8459,LOURDES,NL,-58.9833,48.65,12,4,-16,21,4858
8464,MAIN BROOK,NL,-56.0167,51.1833,14,2,-24,22,5824
8479,CARTWRIGHT,NL,-57.035,53.7083,14,0,-26,22,6500
8484,CHURCHILL FALLS A,NL,-64.1,53.55,440,-4,-34,22,7975
8486,GOOSE A,NL,-60.4167,53.3167,49,0,-28,24,6559
8498,NAIN A,NL,-61.6833,56.55,6,-2,-28,20,7302
8505,MAKKOVIK A,NL,-59.1886,55.0822,70,-1,-29,22,7121
8518,WABUSH LAKE A,NL,-66.8742,52.9272,551,-3,-34,21,7572
8766,SALTSPRING ST MARY'S L,BC,-123.546,48.8881,46,11,-3,24,2756
8767,VICTORIA INT'L A,BC,-123.426,48.6472,20,10,-4,22,2943
8769,VANCOUVER INT'L A,BC,-123.182,49.195,4,10,-6,23,2839
8773,LUTSELK'E CS,NT,-110.69,62.4156,179,-5,-37,22,8225
8774,EDMONTON INT'L A,AB,-113.583,53.3167,723,2,-31,21,5675
8775,CALGARY INT'L A,AB,-114.02,51.1139,1084,4,-28,22,5011
8783,QU'APPELLE 1,SK,-103.983,50.5667,663,3,-31,25,5514
8784,REGINA INT'L A,SK,-104.667,50.4333,578,3,-32,25,5640
8785,SASKATOON DIEFENBAKER INT'L A,SK,-106.717,52.1667,504,2,-33,25,5757
8786,WINNIPEG RICHARDSON INT'L A,MB,-97.2333,49.9167,239,3,-31,25,5669
8789,OTTAWA MACDONALD-CARTIER INT'L A,ON,-75.6692,45.3225,114,7,-23,27,4468
8792,LONDON INT'L AIRPORT,ON,-81.1511,43.0331,278,8,-17,27,3891
8795,TORONTO LESTER B. PEARSON INT'L A,ON,-79.6306,43.6772,173,8,-17,28,3827
8799,L'ASSOMPTION,QC,-73.4347,45.8094,21,6,-25,24,4777
8807,MONTREAL/MIRABEL INT'L A,QC,-74.0333,45.6667,83,5,-25,26,4844
8811,L'ALVERNE,QC,-66.7,48.1333,290,2,-26,23,5928
8816,VAL-D'OR A,QC,-77.7867,48.0564,337,2,-31,24,6077
8821,HALIFAX STANFIELD INT'L A,NS,-63.5,44.88,145,7,-18,24,4255
8825,ST MARGARET'S BAY,NS,-63.9,44.7,17,7,-15,23,4253
8826,O'LEARY,PE,-64.2617,46.7003,38,5,-21,23,4664
8829,BAY D'ESPOIR GEN STN,NL,-55.8,47.9833,23,5,-19,20,4829
8830,BAY D'ESPOIR LONG POND,NL,-55.8167,47.9833,169,4,-20,20,5237
8832,GANDER INT'L A,NL,-54.5769,48.9464,151,4,-18,23,5055
8833,HAWKE'S BAY,NL,-57.1833,50.6,11,3,-23,21,5460
8836,ROBERT'S ARM,NL,-55.8167,49.5,30,4,-21,22,5257
8842,ST JOHN'S A,NL,-52.7428,47.6222,141,5,-14,22,4749
8844,ST JOHN'S WEST CDA,NL,-52.7833,47.5167,114,5,-14,22,4788
8846,SIBLEY'S COVE,NL,-53.1,48.05,12,5,-15,21,4807
8847,WOODDALE BISHOP'S FALLS,NL,-55.55,49.0333,46,4,-20,24,4984
8848,ST MARY'S,NL,-53.5667,46.9167,16,6,-12,19,4538
8849,MCIVER'S,NL,-58.1167,49.0667,50,6,-15,22,4578
12341,FREDERICTON CDA,NB,-66.6167,45.9167,40,6,-22,25,4588