history_id,station_name,province,lon,lat,elev (m),annual_pr (mm)
12,CENTRAL SAANICH VEYANESS,BC,-123.417,48.5833,53,842
13,CENTRAL SAANICH ISL VIEW,BC,-123.392,48.5733,38,843
15,CHEMAINUS,BC,-123.742,48.935,75,1331
24,COWICHAN BAY CHERRY POINT,BC,-123.557,48.7111,1,999
26,COWICHAN LAKE FORESTRY,BC,-124.133,48.8244,177,2175
29,LAKE COWICHAN,BC,-124.052,48.8294,171,2186
35,DUNCAN FORESTRY,BC,-123.683,48.7667,6,1059
36,DUNCAN KELVIN CREEK,BC,-123.728,48.7347,103,1356
42,ESQUIMALT HARBOUR,BC,-123.439,48.432,3,832
45,GANGES MANSELL RD,BC,-123.498,48.8717,45,982
47,GALIANO NORTH,BC,-123.573,48.985,6,971
58,MAYNE ISLAND,BC,-123.32,48.8447,28,830
59,METCHOSIN,BC,-123.561,48.3742,164,1021
60,METCHOSIN HAPPY VALLEY,BC,-123.533,48.4167,76,1118
68,NORTH COWICHAN,BC,-123.718,48.8242,46,1193
70,NORTH PENDER ISLAND,BC,-123.287,48.7639,98,869
74,PORT RENFREW,BC,-124.326,48.5917,10,3587
78,SAANICHTON CDA,BC,-123.419,48.6217,61,904
86,SAANICHTON MT NEWTON,BC,-123.427,48.5975,43,1054
90,SATURNA ISLAND CS,BC,-123.045,48.7839,24,668
91,SHAWNIGAN LAKE,BC,-123.626,48.6469,159,1241
98,SOOKE LAKE NORTH,BC,-123.64,48.5756,231,1489
109,VICTORIA GONZALES HTS,BC,-123.325,48.4131,70,632
113,VICTORIA HIGHLAND,BC,-123.508,48.5092,191,1146
129,WILLIAM HEAD,BC,-123.539,48.3397,12,922
142,VICTORIA PHYLLIS STREET,BC,-123.267,48.455,8,701
149,ALERT BAY,BC,-126.933,50.5833,59,1603
150,BALLENAS ISLAND,BC,-124.16,49.3503,15,710
151,BLACK CREEK,BC,-125.133,49.8461,46,1605
153,BLIND CHANNEL,BC,-125.5,50.4167,3,2386
159,CAMPBELL RIVER A,BC,-125.273,49.9519,109,1460
164,CAMPBELL RIVER SURFSIDE,BC,-125.207,49.945,9,1406
168,CAPE MUDGE,BC,-125.195,49.9985,5,1547
170,CHATHAM POINT,BC,-125.446,50.3332,23,2262
173,COAL HARBOUR RUPERT IN,BC,-127.5,50.6,57,1981
174,COMOX A,BC,-124.9,49.7167,26,1176
176,COOMBS,BC,-124.429,49.3058,98,1135
177,CORTES ISLAND,BC,-125.033,50.0833,6,1378
179,CORTES ISLAND TIBER BAY,BC,-124.949,50.0714,15,1277
180,COURTENAY GRANTHAM,BC,-124.999,49.7631,81,1474
181,COURTENAY PUNTLEDGE,BC,-125.033,49.6864,40,1439
188,DUNCAN BAY,BC,-125.283,50.0667,11,1630
194,GABRIOLA ISLAND,BC,-123.734,49.1539,46,923
195,HERIOT BAY SE,BC,-125.203,50.0994,17,1619
203,LITTLE QUALICUM HATCHERY,BC,-124.512,49.3528,30,1062
209,MUD BAY,BC,-124.794,49.4708,4,1655
214,NANAIMO A,BC,-123.87,49.0544,28,1143
219,NANAIMO CITY YARD,BC,-123.988,49.1991,114,1146
221,OYSTER RIVER UBC,BC,-125.133,49.8833,11,1392
225,NANAIMO DEPARTURE BAY,BC,-123.95,49.2167,8,954
226,PINE ISLAND,BC,-127.728,50.9758,28,2182
228,PORT HARDY A,BC,-127.366,50.6803,22,1895
236,QUALICUM R FISH RESEARCH,BC,-124.617,49.3938,8,1301
237,QUINSAM RIVER HATCHERY,BC,-125.304,50.0161,46,1601
258,ALBERNI ROBERTSON CREEK,BC,-124.982,49.3372,74,2128
264,BAMFIELD EAST,BC,-125.117,48.8333,4,2907
267,BULL HARBOUR,BC,-127.95,50.9167,14,2184
268,CAPE BEALE LIGHT,BC,-125.216,48.7861,26,2744
270,CAPE SCOTT,BC,-128.427,50.7822,72,2702
272,CARMANAH POINT,BC,-124.751,48.6117,38,2818
277,ESTEVAN POINT,BC,-126.543,49.3833,6,3156
280,GOLD RIVER TOWNSITE,BC,-126.055,49.7789,119,2761
294,LENNARD ISLAND,BC,-125.923,49.1106,11,3105
298,NITINAT RIVER HATCHERY,BC,-124.655,48.8594,15,3737
299,NOOTKA LIGHTSTATION,BC,-126.617,49.6,16,3220
300,PACHENA POINT,BC,-125.097,48.7228,37,2998
302,PORT ALBERNI A,BC,-124.833,49.25,2,1893
307,PORT ALICE,BC,-127.455,50.3858,21,3362
309,QUATSINO,BC,-127.653,50.5336,3,2528
310,QUATSINO LIGHTSTATION,BC,-128.033,50.4411,21,2516
319,TOFINO A,BC,-125.773,49.0822,24,3266
326,UCLUELET KENNEDY CAMP,BC,-125.527,48.9453,40,3400
338,BOWEN ISLAND BOWEN BAY,BC,-123.42,49.3648,37,1599
348,CLOWHOM FALLS,BC,-123.533,49.7167,23,2256
351,GAMBIER HARBOUR,BC,-123.433,49.4431,53,1893
353,GIBSONS,BC,-123.514,49.3969,62,1419
354,GIBSONS GOWER POINT,BC,-123.541,49.3856,34,1344
363,LOIS RIVER DAM,BC,-124.318,49.7953,157,1582
365,MALIBU JERVIS INLET,BC,-123.854,50.165,18,2412
366,MERRY ISLAND LIGHTSTATION,BC,-123.913,49.4675,7,1010
372,PORT MELLON,BC,-123.483,49.5167,8,3306
375,POWELL RIVER,BC,-124.554,49.8761,52,1101
376,POWELL RIVER A,BC,-124.5,49.8342,130,1228
395,SQUAMISH AIRPORT,BC,-123.161,49.7832,54,2410
396,STILLWATER POWER HOUSE,BC,-124.317,49.7667,7,1422
402,WHISTLER,BC,-122.955,50.1289,658,1266
404,WOODFIBRE,BC,-123.889,49.5811,4,2882
409,CAPE ST JAMES,BC,-131.017,51.9333,92,1541
417,LANGARA,BC,-133.058,54.2552,43,1875
432,SANDSPIT A,BC,-131.813,53.2539,6,1363
439,TLELL,BC,-131.95,53.5,5,1238
440,SEWALL MASSET INLET,BC,-132.299,53.7637,3,1488
441,ADDENBROKE ISLAND,BC,-127.864,51.6035,21,3258
449,BELLA COOLA,BC,-126.685,52.3706,18,1657
450,BELLA COOLA A,BC,-126.596,52.3875,36,1230
455,BOAT BLUFF,BC,-128.524,52.6431,11,5011
456,BONILLA ISLAND,BC,-130.638,53.4928,16,2126
462,DRYAD POINT,BC,-128.112,52.185,4,2606
464,EGG ISLAND,BC,-127.835,51.2472,14,2559
465,ETHELDA BAY,BC,-129.683,53.05,10,3283
466,FALLS RIVER,BC,-129.733,53.9833,18,3683
469,GREEN ISLAND,BC,-130.708,54.5686,12,2322
474,IVORY ISLAND,BC,-128.407,52.2697,10,2748
475,KEMANO,BC,-127.943,53.5631,66,1951
476,KILDALA,BC,-128.483,53.8333,31,2150
481,KITIMAT TOWNSITE,BC,-128.634,54.0536,98,2236
482,KITIMAT 2,BC,-128.705,54.0097,17,2719
489,MCINNES ISLAND,BC,-128.719,52.2617,26,2712
494,OCEAN FALLS,BC,-127.683,52.35,5,4317
500,PRINCE RUPERT A,BC,-130.445,54.2925,35,2578
504,PRINCE RUPERT MONT CIRC,BC,-130.29,54.3203,60,3205
505,PRINCE RUPERT R PARK,BC,-130.333,54.3,91,3038
506,PRINCE RUPERT SHAWATLANS,BC,-130.25,54.3333,11,2983
517,STEWART A,BC,-129.985,55.9361,7,1854
520,STUIE TWEEDSMUIR LODGE,BC,-126.067,52.3681,162,800
522,TERRACE A,BC,-128.577,54.4664,217,1328
523,TERRACE PCC,BC,-128.625,54.5019,67,1142
541,BABINE LAKE PINKUT CREEK,BC,-125.46,54.4464,713,492
546,EQUITY SILVER,BC,-126.277,54.1986,1280,688
554,HOUSTON,BC,-126.668,54.3964,610,422
568,NASS CAMP,BC,-129.03,55.2375,195,1064
571,QUICK,BC,-126.9,54.6167,533,467
575,SMITHERS A,BC,-127.183,54.8247,522,509
584,TOPLEY LANDING,BC,-126.163,54.8158,722,541
587,SUSKWA VALLEY,BC,-127.171,55.2886,534,764
595,BIG CREEK,BC,-123.073,51.6672,1175,336
611,KLEENA KLEENE 2,BC,-124.99,51.9778,914,319
613,LUNCH LAKE,BC,-124.467,51.8244,1017,362
626,OOTSA L SKINS L SPILLWAY,BC,-125.997,53.7722,861,426
635,PUNTCHESAKUT LAKE,BC,-122.955,52.9917,915,511
642,TAHTSA LAKE WEST,BC,-127.7,53.6167,863,2025
647,TATLAYOKO LAKE,BC,-124.405,51.6747,870,430
651,WISTARIA,BC,-126.214,53.825,863,434
655,BARKERVILLE,BC,-121.515,53.0692,1283,1044
679,FORT ST JAMES,BC,-124.286,54.4553,691,470
684,HIXON,BC,-122.699,53.5314,551,645
688,HORSEFLY LAKE GRUHS LAKE,BC,-121.364,52.3625,777,587
693,KERSLEY,BC,-122.367,52.8167,671,513
708,MCLEESE LAKE FRASERVIEW,BC,-122.374,52.3797,564,410
709,MCLEESE LAKE GRANITE MT,BC,-122.286,52.5306,1133,561
715,OCHILTREE MIOCENE,BC,-121.724,52.2603,1027,543
724,PRINCE GEORGE A,BC,-122.679,53.8908,691,610
731,PRINCE GEORGE STP,BC,-122.767,53.88,579,574
737,QUESNEL A,BC,-122.51,53.0261,545,543
747,SPOKIN LAKE 4E,BC,-121.686,52.1836,1033,580
752,TWAN CREEK,BC,-122.617,52.4664,914,455
759,WILLIAMS LAKE A,BC,-122.054,52.1831,940,437
767,VANDERHOOF,BC,-124.017,54.0333,638,496
772,FRASER LAKE NORTH SHORE,BC,-124.847,54.0783,674,517
774,108 MILE HOUSE ABEL LAKE,BC,-121.263,51.6233,1005,425
782,ABBOTSFORD A,BC,-122.36,49.0253,59,1550
789,AGASSIZ CDA,BC,-121.76,49.2431,15,1758
808,BURNABY CAPITOL HILL,BC,-122.987,49.2861,183,1948
814,BURNABY MTN TERMINAL,BC,-122.933,49.2667,137,1895
815,BURNABY SIMON FRASER U,BC,-122.918,49.2784,366,1944
820,BURQUITLAM VANCOUVER GOLF COURSE,BC,-122.877,49.2517,122,1864
827,CHILLIWACK,BC,-121.925,49.1722,11,1756
841,COQUITLAM COMO LAKE AVE,BC,-122.866,49.2694,160,1884
845,CHILLIWACK R HATCHERY,BC,-121.704,49.08,225,1496
848,CULTUS LAKE,BC,-121.983,49.0833,46,1537
863,DELTA PEBBLE HILL,BC,-123.083,49,51,889
866,DELTA TSAWWASSEN BEACH,BC,-123.093,49.0109,2,926
875,HANEY EAST,BC,-122.558,49.2044,31,1765
878,HANEY UBC RF ADMIN,BC,-122.573,49.2645,147,2161
881,HATZIC LAKE,BC,-122.25,49.1667,25,1988
883,HOLLYBURN RIDGE,BC,-123.183,49.3833,930,2892
889,IOCO REFINERY,BC,-122.883,49.3,53,2039
896,LAIDLAW,BC,-121.579,49.3564,37,2148
912,MISSION,BC,-122.333,49.1333,60,1704
913,MISSION WEST ABBEY,BC,-122.271,49.1525,197,1859
926,N VANC GROUSE MTN RESORT,BC,-123.078,49.3811,1103,2589
933,N VANCOUVER 2ND NARROWS,BC,-123.015,49.2979,4,1847
936,N VANCOUVER WHARVES,BC,-123.115,49.3148,7,1755
942,PITT POLDER,BC,-122.631,49.2732,5,2221
944,POINT ATKINSON,BC,-123.265,49.3304,14,1305
961,PORT MOODY GLENAYRE,BC,-122.881,49.2792,130,1952
965,RICHMOND NATURE PARK,BC,-123.093,49.1708,3,1254
967,SARDIS,BC,-121.895,49.0819,107,1504
970,SEYMOUR FALLS,BC,-122.971,49.4403,244,3993
971,STAVE FALLS,BC,-122.367,49.2333,110,2334
973,STEVESTON,BC,-123.189,49.1306,0,1068
974,SUMAS CANAL,BC,-122.11,49.1133,9,1873
977,SURREY KWANTLEN PARK,BC,-122.86,49.1922,78,1579
978,SURREY MUNICIPAL HALL,BC,-122.828,49.1067,76,1328
979,SURREY NEWTON,BC,-122.847,49.1333,73,1418
998,VANCOUVER HARBOUR CS,BC,-123.122,49.2954,3,1540
1013,VANCOUVER UBC,BC,-123.25,49.25,76,1275
1033,WHALLEY FOREST NURSERY,BC,-122.833,49.1833,84,1562
1036,WHITE ROCK CAMPBELL SCIENTIFIC,BC,-122.784,49.0181,13,1154
1039,WHITE ROCK STP,BC,-122.784,49.0186,13,1101
1059,N VANCOUVER CLEVELAND,BC,-123.107,49.3597,157,2368
1079,N VAN SEYMOUR HATCHERY,BC,-122.967,49.4375,177,3797
1081,N VANC SONORA DR,BC,-123.097,49.3625,183,2333
1095,HOPE A,BC,-121.498,49.3683,39,1890
1103,HOPE SLIDE,BC,-121.233,49.2667,685,1222
1109,LILLOOET CEDAR FALLS,BC,-121.867,50.6,555,398
1113,LILLOOET SETON BCHPA,BC,-121.924,50.6733,198,329
1129,SHALALTH,BC,-122.241,50.7283,244,514
1147,HEDLEY,BC,-120.077,49.3572,517,360
1151,HIGHLAND VALLEY LORNEX,BC,-121.017,50.4667,1268,382
1153,JOE RICH CREEK,BC,-119.126,49.8572,875,582
1157,KELOWNA A,BC,-119.378,49.9561,430,369
1165,KELOWNA PC BURNETTS NURSERY,BC,-119.484,49.8742,350,331
1177,MCCULLOCH,BC,-119.2,49.8,1250,705
1182,MERRITT STP,BC,-120.801,50.1142,609,312
1191,OKANAGAN CENTRE,BC,-119.445,50.0561,370,399
1196,OLIVER,BC,-119.564,49.1658,315,312
1198,OLIVER STP,BC,-119.545,49.179,297,311
1204,OSOYOOS WEST,BC,-119.443,49.0319,297,308
1206,OYAMA,BC,-119.367,50.1142,440,460
1208,PEACHLAND,BC,-119.717,49.7833,345,391
1217,PENTICTON A,BC,-119.602,49.4631,344,325
1220,PRINCETON A,BC,-120.513,49.4678,702,344
1228,SUMMERLAND CDA,BC,-119.65,49.5667,454,315
1232,VERNON BELLA VISTA,BC,-119.31,50.2642,427,424
1234,VERNON COLDSTREAM RANCH,BC,-119.2,50.2167,482,457
1237,VERNON NORTH,BC,-119.271,50.3443,538,491
1243,WINFIELD,BC,-119.416,50.0366,506,376
1254,BEAVERDELL NORTH,BC,-119.047,49.4783,838,475
1260,GRAND FORKS,BC,-118.466,49.0262,532,497
1268,MIDWAY,BC,-118.772,49.0037,571,466
1273,BILLINGS,BC,-118.228,49.0168,519,550
1278,CASTLEGAR A,BC,-117.632,49.2964,496,738
1280,CASTLEGAR BCHPA DAM,BC,-117.774,49.3434,435,633
1287,CRESTON,BC,-116.518,49.0971,610,641
1289,CRESTON WPCC,BC,-116.529,49.0956,538,564
1290,DEER PARK,BC,-118.05,49.4167,485,510
1291,DUNCAN LAKE DAM,BC,-116.972,50.2387,549,794
1293,FAUQUIER,BC,-118.067,49.8719,490,740
1299,KASLO,BC,-116.921,49.9127,600,874
1305,LISTER,BC,-116.458,49.032,660,574
1307,NAKUSP,BC,-117.8,50.25,457,846
1313,NELSON NE,BC,-117.206,49.5861,570,922
1318,NEW DENVER,BC,-117.37,49.9958,568,856
1325,ROSSLAND MACLEAN,BC,-117.8,49.0833,1085,910
1330,SOUTH SLOCAN,BC,-117.523,49.4601,457,842
1336,WARFIELD,BC,-117.75,49.1,606,753
1343,NELSON RIXEN CREEK,BC,-117.399,49.5123,760,986
1348,BAYNES LAKE KOOTENAY RIVER,BC,-115.221,49.226,800,437
1355,CRANBROOK A,BC,-115.782,49.6122,940,390
1362,ELKO,BC,-115.117,49.3,931,597
1363,FERNIE,BC,-115.073,49.4887,1001,1208
1367,FORDING RIVER COMINCO,BC,-114.855,50.1486,1585,660
1370,FT STEELE DANDY CRK,BC,-115.461,49.5239,856,517
1379,KIMBERLEY PCC,BC,-115.962,49.6316,889,421
1381,KOOTENAY NP KTNY CRSG,BC,-116.051,50.8833,1170,511
1384,KOOTENAY NP WEST GATE,BC,-116.061,50.6308,935,433
1385,MARYSVILLE,BC,-115.957,49.6371,960,441
1392,SPARWOOD,BC,-114.883,49.7453,1138,615
1397,WARDNER KTNY HATCHERY,BC,-115.46,49.4732,760,426
1398,WASA,BC,-115.631,49.8073,970,443
1415,BARRIERE,BC,-120.117,51.1833,415,472
1418,BLUE RIVER A,BC,-119.29,52.129,690,1013
1422,BRIDGE LAKE 2,BC,-120.793,51.5038,1155,584
1424,BUFFALO LAKE,BC,-121.083,51.7086,989,534
1442,CRISS CREEK,BC,-120.728,51.0297,1122,464
1443,DARFIELD,BC,-120.183,51.2918,466,467
1444,EAGLE BAY,BC,-119.217,50.9333,412,692
1452,HEFFLEY CREEK,BC,-120.183,50.9167,683,387
1461,KAMLOOPS A,BC,-120.442,50.7022,345,273
1472,KAMLOOPS VALLEYVIEW,BC,-120.253,50.675,347,288
1483,LUMBY SIGALET RD,BC,-118.767,50.3667,560,626
1490,MCLURE,BC,-120.222,51.0467,381,446
1496,100 MILE HOUSE,BC,-121.303,51.6469,1059,450
1497,100 MILE HOUSE 6NE,BC,-121.217,51.6814,928,557
1499,RED LAKE,BC,-120.8,50.935,1162,501
1504,SALMON ARM 2,BC,-119.283,50.7,396,531
1507,SALMON ARM A,BC,-119.234,50.6856,527,635
1516,SILVER CREEK,BC,-119.35,50.5452,419,556
1529,VAVENBY,BC,-119.778,51.5761,445,463
1534,WESTWOLD,BC,-119.751,50.4689,609,367
1555,BRISCO,BC,-116.258,50.8206,823,448
1558,CARIBOO LODGE,BC,-119.472,52.7195,1096,1085
1566,GLACIER NP ROGERS PASS,BC,-117.517,51.3017,1330,1553
1568,GOLDEN A,BC,-116.982,51.2992,785,476
1571,GOLDSTREAM RIVER,BC,-118.425,51.6297,700,1097
1574,MICA DAM,BC,-118.585,52.0531,579,1389
1579,REVELSTOKE AIRPORT RD,BC,-118.166,50.9533,450,938
1597,GLACIER NP MT FIDELITY,BC,-117.701,51.2382,1890,2066
1606,BALDONNEL,BC,-120.683,56.2333,686,469
1615,CHETWYND A,BC,-121.627,55.6872,610,451
1620,DAWSON CREEK A,BC,-120.182,55.7417,655,470
1630,FORT ST JOHN A,BC,-120.74,56.2381,695,464
1634,GERMANSEN LANDING,BC,-124.701,55.7855,766,519
1643,MACKENZIE A,BC,-123.138,55.3053,690,649
1668,TAYLOR FLATS,BC,-120.688,56.1667,517,443
1679,CASSIAR,BC,-129.833,59.2833,1078,728
1683,DEASE LAKE,BC,-130.011,58.4283,807,433
1686,FORT NELSON A,BC,-122.597,58.8364,382,450
1701,MUNCHO LAKE,BC,-125.767,58.93,837,511
1719,ATLIN,BC,-133.7,59.5667,674,357
1741,PLEASANT CAMP,BC,-136.367,59.45,274,1446
1758,BEAVER CREEK A,YT,-140.868,62.4103,649,414
1769,BURWASH A,YT,-139.05,61.3667,806,290
1772,CARCROSS,YT,-134.698,60.1743,660,273
1773,CARMACKS,YT,-136.3,62.1,525,282
1782,DAWSON A,YT,-139.128,64.0431,370,323
1790,DRURY CREEK,YT,-134.39,62.2019,609,381
1796,FARO A,YT,-133.373,62.2069,716,318
1806,HAINES JUNCTION,YT,-137.58,60.7725,595,336
1815,JOHNSONS CROSSING,YT,-133.3,60.4833,690,369
1818,KLONDIKE,YT,-138.216,64.4539,973,466
1821,KOMAKUK BEACH A,YT,-140.183,69.5833,7,153
1829,MAYO A,YT,-135.867,63.6167,504,321
1832,MAYO ROAD,YT,-135.183,60.8764,655,338
1833,MCQUESTEN,YT,-137.523,63.5942,458,354
1840,OGILVIE RIVER,YT,-138.305,65.3603,597,334
1841,OLD CROW A,YT,-139.839,67.5706,250,264
1845,OTTER FALLS NCPC,YT,-137.05,61.0333,830,302
1848,PELLY RANCH,YT,-137.311,62.83,445,323
1860,SHINGLE POINT A,YT,-137.217,68.95,49,234
1874,SWIFT RIVER,YT,-131.183,60,891,563
1877,TAKHINI RIVER RANCH,YT,-135.573,60.9458,671,226
1879,TESLIN A,YT,-132.736,60.1741,705,340
1885,TUCHITUA,YT,-129.217,60.9333,724,494
1887,WATSON LAKE A,YT,-128.822,60.1165,687,427
1893,WHITEHORSE A,YT,-135.069,60.7095,706,272
1896,WHITEHORSE RIVERDALE,YT,-135.027,60.71,640,286
1912,CAPE PARRY A,NT,-124.717,70.1667,87,154
1925,FORT GOOD HOPE A,NT,-128.651,66.2408,81,280
1930,FORT LIARD A,NT,-123.467,60.235,216,462
1944,FORT RELIANCE,NT,-109.167,62.7167,166,275
1947,FORT RESOLUTION A,NT,-113.69,61.1808,160,301
1951,FORT SIMPSON A,NT,-121.237,61.7603,169,370
1959,FORT SMITH A,NT,-111.962,60.0203,205,354
1968,HAY RIVER A,NT,-115.783,60.8397,165,332
1972,HAY RIVER PARADISE GDNS,NT,-116,60.65,213,367
1979,INUVIK A,NT,-133.483,68.3042,68,252
1992,NICHOLSON PENINSULA,NT,-128.967,69.9333,89,113
1994,NORMAN WELLS A,NT,-126.8,65.2825,73,306
2027,TUKTOYAKTUK,NT,-133,69.45,18,138
2029,TUKTOYAKTUK A,NT,-133.026,69.4333,4,168
2039,WRIGLEY A,NT,-123.437,63.2094,150,335
2042,YELLOWKNIFE A,NT,-114.44,62.4628,206,279
2046,YELLOWKNIFE HYDRO,NT,-114.25,62.6667,159,295
2047,YOHIN,NT,-123.742,61.2419,204,232
2064,BAKER LAKE A,NU,-96.0778,64.2989,19,258
2077,CLINTON POINT,NU,-120.8,69.5833,101,167
2080,KUGLUKTUK A,NU,-115.144,67.8167,23,245
2084,ARVIAT A,NU,-94.0667,61.1,10,277
2086,CORAL HARBOUR A,NU,-83.3594,64.1933,62,300
2106,JENNY LIND ISLAND A,NU,-101.733,68.65,18,116
2107,LADY FRANKLIN POINT A,NU,-113.217,68.5,16,120
2110,PELLY BAY,NU,-89.7167,68.4333,326,232
2117,RANKIN INLET A,NU,-92.1167,62.8167,32,314
2126,SHEPHERD BAY A,NU,-93.4333,68.8167,43,171
2141,ALERT,NU,-62.2806,82.5178,30,152
2155,FOX FIVE,NU,-63.7889,67.5356,584,261
2162,BYRON BAY A,NU,-109.067,68.75,92,119
2163,CAMBRIDGE BAY A,NU,-105.138,69.1081,31,144
2169,CAPE DORSET A,NU,-76.525,64.2303,48,428
2173,CAPE DYER A,NU,-61.6167,66.5833,393,629
2175,CAPE HOOPER,NU,-66.8153,68.4725,390,260
2179,CLYDE A,NU,-68.5167,70.4861,27,221
2186,DEWAR LAKES,NU,-71.1667,68.65,527,250
2193,EUREKA A,NU,-85.9333,79.9833,10,73
2200,GLADMAN POINT A,NU,-97.8,68.6667,14,121
2204,HALL BEACH A,NU,-81.2425,68.7758,9,225
2216,IQALUIT A,NU,-68.55,63.75,34,407
2230,LONGSTAFF BLUFF,NU,-75.1408,68.8986,161,202
2231,MACKAR INLET,NU,-85.6667,68.3,395,192
2238,NANISIVIK A,NU,-84.6167,72.9833,642,283
2252,POND INLET A,NU,-77.9689,72.6894,62,167
2263,RESOLUTE CARS,NU,-94.9694,74.7169,68,149
2274,TALOYOAK A,NU,-93.5833,69.55,27,187
2295,MOULD BAY A,NT,-119.333,76.2333,12,106
2299,SACHS HARBOUR A,NT,-125.267,72,86,134
2311,ANDREW,AB,-112.233,54.0167,610,416
2328,BRETON,AB,-114.483,53.1667,843,527
2332,BRIGHTVIEW,AB,-113.717,52.9833,815,518
2333,BROWNFIELD,AB,-111.469,52.3192,755,459
2342,CALMAR,AB,-113.863,53.2897,720,500
2346,CAMROSE,AB,-112.817,53.05,739,422
2347,CAMROSE 2,AB,-112.8,52.95,738,442
2351,CHAILEY,AB,-111.25,53.55,670,395
2363,CORONATION A,AB,-111.45,52.0667,791,392
2369,DAKOTA WEST,AB,-113.95,52.75,865,515
2385,EDMONTON CITY CENTRE A,AB,-113.518,53.5733,671,457
2387,EDMONTON NAMAO A,AB,-113.467,53.6667,688,440
2394,EDMONTON STONY PLAIN,AB,-114.108,53.5475,766,501
2395,EDMONTON WOODBEND,AB,-113.75,53.4167,671,508
2400,ELK ISLAND NAT PARK,AB,-112.868,53.6828,716,485
2403,ELK POINT,AB,-111.067,53.8833,605,438
2409,FABYAN,AB,-111,52.9667,698,421
2414,FORESTBURG PLANT SITE,AB,-112.12,52.4675,663,406
2417,FORT SASKATCHEWAN,AB,-113.183,53.7167,620,460
2431,GWYNNE,AB,-113.183,52.95,768,486
2455,KINSELLA RANCH,AB,-111.517,53,705,418
2459,LAVOY,AB,-111.867,53.5333,670,458
2468,LLOYDMINSTER A,AB,-110.072,53.3092,668,426
2474,HOLDEN SOUTH,AB,-112.267,53.0833,709,422
2486,MONITOR,AB,-110.55,52.0167,732,398
2501,PARADISE VALLEY,AB,-110.35,53.1167,658,404
2511,RANFURLY,AB,-111.65,53.45,686,421
2513,RANFURLY 2NW,AB,-111.733,53.4167,673,465
2528,ST LINA,AB,-111.45,54.3,633,488
2542,SION,AB,-114.117,53.8833,701,497
2553,SULLIVAN LAKE,AB,-111.95,52.05,811,396
2560,TOFIELD NORTH,AB,-112.75,53.55,701,489
2570,VEGREVILLE CDA,AB,-112.033,53.4833,636,402
2591,WARWICK,AB,-111.983,53.65,610,420
2595,VEGREVILLE,AB,-112.098,53.5053,639,404
2601,WINFIELD,AB,-114.583,52.95,910,601
2616,HORBURG,AB,-115.2,52.4,1036,647
2618,UNIVERSITY OF ALBERTA METABOLIC CENTRE,AB,-113.533,53.5167,668,444
2676,CRAIGMYLE,AB,-112.283,51.7667,846,422
2686,DRUMHELLER ANDREW,AB,-112.867,51.4667,719,370
2692,ECKVILLE SOUTH,AB,-114.391,52.2847,960,536
2694,ELNORA,AB,-113.195,51.9639,930,450
2695,EMPRESS,AB,-110.006,50.9558,612,298
2713,HUXLEY,AB,-113.433,51.9106,914,457
2719,LACOMBE CDA,AB,-113.75,52.4667,847,439
2730,MADDEN,AB,-114.324,51.5042,1138,473
2731,MARKERVILLE,AB,-114.133,52.1167,914,539
2738,OLDS,AB,-114.1,51.7833,1040,492
2741,OYEN CAPPON,AB,-110.517,51.1667,793,328
2755,RED DEER,AB,-113.792,52.3108,847,473
2757,RED DEER A,AB,-113.893,52.1786,905,479
2765,SCOLLARD,AB,-112.867,51.9333,853,390
2767,SCOTFIELD,AB,-111.364,51.5834,762,313
2769,SIBBALD,AB,-110.248,51.475,725,313
2772,SIBBALD WESTGARD,AB,-110.146,51.4247,724,340
2786,SYLVAN LAKE,AB,-114.167,52.35,921,553
2793,TROCHU EQUITY,AB,-113.2,51.7833,854,408
2838,BROOKS AHRC,AB,-111.85,50.55,758,342
2839,BROOKS NORTH,AB,-111.883,50.6167,759,351
2847,CALDWELL,AB,-113.633,49.1667,1286,681
2862,CARDSTON,AB,-113.242,49.1317,1193,538
2870,CARMANGAY VILLAGE,AB,-113.112,50.1244,939,395
2871,CARWAY,AB,-113.376,48.9997,1354,534
2880,CLARESHOLM WATERWORKS,AB,-113.711,50.0189,1008,437
2883,COCHRANE,AB,-114.434,51.1969,1332,461
2886,CONNELLY CREEK,AB,-114.215,49.6161,1249,574
2891,COWLEY OLIN CREEK,AB,-114.067,49.7,1234,484
2893,CLARESHOLM MEADOW CREEK,AB,-113.738,49.9375,1035,453
2902,FOREMOST,AB,-111.446,49.477,892,373
2906,FORT MACLEOD,AB,-113.4,49.7167,950,425
2911,FORT MACLEOD NORTH,AB,-113.283,49.8667,953,406
2912,GLEICHEN,AB,-113.05,50.8833,905,352
2923,HERRONTON EAST,AB,-113.348,50.5997,1056,407
2924,HIGH RIVER,AB,-114.167,50.4833,1219,515
2938,LETHBRIDGE A,AB,-112.8,49.6303,929,393
2943,LETHBRIDGE CDA,AB,-112.767,49.695,910,350
2955,MEDICINE HAT A,AB,-110.721,50.0189,717,322
2963,MONARCH,AB,-113.161,49.8144,947,419
2964,MOSSLEIGH,AB,-113.281,50.6594,1067,454
2965,MOSSLEIGH BURNAY,AB,-113.302,50.7172,945,368
2966,MOUNTAIN VIEW,AB,-113.63,49.127,1339,712
2989,QUEENSTOWN,AB,-112.983,50.6064,940,427
3017,SUFFIELD A,AB,-111.183,50.2667,770,318
3020,TABER,AB,-112.124,49.7919,811,417
3027,UNIVERSITY OF CALGARY,AB,-114.133,51.0833,1112,432
3031,VAUXHALL NORTH,AB,-112.122,50.1825,760,319
3046,SPRINGBANK A,AB,-114.374,51.1031,1201,477
3049,OKOTOKS,AB,-113.961,50.7292,1081,528
3052,ADEN,AB,-111.317,49.05,1036,415
3053,ALTAWAN,AB,-110.014,49.2453,945,313
3067,MANYBERRIES CDA,AB,-110.467,49.1167,934,351
3096,BANFF,AB,-115.567,51.1833,1384,468
3101,BEAVER MINES,AB,-114.177,49.4672,1257,674
3103,BIGHORN DAM,AB,-116.333,52.3167,1341,489
3123,COLEMAN,AB,-114.583,49.6333,1341,568
3135,ELBOW RS,AB,-114.7,50.9,1400,647
3143,GHOST RS,AB,-114.933,51.3,1417,553
3153,JASPER,AB,-118.067,52.8833,1062,397
3159,KANANASKIS,AB,-115.035,51.0275,1391,657
3161,KANANASKIS POCATERRA,AB,-115.12,50.7125,1610,573
3167,LAKE LOUISE,AB,-116.217,51.4333,1524,579
3189,NORDEGG RS,AB,-116.05,52.5,1320,590
3195,PEKISKO,AB,-114.417,50.3667,1439,689
3238,WATERTON RIVER CABIN,AB,-113.833,49.1167,1281,837
3264,ATHABASCA 2,AB,-113.54,54.8217,626,480
3275,BAPTISTE LAKE,AB,-113.533,54.7333,575,468
3286,BRULE BLACK CAT,AB,-117.867,53.35,1036,565
3289,CALLING LAKE RS,AB,-113.183,55.25,598,458
3290,CAMPSIE,AB,-114.678,54.1322,671,466
3307,CROSS LAKE,AB,-113.914,54.6328,655,542
3324,ENTRANCE,AB,-117.7,53.3667,991,508
3336,FORT MCMURRAY A,AB,-111.217,56.65,369,442
3358,HIGHWAY,AB,-115.533,53.9167,823,557
3367,JASPER EAST GATE,AB,-117.817,53.2333,1003,598
3371,KAYBOB 3,AB,-116.631,54.1139,1003,590
3411,PADDLE RIVER,AB,-114.75,54.0333,655,498
3423,ROBB RS,AB,-116.967,53.2333,1130,628
3427,RONAN,AB,-115.25,53.8833,732,542
3441,SHINING BANK,AB,-115.967,53.85,829,531
3476,WHITECOURT A,AB,-115.787,54.1439,782,558
3498,FORT ASSINIBOINE,AB,-114.917,54.3667,671,522
3508,BEAVERLODGE CDA,AB,-119.4,55.2,745,453
3552,ELMWORTH CDA EPF,AB,-119.75,55.1,754,451
3553,EUREKA RIVER,AB,-118.733,56.4833,665,427
3554,FAIRVIEW,AB,-118.383,56.0667,670,452
3566,FORT CHIPEWYAN A,AB,-111.117,58.7667,232,370
3584,GRANDE PRAIRIE A,AB,-118.885,55.1797,669,444
3595,HIGH LEVEL A,AB,-117.165,58.6214,338,385
3644,NOTIKEWIN EAST,AB,-117.567,57.0167,465,386
3651,PEACE RIVER A,AB,-117.447,56.2269,571,390
3682,SIMONETTE,AB,-117.741,54.4247,884,594
3707,VALLEYVIEW RS,AB,-117.267,55.0667,762,496
3710,WABASCA RS,AB,-113.833,55.9667,545,462
3712,WANHAM CDA,AB,-118.383,55.7833,561,465
3734,CLEARDALE,AB,-119.483,56.3333,643,445
3742,COLD LAKE A,AB,-110.283,54.4167,541,433
3752,AMULET,SK,-104.733,49.6167,728,433
3753,ARCOLA CDA EPF,SK,-102.533,49.6333,604,420
3754,ATWATER,SK,-102.217,50.8167,536,437
3758,BALCARRES,SK,-103.617,50.7833,576,409
3759,BANGOR,SK,-102.283,50.9,526,451
3766,BROADVIEW,SK,-102.571,50.3681,600,426
3770,BUFFALO POUND LAKE,SK,-105.383,50.55,588,323
3775,CARLYLE,SK,-102.267,49.6333,631,435
3776,CARNDUFF,SK,-101.75,49.2167,515,506
3783,COTE,SK,-101.783,51.5167,450,454
3786,CUPAR,SK,-104.267,50.85,556,418
3789,DAHINDA,SK,-105.033,49.7333,716,380
3790,DAVIDSON,SK,-105.983,51.2667,619,369
3798,DAVIN 6,SK,-104.15,50.3667,648,529
3800,DILKE,SK,-105.167,50.8667,521,361
3802,DUVAL,SK,-104.867,51.1833,584,413
3806,ESK,SK,-104.85,51.8,542,406
3808,ESTEVAN A,SK,-102.967,49.2167,580,439
3814,FENWOOD,SK,-103.067,51.15,625,473
3815,FERTILE,SK,-101.448,49.3395,511,496
3825,GOOD SPIRIT LAKE,SK,-102.667,51.5,484,483
3830,HANDSWORTH,SK,-102.867,49.8333,678,439
3837,HUMBOLDT,SK,-105.117,52.2667,549,383
3839,INDIAN HEAD CDA,SK,-103.65,50.55,579,429
3840,INDIAN HEAD PFRA,SK,-103.683,50.5,604,420
3844,KELLIHER,SK,-103.753,51.2574,676,474
3847,KIPLING,SK,-102.733,50.2,671,471
3852,KUROKI,SK,-103.45,52,585,465
3854,LAKE ALMA,SK,-104.25,49.0667,724,417
3857,LANGENBURG,SK,-101.717,50.9,517,466
3858,LAST MOUNTAIN CS,SK,-105.25,51.4167,497,380
3863,LEROY,SK,-104.633,52,535,448
3866,LIPTON,SK,-103.767,50.85,602,439
3867,LIPTON 2,SK,-103.889,51.1522,640,478
3869,LUMSDEN,SK,-104.867,50.65,497,375
3872,MACOUN,SK,-103.233,49.2333,571,531
3875,MARGO,SK,-103.333,51.8333,544,412
3877,MARYFIELD,SK,-101.517,49.8333,576,478
3881,MIDALE,SK,-103.4,49.4,582,405
3884,MOOSE JAW A,SK,-105.567,50.3333,577,368
3890,MOOSOMIN,SK,-101.667,50.1333,576,504
3892,MUENSTER,SK,-105,52.3333,580,420
3894,NOKOMIS,SK,-105,51.5167,524,373
3898,ORMISTON,SK,-105.367,49.7167,686,337
3901,OXBOW,SK,-102.117,49.3167,576,435
3904,PARKERVIEW,SK,-103.265,51.4032,637,468
3907,PASWEGIN,SK,-103.917,51.9833,533,462
3914,QUINTON,SK,-104.417,51.35,630,395
3915,RADVILLE,SK,-104.283,49.5,633,475
3918,RAYMORE,SK,-104.583,51.5667,564,372
3928,REGINA CDA,SK,-104.567,50.4,573,374
3931,REGINA GILMOUR,SK,-104.833,50.5667,556,392
3942,ROCANVILLE,SK,-101.55,50.4667,479,448
3947,SEMANS,SK,-104.733,51.4167,562,409
3962,TUGASKE,SK,-106.3,50.8833,607,372
3972,WATROUS,SK,-105.467,51.6667,541,419
3977,WEYBURN,SK,-103.833,49.65,570,425
3979,WHITEWOOD,SK,-102.267,50.35,598,491
3981,WILLMAR,SK,-102.5,49.4167,594,453
3985,WYNYARD,SK,-104.2,51.7667,561,411
3987,YELLOW GRASS,SK,-104.183,49.8167,580,434
3992,YORKTON A,SK,-102.467,51.2667,498,441
3999,ZEHNER,SK,-104.4,50.6333,683,443
4006,ABBEY,SK,-108.783,50.7,695,320
4008,ALSASK HARDENE,SK,-109.85,51.3333,658,303
4009,ANEROID,SK,-107.3,49.7167,754,364
4010,ASSINIBOIA,SK,-105.967,49.7333,724,394
4012,BEECHY,SK,-107.311,50.832,660,356
4021,CHAPLIN,SK,-106.65,50.4667,672,371
4022,CODERRE,SK,-106.367,50.1333,685,380
4026,CYPRESS HILLS,SK,-109.467,49.6667,1196,614
4028,EASTLEIGH,SK,-106.183,50.2833,709,386
4033,ELROSE,SK,-108.033,51.1333,610,382
4034,ESTON,SK,-108.767,51.15,680,304
4040,GOLDEN PRAIRIE,SK,-109.8,50.1833,747,351
4041,GRAVELBOURG,SK,-106.55,49.8833,700,367
4045,GULL LAKE CDA EPF,SK,-108.467,49.95,907,391
4049,HIGH POINT,SK,-107.935,50.9786,647,372
4054,INGEBRIGHT LAKE,SK,-109.35,50.3667,701,323
4056,KINCAID,SK,-107,49.6667,739,358
4057,KLINTONEL,SK,-108.917,49.6833,1074,451
4061,LAFLECHE,SK,-106.567,49.65,750,388
4063,LEADER 2,SK,-109.533,50.8833,674,360
4070,MAPLE CREEK NORTH,SK,-109.467,50,764,381
4078,PALMER,SK,-106.35,49.8667,727,360
4080,PENNANT,SK,-108.233,50.5333,730,344
4086,ROCK POINT,SK,-107.263,51.1539,725,400
4089,SHACKLETON CDA EPF,SK,-108.683,50.6833,709,373
4090,SHAMROCK,SK,-106.717,50.1833,741,358
4093,SHAUNAVON 2,SK,-108.417,49.65,914,385
4094,SHAUNAVON 3,SK,-108.417,49.9,892,390
4095,STEWART VALLEY,SK,-107.8,50.6,727,417
4096,STRONGFIELD,SK,-106.6,51.3333,614,395
4100,SWIFT CURRENT A,SK,-107.683,50.3,817,389
4103,SWIFT CURRENT CDA,SK,-107.733,50.2667,825,357
4108,WOODROW,SK,-106.783,49.5667,730,373
4116,CLAYDON,SK,-109.1,49.1333,975,394
4117,CLIMAX,SK,-108.383,49.2,939,340
4120,CORONACH,SK,-105.517,49.1167,773,431
4122,CORONACH SPC,SK,-105.483,49.05,756,360
4133,FRONTIER,SK,-108.567,49.2,901,367
4136,MANKOTA,SK,-107.024,49.0992,830,353
4145,TREELON,SK,-108.383,49,902,347
4146,VAL-MARIE,SK,-107.848,49.37,808,338
4152,WEST POPLAR RIVER,SK,-106.383,49,876,377
4162,BICKLEIGH,SK,-108.407,51.2944,676,371
4163,BIGGAR,SK,-107.983,52.0667,671,362
4164,BUTTE ST PIERRE,SK,-109.2,53.45,572,378
4178,HILLMOND,SK,-109.723,53.4422,584,405
4181,KERROBERT,SK,-109.048,51.9717,666,338
4184,KINDERSLEY A,SK,-109.183,51.5167,694,335
4200,NORTH BATTLEFORD A,SK,-108.256,52.7719,548,367
4217,SCOTSTOWN,SK,-109.4,52.3833,685,368
4218,SCOTT CDA,SK,-108.835,52.3597,660,364
4230,WASECA,SK,-109.404,53.1309,638,432
4240,CAMEO,SK,-106.55,53.2833,488,429
4254,HAFFORD,SK,-107.367,52.7167,587,368
4257,HARRIS,SK,-107.583,51.7333,578,394
4266,LENEY,SK,-107.517,51.8833,556,321
4272,MELFORT CDA,SK,-104.6,52.8167,480,404
4280,OUTLOOK PFRA,SK,-107.05,51.4833,541,348
4282,PILGER,SK,-105.15,52.4167,552,439
4285,PRINCE ALBERT A,SK,-105.667,53.2167,428,423
4305,SASKATOON SRC,SK,-106.6,52.15,497,366
4307,SASKATOON WATER TP,SK,-106.683,52.1167,483,354
4326,BIG RIVER,SK,-107.033,53.8333,503,443
4332,BUFFALO NARROWS A,SK,-108.433,55.8333,434,454
4337,CIGAR LAKE,SK,-104.483,58.0833,467,511
4357,ISLAND FALLS,SK,-102.35,55.5333,299,501
4363,KEY LAKE,SK,-105.617,57.25,509,482
4369,LA RONGE A,SK,-105.267,55.15,379,499
4373,LOON LAKE CDA EPF,SK,-109.1,54.05,543,421
4378,MEADOW LAKE A,SK,-108.517,54.1333,481,419
4400,WASKESIU LAKE,SK,-106.083,53.9167,532,448
4401,WHITESAND DAM,SK,-103.15,56.2333,344,522
4407,AYLSHAM,SK,-103.8,53.2,362,465
4408,CHOICELAND,SK,-104.483,53.5,442,458
4409,CODETTE ELKHORN,SK,-104.167,53.25,398,459
4416,LOST RIVER,SK,-104.333,53.2833,375,453
4418,NIPAWIN A,SK,-104,53.3333,372,436
4454,MCKAGUE 2,SK,-103.833,52.5833,543,463
4456,PELLY,SK,-101.867,52.0833,509,556
4457,PELLY 2,SK,-101.9,51.7333,499,529
4459,PORCUPINE PLAIN,SK,-103.15,52.65,465,454
4466,BALDUR,MB,-99.2924,49.2764,450,542
4470,BELMONT,MB,-99.45,49.3,482,560
4471,BINSCARTH,MB,-101.267,50.5833,526,498
4473,BIRTLE,MB,-101.05,50.4333,522,487
4474,BOGGY CREEK,MB,-101.391,51.5386,609,524
4475,BRANDON A,MB,-99.9519,49.91,409,468
4477,BRANDON CDA,MB,-99.9833,49.8667,363,472
4489,CYPRESS RIVER,MB,-99.0833,49.55,374,536
4491,DELORAINE,MB,-100.5,49.1833,501,470
4501,ELKHORN 2 EAST,MB,-101.203,49.9267,498,526
4506,HAMIOTA 2,MB,-100.6,50.1833,520,492
4520,MINNEDOSA,MB,-99.8333,50.2667,521,484
4524,OAKNER,MB,-100.633,50.1,503,493
4526,PIERSON,MB,-101.267,49.1833,469,456
4531,PORTAGE SOUTHPORT A,MB,-98.2667,49.9,270,524
4532,PORTAGE LA PRAIRIE CDA,MB,-98.2667,49.95,259,565
4533,PORTAGE LA PRAIRIE 2,MB,-98.3167,49.9833,261,507
4546,ROSSBURN,MB,-100.817,50.6667,590,517
4548,RUSSELL,MB,-101.283,50.7667,567,484
4550,ST ALPHONSE,MB,-99.0167,49.45,403,546
4552,SANDY LAKE,MB,-100.1,50.5,625,489
4561,SOMERSET,MB,-98.6167,49.45,488,550
4565,STRATHCLAIR,MB,-100.4,50.4,579,472
4575,TURTLE MOUNTAIN 6,MB,-100.317,49.3,503,504
4578,VIRDEN,MB,-100.95,49.8333,445,472
4581,WASAGAMING,MB,-99.9419,50.655,627,524
4588,RIVERS PETTAPIECE,MB,-100.179,50.1082,488,491
4590,ROSSBURN 4 NORTH,MB,-100.817,50.75,610,545
4592,ALTONA,MB,-97.55,49.1,248,548
4600,CARMAN,MB,-98.15,49.4333,282,527
4609,DEERWOOD,MB,-98.3167,49.4,338,572
4615,ELM CREEK,MB,-98.0167,49.7167,252,544
4616,EMERSON,MB,-97.1833,49.0333,238,570
4619,FANNYSTELLE,MB,-97.8667,49.8,244,506
4623,GLENLEA,MB,-97.1167,49.65,234,540
4627,GREEN RIDGE,MB,-96.9833,49.1667,252,539
4629,GROSSE ISLE,MB,-97.4333,50.05,245,490
4632,HOLLAND,MB,-98.875,49.6061,375,521
4635,KILLARNEY,MB,-99.65,49.1833,496,503
4644,MARQUETTE,MB,-97.8071,50.0134,244,543
4647,MIAMI ORCHARD,MB,-98.2833,49.3667,330,541
4648,MIAMI THIESSEN,MB,-98.25,49.45,297,564
4651,MORDEN CDA,MB,-98.0833,49.1833,298,540
4656,MORRIS 2,MB,-97.4833,49.4333,238,544
4657,MYRTLE,MB,-97.7833,49.4,248,548
4658,MYRTLE 2,MB,-97.7667,49.3333,252,588
4663,NIVERVILLE,MB,-97.05,49.6,237,488
4664,OAKBANK,MB,-96.85,49.9333,246,641
4666,PEACE GARDENS,MB,-100.05,49,693,602
4674,PILOT MOUND (AUT),MB,-98.9049,49.191,470,501
4677,PINEY,MB,-96.0058,49.0309,326,611
4678,PLUM COULEE,MB,-97.8,49.05,265,536
4679,RATHWELL,MB,-98.55,49.6833,324,517
4690,ST CLAUDE,MB,-98.3667,49.65,311,547
4694,ST LABRE,MB,-96.035,49.3525,352,678
4700,SELKIRK,MB,-96.8681,50.1672,226,487
4702,SPERLING,MB,-97.7,49.5,243,526
4704,SPRAGUE,MB,-95.6,49.0167,329,612
4705,STARBUCK,MB,-97.6167,49.7333,238,558
4706,STEINBACH,MB,-96.7667,49.5333,254,551
4707,STONEWALL,MB,-97.3333,50.1167,252,535
4709,STONY MOUNTAIN,MB,-97.1667,50.1167,236,534
4715,TURTLE MOUNTAIN 11,MB,-100.117,49.1333,579,527
4763,ARBORG,MB,-97.0833,50.9333,224,514
4766,BEAUSEJOUR 2,MB,-96.4667,50.0333,251,562
4772,BISSETT,MB,-95.7,51.0333,259,558
4781,FISHER BRANCH,MB,-97.55,51.1,247,532
4782,FISHER BRANCH SOUTH,MB,-97.5283,51.0528,259,503
4796,GRAND RAPIDS HYDRO,MB,-99.2833,53.1581,223,508
4797,GREAT FALLS,MB,-96,50.4667,249,461
4802,HODGSON 2,MB,-97.4651,51.1861,232,587
4804,INDIAN BAY,MB,-95.1972,49.6239,327,627
4810,NARCISSE,MB,-97.65,50.6667,271,505
4814,PINAWA WNRE,MB,-96.0583,50.1806,267,599
4815,PINE DOCK,MB,-96.8,51.6333,220,626
4816,PINE FALLS,MB,-96.2167,50.5667,231,524
4827,OSTENFELD,MB,-96.4833,49.8167,274,619
4830,ALONSA,MB,-99.05,50.8333,274,573
4832,ASHERN,MB,-98.3667,51.1333,263,485
4838,BEAVER,MB,-98.7,50.05,268,553
4843,DAUPHIN A,MB,-100.05,51.1,305,492
4848,DELTA MARSH CS,MB,-98.3822,50.1826,248,526
4859,GILBERT PLAINS,MB,-100.467,51.1,404,522
4862,COWAN,MB,-100.65,52.0333,366,635
4870,GRASS RIVER,MB,-98.9667,50.5167,270,494
4882,LANGRUTH,MB,-98.55,50.4,250,547
4885,LUNDAR,MB,-97.9333,50.75,267,471
4888,MACDONALD,MB,-98.5,50.1667,250,507
4892,MAFEKING,MB,-101.098,52.6664,325,662
4905,NEEPAWA WATER,MB,-99.4667,50.2167,358,509
4909,OCHRE RIVER,MB,-99.7833,51.0667,280,538
4919,ST AMBROISE,MB,-98.0333,50.2333,252,496
4921,STE ROSE,MB,-99.3833,51.0333,274,489
4924,SWAN RIVER,MB,-101.217,52.05,347,512
4925,SWAN RIVER 2,MB,-101.183,51.9833,412,537
4927,VOGAR,MB,-98.75,50.9167,250,506
4928,MCCREARY,MB,-99.53,50.7119,351,553
4938,FLIN FLON,MB,-101.883,54.7667,320,481
4939,FLIN FLON A,MB,-101.683,54.6833,304,485
4945,PASQUIA PROJECT,MB,-101.533,53.7167,262,420
4947,THE PAS A,MB,-101.1,53.9667,270,461
4954,BROCHET A,MB,-101.681,57.8862,346,468
4957,CHURCHILL A,MB,-94.0664,58.7392,29,432
4966,CROSS LAKE JENPEG,MB,-98.0303,54.5397,219,446
4970,GILLAM A,MB,-94.7106,56.3575,145,498
4976,ISLAND LAKE A,MB,-94.65,53.85,236,560
4988,LYNN LAKE A,MB,-101.076,56.8639,357,489
5018,THOMPSON A,MB,-97.8625,55.8033,224,526
5029,NORWAY HOUSE A,MB,-97.85,53.95,224,519
5030,NORWAY HOUSE FORESTRY,MB,-97.8,54,217,465
5034,BIG TROUT LAKE,ON,-89.8667,53.8333,224,598
5039,EAR FALLS,ON,-93.2167,50.6333,361,678
5044,LANSDOWNE HOUSE,ON,-87.8833,52.2333,255,682
5052,PICKLE LAKE (AUT),ON,-90.2178,51.4492,391,685
5060,RED LAKE A,ON,-93.7931,51.0669,386,673
5072,BARWICK,ON,-93.9667,48.6333,335,690
5080,FORT FRANCES,ON,-93.4167,48.6167,343,720
5081,FORT FRANCES A,ON,-93.4333,48.65,342,734
5085,MINE CENTRE,ON,-92.6167,48.7667,343,756
5090,SLEEMAN,ON,-94.4167,48.7167,335,681
5098,DRYDEN,ON,-92.8333,49.7833,372,709
5099,DRYDEN A,ON,-92.75,49.8333,413,715
5110,KENORA A,ON,-94.3653,49.7903,410,688
5117,RAWSON LAKE,ON,-93.7167,49.65,358,720
5123,SIOUX LOOKOUT A,ON,-91.9,50.1167,383,753
5138,ARMSTRONG (AUT),ON,-88.9053,50.2936,323,735
5147,CAMERON FALLS,ON,-88.35,49.15,229,829
5157,GERALDTON A,ON,-86.9306,49.7828,348,762
5163,FLINT,ON,-89.6833,48.35,274,762
5182,MANITOUWADGE,ON,-85.8,49.15,332,865
5224,THUNDER BAY A,ON,-89.3272,48.3694,199,701
5239,WHITEFISH LAKE,ON,-89.9167,48.2833,399,835
5243,THUNDER BAY WPCP,ON,-89.2333,48.4,184,714
5263,HORNEPAYNE,ON,-84.8,49.2333,329,697
5281,SAULT STE MARIE 2,ON,-84.3333,46.5333,212,1000
5283,SAULT STE MARIE A,ON,-84.5094,46.4833,192,897
5296,WAWA A,ON,-84.7833,47.9667,287,974
5300,BISCOTASING,ON,-82.1,47.3,407,811
5304,CHAPLEAU A,ON,-83.3467,47.82,448,814
5308,CONISTON STP,ON,-80.85,46.4833,268,827
5316,MASSEY,ON,-82.0247,46.1931,200,913
5320,MONETVILLE,ON,-80.307,46.1425,221,962
5329,SUDBURY A,ON,-80.7978,46.6256,348,886
5333,TURBINE,ON,-81.5667,46.3833,206,838
5340,COCHRANE,ON,-81.0333,49.0667,275,910
5346,EARLTON A,ON,-79.85,47.7,243,805
5348,ENGLEHART,ON,-79.9,47.8167,252,866
5356,IROQUOIS FALLS,ON,-80.6667,48.75,259,785
5357,ISLAND FALLS,ON,-81.3833,49.5833,213,788
5358,KAPUSKASING CDA,ON,-82.4333,49.4,218,837
5359,KAPUSKASING A,ON,-82.4675,49.4139,227,850
5364,KIRKLAND LAKE,ON,-80,48.15,324,871
5370,MATTICE TCPL,ON,-83.1667,49.6,233,840
5375,MOOSONEE UA,ON,-80.65,51.2667,10,711
5386,PORCUPINE ONT HYDRO,ON,-81.2667,48.4667,299,859
5390,SMOKY FALLS,ON,-82.1667,50.0667,183,813
5393,TIMMINS VICTOR POWER A,ON,-81.3767,48.5697,295,853
5406,CRYSTAL FALLS,ON,-79.8667,46.45,227,909
5408,DWIGHT,ON,-78.9,45.3833,404,1182
5409,FRENCH R CHAUDIERE DAM,ON,-80.0167,46.1333,198,934
5413,MADAWASKA,ON,-77.9833,45.5,316,833
5418,NORTH BAY A,ON,-79.4228,46.3636,370,1004
5431,GORE BAY A,ON,-82.5667,45.8833,194,825
5440,SOUTH BAYMOUTH,ON,-82.0167,45.5833,182,850
5449,ARNPRIOR GRANDON,ON,-76.3667,45.4167,107,785
5453,AVONMORE,ON,-74.9708,45.17,91,993
5461,BROCKVILLE PCC,ON,-75.6667,44.6,96,992
5467,CATARAQUI TS,ON,-76.6167,44.3667,145,958
5468,CHALK RIVER AECL,ON,-77.3667,46.05,122,850
5469,CHATS FALLS,ON,-76.2333,45.4667,94,776
5470,CHENAUX,ON,-76.6833,45.5833,84,823
5474,CLAYBANK,ON,-76.4,45.4167,107,796
5477,COMBERMERE,ON,-77.6167,45.3667,287,848
5480,CORNWALL,ON,-74.7489,45.0156,64,985
5484,CORNWALL ONT HYDRO,ON,-74.8,45.0333,76,960
5490,DALHOUSIE MILLS,ON,-74.4667,45.3167,69,1052
5504,GLENBURNIE,ON,-76.5,44.3333,114,1025
5505,GLEN GORDON,ON,-74.5333,45.1667,53,950
5511,DRUMMOND CENTRE,ON,-76.2528,45.0322,145,904
5515,HARTINGTON IHD,ON,-76.6903,44.4281,160,965
5519,KEMPTVILLE,ON,-75.6333,45,99,922
5524,KINGSTON A,ON,-76.5967,44.2186,92,962
5531,KINGSTON PUMPING STATION,ON,-76.4806,44.2439,77,924
5539,LYNDHURST SHAWMERE,ON,-76.0833,44.5167,87,974
5553,MORRISBURG,ON,-75.1883,44.9236,82,980
5570,OTTAWA CDA,ON,-75.7167,45.3833,79,892
5595,PETAWAWA A,ON,-77.3167,45.95,130,792
5596,PETAWAWA NAT FORESTRY,ON,-77.4333,45.9833,183,836
5599,PURDY,ON,-77.7167,45.3167,491,851
5601,RENFREW,ON,-76.7,45.4833,130,810
5619,RUSSELL,ON,-75.3595,45.2628,76,945
5620,ST. ALBERT,ON,-75.0636,45.2872,80,1072
5628,SOUTH MOUNTAIN,ON,-75.4833,44.9667,85,913
5646,ALLISTON NELSON,ON,-79.8722,44.1514,221,838
5657,BARRIE WPCC,ON,-79.6897,44.3758,221,945
5659,BEATRICE 2,ON,-79.4,45.1333,297,1207
5681,CHATSWORTH,ON,-80.9056,44.395,305,1150
5684,COLDWATER WARMINSTER,ON,-79.5389,44.6311,285,1037
5690,COOKSTOWN,ON,-79.6947,44.2067,244,827
5694,DUNCHURCH,ON,-79.8833,45.6167,268,1136
5695,DURHAM,ON,-80.8167,44.1833,384,1069
5698,ESSA ONT HYDRO,ON,-79.8167,44.35,216,867
5705,HANOVER,ON,-81.0058,44.1164,270,1060
5714,HUNTSVILLE WPCP,ON,-79.1667,45.35,321,1008
5729,MIDHURST,ON,-79.7667,44.45,226,899
5730,MIDLAND WATER POLLUTION CONTROL PLANT,ON,-79.8753,44.7578,180,1015
5735,MUSKOKA A,ON,-79.3,44.9667,282,1056
5743,ORILLIA TS,ON,-79.4167,44.6167,220,1014
5747,OWEN SOUND MOE,ON,-80.9333,44.5833,179,1092
5759,POWASSAN,ON,-79.25,46.1167,274,954
5761,PRICEVILLE,ON,-80.6378,44.2036,472,1045
5762,PROTON STATION,ON,-80.5167,44.1667,480,1088
5773,SHANTY BAY,ON,-79.6328,44.3995,250,973
5793,UDORA,ON,-79.1614,44.2625,262,880
5808,WIARTON A,ON,-81.1072,44.7458,222,1030
5820,THORNBURY SLAMA,ON,-80.4853,44.5736,213,955
5828,BLYTH,ON,-81.3836,43.7183,351,1177
5829,BRUCEFIELD,ON,-81.55,43.55,259,1000
5841,COURTRIGHT,ON,-82.4517,42.7639,186,859
5845,EXETER,ON,-81.5,43.35,262,984
5863,LUCKNOW,ON,-81.5,43.95,290,1107
5870,PAISLEY,ON,-81.3667,44.2667,244,1161
5873,PETROLIA TOWN,ON,-82.1667,42.8833,201,920
5880,SARNIA AIRPORT,ON,-82.3047,42.9922,181,843
5897,WROXETER,ON,-81.1522,43.8633,335,994
5900,THEDFORD,ON,-81.8558,43.1756,200,973
5901,AMHERSTBURG,ON,-83.0945,42.1034,182,938
5917,CHATHAM WPCP,ON,-82.2153,42.39,180,870
5921,DELHI CDA,ON,-80.55,42.8667,232,964
5923,DRESDEN,ON,-82.1833,42.5833,183,828
5926,DUNNVILLE PUMPING STN,ON,-79.6167,42.8333,175,899
5934,FORT ERIE,ON,-78.9667,42.8833,180,1030
5942,HAGERSVILLE,ON,-80.0667,42.9667,221,908
5944,HARROW CDA,ON,-82.9,42.0333,191,901
5948,KINGSVILLE MOE,ON,-82.6739,42.0431,200,862
5958,NEW GLASGOW,ON,-81.6361,42.5145,198,908
5959,NIAGARA FALLS,ON,-79.0833,43.1333,183,949
5977,PORT COLBORNE,ON,-79.25,42.8833,175,979
5980,PORT DALHOUSIE,ON,-79.2667,43.1833,91,892
5983,PORT STANLEY,ON,-81.2167,42.6667,183,976
5992,RIDGEVILLE,ON,-79.325,43.0417,236,849
5996,ST CATHARINES A,ON,-79.1667,43.2,98,874
6000,ST CATHARINES POWER GLEN,ON,-79.25,43.1167,122,850
6003,ST THOMAS WPCP,ON,-81.205,42.7683,209,982
6004,ST WILLIAMS,ON,-80.45,42.7,213,1015
6018,TILLSONBURG WWTP,ON,-80.7217,42.8553,213,981
6022,VINELAND RITTENHOUSE,ON,-79.4167,43.1667,95,869
6023,VINELAND STATION,ON,-79.4,43.1833,79,838
6027,WALLACEBURG,ON,-82.4,42.5833,177,828
6032,WATERFORD,ON,-80.2333,42.8833,223,939
6033,WELLAND,ON,-79.2611,42.9925,175,974
6038,WINDSOR A,ON,-82.9556,42.2756,190,927
6063,BRANTFORD MOE,ON,-80.2333,43.1333,196,843
6068,CAMBRIDGE GALT MOE,ON,-80.3167,43.3333,268,889
6069,CAMBRIDGE-STEWART,ON,-80.3,43.35,289,983
6074,CULLODEN EASEY,ON,-80.8467,42.8895,280,1042
6077,DORCHESTER,ON,-81.0328,43.002,271,1090
6087,FERGUS SHAND DAM,ON,-80.3303,43.7347,418,950
6088,FERGUS MOE,ON,-80.3789,43.7017,396,913
6089,FOLDENS,ON,-80.7808,43.0184,328,953
6092,GLEN ALLAN,ON,-80.7103,43.6839,400,983
6108,ILDERTON BEAR CREEK,ON,-81.4333,43.05,267,1009
6124,LONDON SHARON DRIVE,ON,-81.2833,43.0333,274,1008
6132,MONTICELLO,ON,-80.4,43.9667,482,975
6145,PRESTON,ON,-80.4167,43.4,291,939
6151,ROSEVILLE,ON,-80.4736,43.3536,328,924
6156,SCOTLAND,ON,-80.4278,43.0008,247,970
6159,STRATFORD WWTP,ON,-81.0047,43.3689,345,1044
6161,STRATHROY,ON,-81.65,42.95,229,949
6168,WATERLOO WPCP,ON,-80.5167,43.4833,328,927
6169,WATERLOO WELLINGTON A,ON,-80.3833,43.45,317,904
6172,WESTMINSTER TWP WPCP,ON,-81.2167,42.9167,259,953
6173,WOODSTOCK,ON,-80.7706,43.1361,282,941
6182,ALBION,ON,-79.8333,43.9333,274,828
6183,ALBION FIELD CENTRE,ON,-79.8333,43.9167,282,790
6192,BELLEVILLE,ON,-77.3947,44.1506,76,881
6196,BLOOMFIELD,ON,-77.2167,43.9833,91,982
6200,BOWMANVILLE MOSTERT,ON,-78.6667,43.9167,99,846
6216,BURKETON MCLAUGHLIN,ON,-78.8,44.0333,312,906
6222,BURLINGTON TS,ON,-79.8333,43.3333,99,857
6230,CAMPBELLFORD,ON,-77.8,44.3,146,834
6236,CENTREVILLE,ON,-76.9078,44.4034,150,968
6239,CLAREMONT,ON,-79.0667,43.95,175,847
6244,COBOURG STP,ON,-78.1833,43.9667,79,870
6248,COLD CREEK,ON,-79.7,43.9167,251,783
6252,CRESSY,ON,-76.85,44.1,84,940
6257,FRANKFORD MOE,ON,-77.6,44.2333,114,853
6258,FRENCHMANS BAY,ON,-79.0833,43.8167,76,849
6262,GEORGETOWN WWTP,ON,-79.8792,43.64,221,847
6263,GLEN HAFFY MONO MILLS,ON,-79.95,43.9333,434,907
6273,HAMILTON A,ON,-79.9342,43.1717,238,895
6276,HAMILTON MUNICIPAL LAB,ON,-79.7667,43.25,76,853
6277,HAMILTON PSYCH HOSPITAL,ON,-79.9,43.2333,198,904
6278,HAMILTON RBG,ON,-79.8833,43.2833,102,871
6284,HEART LAKE,ON,-79.7833,43.7333,259,802
6298,KING SMOKE TREE,ON,-79.5167,44.0167,352,852
6300,LAKEVIEW MOE,ON,-79.5667,43.5667,76,764
6320,MILLGROVE,ON,-79.9667,43.3167,255,937
6336,ORANGEVILLE MOE,ON,-80.0864,43.9184,412,899
6338,ORONO,ON,-78.6167,43.9667,148,838
6344,OSHAWA WPCP,ON,-78.8333,43.8667,84,863
6395,PICTON,ON,-77.1333,44.0167,76,929
6397,PINE GROVE,ON,-79.5833,43.8,183,798
6403,PORT HOPE,ON,-78.2833,43.95,81,812
6407,RICHMOND HILL,ON,-79.4478,43.8772,240,874
6413,SANDHILL,ON,-79.8081,43.8081,270,890
6416,SHARON,ON,-79.4333,44.1,262,781
6435,THORNHILL GRANDVIEW,ON,-79.4167,43.8,199,844
6436,TORONTO,ON,-79.4,43.6667,113,817
6441,TORONTO ASHBRIDGES BAY,ON,-79.3167,43.6667,74,794
6466,TORONTO ELLESMERE,ON,-79.2667,43.7667,164,776
6479,TORONTO ISLAND A,ON,-79.395,43.6286,77,758
6520,TRENTON A,ON,-77.5333,44.1167,86,886
6522,TRENTON ONT HYDRO,ON,-77.6,44.1333,88,877
6528,TYRONE,ON,-78.7333,44.0167,206,939
6542,WOODBRIDGE,ON,-79.6,43.7833,164,779
6548,MOUNTAINVIEW,ON,-77.3017,44.052,108,956
6551,TORONTO BUTTONVILLE A,ON,-79.37,43.8622,198,865
6555,OAKVILLE SOUTHEAST WPCP,ON,-79.6333,43.4833,87,802
6575,HALIBURTON A,ON,-78.5833,45,320,987
6577,HALIBURTON 3,ON,-78.5311,45.0322,330,1091
6585,LINDSAY FROST,ON,-78.7403,44.3384,262,895
6588,MINDEN,ON,-78.7167,44.9333,274,1039
6596,PETERBOROUGH A,ON,-78.3667,44.2333,191,836
6599,PETERBOROUGH DOBBIN TS,ON,-78.4,44.3167,244,885
6601,PETERBOROUGH STP,ON,-78.3167,44.2833,192,839
6603,PETERBOROUGH TRENT U,ON,-78.3,44.3667,198,849
6622,BERTHIERVILLE,QC,-73.1833,46.05,12,1000
6627,CHARLESBOURG PARC ORLEAN,QC,-71.2667,46.8667,114,1336
6631,COTEAU DU LAC,QC,-74.1667,45.3167,49,972
6634,DESCHAMBAULT,QC,-71.9167,46.6667,15,1138
6638,DONNACONA 2,QC,-71.7333,46.6833,46,1113
6641,HEROUXVILLE,QC,-72.6,46.6667,145,1047
6646,JOLIETTE VILLE,QC,-73.4333,46.0167,56,1017
6654,LES CEDRES,QC,-74.05,45.3,47,949
6658,LOUISEVILLE,QC,-73.0167,46.2667,45,987
6659,MASCOUCHE,QC,-73.6,45.75,15,990
6663,OKA,QC,-74.0667,45.5,91,1062
6667,QUEBEC/JEAN LESAGE INTL A,QC,-71.3833,46.8,74,1203
6669,RIGAUD,QC,-74.3667,45.5,46,977
6673,RIVIERE VERTE OUEST,QC,-71.8333,46.9833,213,1448
6674,ST ALBAN,QC,-72.0833,46.7167,76,1107
6675,ST ALEXIS DES MONTS,QC,-73.15,46.5333,183,1061
6676,STE ANNE DE LA PERADE,QC,-72.2333,46.5833,16,1119
6678,STE BEATRIX,QC,-73.6,46.2,198,1086
6680,STE CATHERINE,QC,-71.6167,46.85,152,1270
6681,ST CHARLES DE MANDEVILLE,QC,-73.35,46.35,168,1022
6683,STE CHRISTINE,QC,-71.9167,46.8167,152,1219
6685,ST COME,QC,-73.75,46.2833,244,1079
6686,ST DONAT,QC,-74.2,46.3167,389,1114
6691,ST JACQUES,QC,-73.5833,45.95,69,995
6692,ST JANVIER,QC,-73.8833,45.7333,61,1017
6699,ST NARCISSE,QC,-72.4333,46.5333,46,1049
6703,STE THERESE OUEST,QC,-73.8833,45.65,61,1060
6709,SHAWINIGAN,QC,-72.75,46.5667,122,999
6726,TROIS RIVIERES AQUEDUC,QC,-72.6167,46.3833,55,1110
6729,LAC AUX SABLES,QC,-72.4,46.8667,160,1116
6737,ARTHABASKA,QC,-71.95,46.0167,140,1158
6744,BEAUSEJOUR,QC,-71.1667,46.6667,107,1247
6745,BECANCOUR,QC,-72.4333,46.3333,15,1044
6747,BISHOPTON,QC,-71.5667,45.5833,213,1036
6750,BONSECOURS,QC,-72.2667,45.4,297,1208
6753,BROME,QC,-72.5667,45.1833,206,1288
6755,BROMPTONVILLE,QC,-71.95,45.4833,130,1109
6762,CHARTIERVILLE,QC,-71.2,45.2833,518,1185
6765,COATICOOK,QC,-71.8,45.15,259,1125
6772,DISRAELI,QC,-71.3167,45.9167,350,1189
6774,DRUMMONDVILLE,QC,-72.4833,45.8833,82,1077
6784,FARNHAM,QC,-72.9,45.3,68,1116
6786,FLEURY,QC,-73,45.8,31,1086
6787,FORTIERVILLE,QC,-72.05,46.4833,53,1106
6792,GARTHBY,QC,-71.3833,45.8333,251,1148
6794,GEORGEVILLE,QC,-72.2333,45.1333,267,1230
6795,GRANBY,QC,-72.7167,45.3833,175,1205
6800,HEMMINGFORD FOUR WINDS,QC,-73.7167,45.0667,61,927
6802,HUNTINGDON,QC,-74.1667,45.05,49,1016
6804,IBERVILLE,QC,-73.25,45.3333,31,1046
6814,LAC MEGANTIC 2,QC,-70.8667,45.6,426,1049
6817,LAMBTON,QC,-71.0833,45.8333,366,1128
6819,LAPRAIRIE,QC,-73.4333,45.3833,30,914
6822,LAURIERVILLE,QC,-71.6667,46.3333,152,1148
6823,LAUZON,QC,-71.1,46.8167,69,1181
6826,LENNOXVILLE,QC,-71.8236,45.3689,181,1026
6827,LINGWICK,QC,-71.3667,45.6333,267,1194
6829,MAGOG,QC,-72.1167,45.2667,274,1133
6833,MARIEVILLE,QC,-73.1333,45.4,38,1069
6839,MILAN,QC,-71.1167,45.5833,482,1304
6845,MONTREAL/PIERRE ELLIOTT TRUDEAU INTL A,QC,-73.75,45.4667,36,985
6848,MONTREAL JAR BOT,QC,-73.55,45.5667,46,1031
6852,MONTREAL MCGILL,QC,-73.5833,45.5,57,1024
6856,NICOLET,QC,-72.6167,46.2,30,933
6859,NOTRE DAME DES BOIS,QC,-71.0833,45.4,503,1338
6860,ORMSTOWN,QC,-74.05,45.1167,46,958
6861,PHILIPSBURG,QC,-73.0833,45.0333,53,1065
6863,PIERREVILLE,QC,-72.8333,46.0833,15,987
6869,RICHMOND,QC,-72.1333,45.6333,123,1166
6870,RIVIERE DES PRAIRIES,QC,-73.5,45.7,9,983
6875,SABREVOIS,QC,-73.2,45.2167,38,1022
6879,ST AMABLE,QC,-73.3,45.6667,41,999
6880,ST ANICET,QC,-74.35,45.1333,53,985
6883,ST BENOIT LABRE,QC,-70.8,46.05,305,1139
6884,ST BERNARD DE LACOLLE,QC,-73.3833,45.0833,49,980
6889,STE CLOTHILDE CDA,QC,-73.6833,45.1667,56,981
6892,ST COME DE LINIERE,QC,-70.5167,46.05,244,1016
6898,ST EPHREM,QC,-70.9667,46.0667,312,1087
6899,ST FERDINAND,QC,-71.5833,46.1,297,1204
6900,ST FLAVIEN,QC,-71.5667,46.4833,137,1126
6904,ST GEDEON,QC,-70.6167,45.8667,282,968
6905,STE GENEVIEVE,QC,-73.85,45.5,23,963
6906,ST GEORGES,QC,-70.7,46.15,168,1002
6907,ST GUILLAUME,QC,-72.7667,45.8833,44,1013
6911,MONTREAL/ST-HUBERT A,QC,-73.4167,45.5167,27,1020
6915,ST HYACINTHE 2,QC,-72.9167,45.5667,33,1050
6925,ST LUDGER,QC,-70.6833,45.75,335,1047
6926,STE MADELEINE,QC,-73.1333,45.6167,30,1043
6927,ST MALO D AUCKLAND,QC,-71.5,45.2,564,1255
6928,STE MARTINE,QC,-73.85,45.2167,38,970
6931,ST NAZAIRE,QC,-72.6167,45.7333,69,1104
6932,ST ODILON,QC,-70.65,46.35,358,1168
6934,ST PIERRE DE BROUGHTON,QC,-71.2167,46.25,366,1212
6935,ST PROSPER,QC,-70.5,46.2167,282,1093
6936,ST REMI,QC,-73.6,45.2833,53,1000
6940,ST SEBASTIEN,QC,-70.95,45.7667,442,1209
6942,ST SEVERIN,QC,-71.05,46.3333,442,1239
6945,ST THEOPHILE,QC,-70.4833,45.9333,395,963
6948,ST WENCESLAS,QC,-72.3333,46.1667,84,980
6949,ST ZACHARIE,QC,-70.3833,46.1167,480,1207
6952,SAWYERVILLE NORD,QC,-71.5333,45.3667,346,1152
6953,SCOTT,QC,-71.0833,46.5,145,1112
6957,SHERBROOKE A,QC,-71.6833,45.4333,241,1106
6960,SOREL,QC,-73.1167,46.0333,15,1013
6964,STANSTEAD,QC,-72.1,45.0167,320,1124
6966,SUTTON,QC,-72.6833,45.0667,244,1329
6970,THETFORD MINES,QC,-71.35,46.1,381,1283
6974,VALLEE JONCTION,QC,-70.9333,46.3833,152,1053
6975,VALLEYFIELD,QC,-74.1,45.2833,46,944
6978,VERCHERES,QC,-73.3667,45.7667,21,982
6984,WEST DITTON,QC,-71.3,45.4,512,1291
6988,DAVELUYVILLE,QC,-72.2,46.1833,84,1031
6993,ST CAMILLE WOLFE,QC,-71.7333,45.6667,268,1166
6997,ANGERS,QC,-75.55,45.55,91,982
6998,ARUNDEL,QC,-74.6167,45.95,191,1076
7003,BELL FALLS,QC,-74.6833,45.7667,122,1030
7009,CHELSEA,QC,-75.7833,45.5167,113,987
7010,CHENEVILLE,QC,-75.0833,45.9,223,1059
7019,HARRINGTON FOREST FARM,QC,-74.6333,45.85,183,1093
7023,LACHUTE,QC,-74.3333,45.65,91,1128
7028,LA MACAZA,QC,-74.7667,46.3667,244,1029
7033,LUSKVILLE,QC,-76.05,45.5333,69,935
7035,MANIWAKI UA,QC,-76.0061,46.3018,189,910
7041,MONTEBELLO (SEDBERGH),QC,-74.9333,45.7,197,1161
7044,MONT LAURIER,QC,-75.55,46.5667,244,991
7046,NOMININGUE,QC,-75.0833,46.4,274,1061
7048,NOTRE DAME DU LAUS,QC,-75.6333,46.1167,213,972
7049,OTTER LAKE,QC,-76.4333,45.85,213,1032
7050,PERKINS,QC,-75.6167,45.6,152,987
7051,POINTE AU CHENE,QC,-74.8,45.65,51,959
7053,STE AGATHE DES MONTS,QC,-74.2833,46.05,395,1161
7056,STE ANNE DU LAC,QC,-75.3333,46.85,262,1058
7059,ST HIPPOLYTE,QC,-74,45.9833,366,1152
7060,ST JEROME,QC,-74.05,45.8,170,1036
7062,SHAWVILLE,QC,-76.4667,45.6167,168,868
7064,SHEENBORO,QC,-77.25,45.9667,137,848
7068,WAKEFIELD,QC,-75.9,45.6,152,997
7069,WALTHAM,QC,-76.9167,45.9167,113,913
7071,WRIGHT,QC,-76.05,46.0667,142,952
7075,BAIE-COMEAU A,QC,-68.2,49.1333,22,994
7079,BAIE ST PAUL,QC,-70.5,47.4167,32,954
7085,LOURDES DE BLANC SABLON A,QC,-57.1833,51.45,37,1049
7090,BAIE JOHAN BEETZ,QC,-62.8,50.2833,8,985
7097,CHATEAU RICHER,QC,-71.0333,46.9667,15,1310
7106,FORESTVILLE,QC,-69.0833,48.7333,76,1091
7108,FORET MONTMORENCY,QC,-71.15,47.3167,640,1543
7113,GODBOUT,QC,-67.6167,49.3167,30,935
7114,GRANDES BERGERONNES,QC,-69.5167,48.25,61,1063
7123,LABRIEVILLE B1,QC,-69.55,49.3,152,869
7128,LA MALBAIE,QC,-70.15,47.6667,23,804
7149,NATASHQUAN A,QC,-61.8167,50.1833,11,1105
7155,PETIT SAGUENAY,QC,-70.05,48.1833,122,993
7173,STE ROSE DU NORD,QC,-70.5333,48.4,205,1150
7174,ST SIMEON,QC,-69.8667,47.85,15,1009
7176,ST URBAIN,QC,-70.55,47.5667,91,941
7177,SEPT-ILES A,QC,-66.2667,50.2167,55,1138
7182,TADOUSSAC,QC,-69.7,48.15,70,984
7183,TETE A LA BALEINE,QC,-59.3167,50.7,9,1185
7190,ILE AUX COUDRES,QC,-70.3833,47.3833,15,942
7195,RIVIERE AU TONNERRE,QC,-64.7833,50.2833,15,1077
7198,ST HILARION,QC,-70.4,47.6,412,981
7208,AMQUI,QC,-67.45,48.5167,183,991
7230,CAP DES ROSIERS,QC,-64.2,48.85,15,1173
7232,CAPLAN,QC,-65.6833,48.1,23,979
7233,CAP MADELEINE,QC,-65.3167,49.2333,2,817
7237,CAUSAPSCAL,QC,-67.2333,48.3667,168,1029
7248,GASPE A,QC,-64.4781,48.7769,34,1147
7251,GRANDE VALLEE,QC,-65.15,49.2,8,944
7257,HONFLEUR,QC,-70.85,46.6833,175,1131
7261,LAC HUMQUI,QC,-67.5667,48.2833,236,1176
7262,LAMARTINE,QC,-70.35,47.0333,63,996
7264,LA POCATIERE CDA,QC,-70.0333,47.35,31,931
7273,MONT-JOLI A,QC,-68.2167,48.6,52,927
7277,MONT LOUIS,QC,-65.7333,49.2333,15,884
7278,MONTMAGNY,QC,-70.5833,46.9667,15,1108
7279,MURDOCHVILLE,QC,-65.5167,48.95,575,1089
7284,NOTRE DAME DU LAC,QC,-68.8,47.6,320,1009
7286,NOUVELLE,QC,-66.3,48.1,7,950
7287,OUIMET,QC,-68.2,48.3167,305,1156
7296,PORT DANIEL,QC,-64.9833,48.15,69,1257
7301,RIMOUSKI,QC,-68.5167,48.45,36,919
7303,RIVIERE BLEUE,QC,-69.0333,47.4333,213,959
7308,ST ALEXIS DE MATAPEDIA,QC,-67.0667,47.9833,274,1031
7309,STE ANNE DES MONTS,QC,-66.4667,49.1333,15,844
7311,ST ARSENE,QC,-69.3833,47.95,76,927
7312,ST BRUNO KAMOURASKA,QC,-69.7833,47.45,198,1002
7313,ST CAMILLE,QC,-70.2167,46.4833,396,1199
7314,ST CHARLES GARNIER,QC,-68.05,48.3333,323,1007
7315,ST CLEMENT,QC,-69.1,47.9167,259,1038
7319,ST ELEUTHERE,QC,-69.2833,47.4833,290,1102
7320,ST ELZEAR DE BONAVENTURE,QC,-65.35,48.1833,229,1163
7322,STE GERMAINE,QC,-70.4667,46.4167,511,1183
7323,ST GUY,QC,-68.8167,48.05,320,1232
7325,ST JEAN DE CHERBOURG,QC,-67.1167,48.8833,351,1088
7326,STE LUCIE,QC,-70.0167,46.7333,373,1172
7327,ST MALACHIE,QC,-70.8167,46.55,221,1070
7329,SAINT MICHEL,QC,-70.8833,46.8667,69,1137
7331,ST PAMPHILE,QC,-69.7833,46.9667,388,1007
7333,STE PERPETUE,QC,-69.9333,47.05,411,1163
7337,STE ROSE DU DEGELIS,QC,-68.6333,47.5667,151,986
7339,SQUATECK,QC,-68.7,47.8833,198,1053
7340,TRINITE DES MONTS,QC,-68.4833,48.1333,262,1058
7341,TROIS PISTOLES,QC,-69.1167,48.15,58,983
7343,VAL D ESPOIR,QC,-64.3833,48.5167,91,1329
7346,ILES DE LA MADELEINE A,QC,-61.7833,47.4167,11,1054
7355,ALBANEL,QC,-72.45,48.8833,152,854
7357,BAGOTVILLE A,QC,-71,48.3333,159,933
7361,BONNARD,QC,-71.05,50.7333,506,943
7381,HEMON,QC,-72.6,49.0667,183,948
7383,JONQUIERE,QC,-71.1425,48.425,136,944
7385,LAC BOUCHETTE,QC,-72.1667,48.2167,358,1014
7390,LAC STE CROIX,QC,-71.75,48.4167,152,952
7396,MISTASSINI,QC,-72.2,48.85,122,913
7398,MONT APICA,QC,-71.4167,47.9667,549,1349
7401,NORMANDIN CDA,QC,-72.5333,48.85,137,865
7405,PERIBONCA,QC,-72.0333,48.7667,103,853
7410,ROBERVAL A,QC,-72.2667,48.5167,179,906
7414,ST AMBROISE,QC,-71.3333,48.5667,122,1048
7415,ST COEUR DE MARIE,QC,-71.7167,48.6333,107,921
7418,ST LEON DE LABRECQUE,QC,-71.5167,48.6667,131,1081
7419,ST PRIME,QC,-72.4167,48.6167,122,842
7420,SHIPSHAW,QC,-71.2167,48.45,23,917
7442,GRANDE ANSE,QC,-72.9333,47.1,119,941
7445,LA TUQUE,QC,-72.7833,47.4,152,933
7455,ST MICHEL DES SAINTS,QC,-73.9167,46.6833,351,948
7461,BARRAGE ANGLIERS,QC,-79.2358,47.5519,267,907
7462,BARRAGE TEMISCAMINGUE,QC,-79.1011,46.7097,181,915
7463,BELLETERRE,QC,-78.7,47.3833,322,995
7467,KIPAWA LANIEL,QC,-79.2667,47.05,280,916
7471,MANNEVILLE,QC,-78.4833,48.55,311,877
7473,MONT BRUN,QC,-78.7333,48.4167,305,1005
7478,RAPIDE DES JOACHIMS,QC,-77.7,46.2,137,880
7482,REMIGNY,QC,-79.2333,47.7167,290,915
7490,VILLE MARIE,QC,-79.4333,47.35,213,808
7492,LATULIPE,QC,-79.0167,47.4333,274,909
7496,AMOS,QC,-78.1333,48.5667,310,902
7504,CHAPAIS 2,QC,-74.85,49.7833,396,956
7530,LA GRANDE RIVIERE A,QC,-77.7,53.6333,195,699
7537,LA MORANDIERE,QC,-77.6167,48.6167,297,916
7538,LA SARRE,QC,-79.2167,48.7833,244,879
7569,TASCHEREAU,QC,-78.7,48.6667,310,876
7583,LAC BERRY,QC,-78.2833,48.8,305,875
7596,INUKJUAK UA,QC,-78.0833,58.4667,24,419
7601,KUUJJUARAPIK A,QC,-77.75,55.2833,12,638
7627,KUUJJUAQ A,QC,-68.4167,58.1,40,554
7638,SCHEFFERVILLE A,QC,-66.8167,54.8,522,790
7645,ACADIA FOREST EXP ST,NB,-66.3633,45.9903,54,1168
7647,ALMA,NB,-64.95,45.6,43,1473
7648,AROOSTOOK,NB,-67.7156,46.7122,80,1101
7655,BATHURST,NB,-65.65,47.6167,5,1020
7659,BEECHWOOD,NB,-67.6667,46.5333,91,1080
7663,BERTRAND,NB,-65.0667,47.75,23,1121
7666,BON ACCORD,NB,-67.5845,46.6508,450,1281
7669,BUCTOUCHE,NB,-64.7167,46.5167,11,1118
7681,CHARLO A,NB,-66.3333,47.9833,40,1034
7686,MIRAMICHI A,NB,-65.4678,47.0095,33,1087
7693,COLESON COVE,NB,-66.2,45.15,31,1174
7698,DOAKTOWN,NB,-66.1403,46.5525,57,1134
7707,FREDERICTON A,NB,-66.5279,45.8721,21,1094
7715,GAGETOWN 2,NB,-66.15,45.7833,34,1138
7719,GRAND FALLS DRUMMOND,NB,-67.7,47.0333,229,1103
7738,JUNIPER,NB,-67.1667,46.55,259,1139
7739,KEDGWICK,NB,-67.35,47.65,274,991
7749,LITTLE RIVER MINE,NB,-66.0667,47.2833,341,1095
7753,MACTAQUAC PROV PARK,NB,-66.8986,45.9544,110,1086
7756,MAPLETON,NB,-67.2333,46.1833,168,1121
7760,MCGRAW BROOK,NB,-66.1167,46.8167,53,1155
7763,MINTO,NB,-66.0333,46.0333,23,994
7764,MISCOU ISLAND (AUT),NB,-64.4942,48.0089,4,1011
7765,MONCTON,NB,-64.7903,46.1014,12,1129
7766,MONCTON A,NB,-64.6838,46.1053,71,1222
7769,MOUNT CARLETON,NB,-66.9333,47.4167,265,1090
7774,NEPISIGUIT FALLS,NB,-65.7833,47.4,106,1009
7779,OROMOCTO,NB,-66.4667,45.8333,46,1105
7781,PENNFIELD,NB,-66.7333,45.1,23,1366
7796,REXTON,NB,-64.8667,46.6667,5,1094
7802,ROYAL ROAD,NB,-66.7167,46.05,116,1197
7814,SAINT JOHN A,NB,-65.8856,45.3181,109,1357
7821,ST LEONARD A,NB,-67.8319,47.1578,242,1117
7834,SUSSEX,NB,-65.5333,45.7167,21,1141
7842,TURTLE CREEK,NB,-64.9,46,46,1107
7846,UPSALQUITCH LAKE,NB,-66.4153,47.4556,625,1082
7853,WOODSTOCK,NB,-67.5536,46.1703,153,1122
7867,ANNAPOLIS ROYAL,NS,-65.5167,44.75,8,1229
7874,AVON,NS,-64.2167,44.8833,24,1403
7880,BADDECK,NS,-60.75,46.1,8,1445
7885,BEAR RIVER,NS,-65.6333,44.5667,8,1345
7900,BRIDGEWATER,NS,-64.55,44.4,27,1504
7917,CHETICAMP,NS,-60.95,46.65,11,1372
7921,CLARENCE,NS,-65.1667,44.9167,52,1228
7926,COLLEGEVILLE,NS,-62.0167,45.4833,76,1288
7934,DEMING,NS,-61.1778,45.2164,16,1420
7942,ECUM SECUM,NS,-62.1833,44.9833,15,1511
7953,GREENWOOD A,NS,-64.9167,44.9833,28,1116
7957,HALIFAX CITADEL,NS,-63.5833,44.65,70,1473
7972,INGONISH BEACH,NS,-60.4,46.65,8,1678
7978,KEJIMKUJIK PARK,NS,-65.2,44.4333,127,1394
7980,KEMPTVILLE,NS,-65.7667,44.0833,76,1456
7982,KENTVILLE CDA,NS,-64.4833,45.0667,49,1205
7993,LIVERPOOL BIG FALLS,NS,-64.9333,44.1333,50,1475
7994,LIVERPOOL MILTON,NS,-64.7667,44.0833,29,1630
7998,LOUISBOURG,NS,-60,45.9,46,1604
8000,LOWER MEAGHERS GRANT,NS,-63.2333,44.9167,41,1421
8005,LYONS BROOK,NS,-62.7967,45.6583,29,1249
8014,MARGAREE FORKS,NS,-61.1,46.3333,23,1392
8025,MIDDLE MUSQUODOBOIT,NS,-63.1,45.0667,48,1364
8031,MOUNT UNIACKE,NS,-63.8333,44.9,159,1520
8032,NAPPAN CDA,NS,-64.25,45.7667,20,1146
8051,PARADISE,NS,-65.2333,44.8333,46,1237
8052,PARRSBORO,NS,-64.3333,45.4,24,1247
8059,PLEASANT BAY GRAND ANSE,NS,-60.7667,46.8167,29,1386
8060,POCKWOCK LAKE,NS,-63.8333,44.7667,165,1469
8065,PORT HASTINGS,NS,-61.4,45.6333,23,1432
8072,PUGWASH,NS,-63.6553,45.8433,5,999
8078,ROSEWAY,NS,-65.35,43.7833,15,1478
8080,SABLE ISLAND,NS,-60.0094,43.9322,5,1361
8088,SALMON HOLE,NS,-64.0333,44.9333,84,1337
8091,SANDY COVE NRC,NS,-63.5667,44.4667,10,1355
8095,SHEARWATER A,NS,-63.5,44.6333,44,1383
8108,SPRINGFIELD,NS,-64.85,44.6667,167,1433
8117,STILLWATER SHERBROOKE,NS,-61.9825,45.1433,14,1461
8119,SUMMERVILLE,NS,-64.1833,45.1167,38,1050
8122,SYDNEY A,NS,-60.0481,46.1667,62,1495
8133,TRURO,NS,-63.2667,45.3667,40,1175
8136,TUSKET,NS,-65.9833,43.8833,9,1356
8138,UPPER STEWIACKE,NS,-63,45.2167,23,1279
8140,WATERVILLE CAMBRIDGE,NS,-64.65,45.05,31,1195
8146,WESTERN HEAD,NS,-64.6642,43.99,10,1330
8148,WESTPHAL,NS,-63.5167,44.6833,68,1429
8150,WEYMOUTH FALLS,NS,-65.95,44.4,11,1277
8152,WHITE ROCK,NS,-64.3833,45.05,38,1254
8159,WRECK COVE BROOK,NS,-60.45,46.5333,76,2001
8164,YARMOUTH A,NS,-66.0886,43.8308,43,1276
8168,ALBERTON,PE,-64.0167,46.85,3,1060
8170,ALLISTON,PE,-62.6,46.0667,61,1206
8173,BANGOR,PE,-62.6833,46.35,37,1250
8177,CHARLOTTETOWN A,PE,-63.1286,46.2886,49,1174
8179,CHARLOTTETOWN CDA,PE,-63.1333,46.25,23,1135
8183,EAST BALTIC,PE,-62.1667,46.4333,61,1226
8193,MONTICELLO,PE,-62.4667,46.4667,32,1131
8196,NEW GLASGOW,PE,-63.3503,46.4089,6,1253
8198,LONG RIVER,PE,-63.55,46.5,18,1027
8208,STANHOPE,PE,-63.0831,46.4164,3,1021
8212,SUMMERSIDE A,PE,-63.8317,46.4389,20,1058
8217,WELLINGTON,PE,-64.05,46.4667,50,1111
8229,BAIE VERTE,NL,-56.1833,49.9833,110,1086
8237,BONAVISTA,NL,-53.1142,48.6672,26,1060
8242,BUCHANS,NL,-56.8667,48.8167,270,1188
8247,BURGEO,NL,-57.6167,47.6167,11,1729
8251,BURNT POND,NL,-57.3333,48.1667,299,1391
8252,CAPE BROYLE,NL,-52.9333,47.1,6,1569
8267,COLINET,NL,-53.55,47.2167,27,1387
8271,COMFORT COVE,NL,-54.8833,49.2667,99,1172
8274,CORMACK,NL,-57.4,49.3167,154,1282
8277,CORNER BROOK,NL,-57.95,48.95,5,1231
8279,COW HEAD,NL,-57.7889,49.9117,15,1299
8280,DANIELS HARBOUR,NL,-57.5811,50.2364,19,1094
8282,DEER LAKE,NL,-57.4333,49.1667,11,975
8283,DEER LAKE A,NL,-57.4,49.2167,22,1082
8293,EXPLOITS DAM,NL,-56.6,48.7667,154,1115
8302,GALLANTS,NL,-58.2333,48.7,143,1532
8313,GOOBIES,NL,-53.9653,47.9492,72,1327
8317,GRAND FALLS,NL,-55.6667,48.9333,60,1061
8324,HARBOUR BRETON,NL,-55.8333,47.4667,30,1443
8328,HEARTS CONTENT,NL,-53.3833,47.8667,9,1183
8333,HOLYROOD GEN STN,NL,-53.1,47.45,6,1110
8345,LETHBRIDGE,NL,-53.9017,48.35,15,1214
8347,LOCKSTON,NL,-53.3833,48.4,18,1321
8348,LOGY BAY,NL,-52.6642,47.6242,27,1183
8349,LONG HARBOUR,NL,-53.8167,47.4167,8,1367
8357,MUSGRAVE HARBOUR,NL,-53.9833,49.45,3,1035
8358,NEW CHELSEA,NL,-53.2167,48.0333,9,1182
8361,PETTY HARBOUR,NL,-52.7167,47.4667,6,1368
8366,PLUM POINT,NL,-56.8833,51.0667,6,1201
8367,POINT LEAMINGTON,NL,-55.4,49.3333,8,1140
8371,PORT AUX BASQUES,NL,-59.1547,47.5739,40,1435
8382,PORT UNION,NL,-53.0833,48.5,6,1294
8386,RATTLING BRK NORRIS ARM,NL,-55.3,49.0667,9,1142
8403,ST LAWRENCE,NL,-55.3833,46.9167,49,1539
8411,SALT POND,NL,-55.2017,47.0936,30,1710
8416,SOPS ARM WHITE BAY,NL,-56.8833,49.7667,17,1001
8419,SPRINGDALE,NL,-56.0833,49.5,23,999
8423,STEPHENVILLE A,NL,-58.55,48.5333,25,1295
8431,TERRA NOVA NAT PARK HQ,NL,-53.9833,48.55,84,1200
8438,TORS COVE,NL,-52.85,47.2167,6,1427
8447,WESTBROOK ST LAWRENCE,NL,-55.3833,46.95,31,1520
8464,MAIN BROOK,NL,-56.0167,51.1833,14,1211
8479,CARTWRIGHT,NL,-57.035,53.7083,14,1044
8486,GOOSE A,NL,-60.4167,53.3167,49,943
8489,HOPEDALE (AUT),NL,-60.2167,55.45,12,779
8498,NAIN A,NL,-61.6833,56.55,6,887
8518,WABUSH LAKE A,NL,-66.8742,52.9272,551,881
8766,SALTSPRING ST MARY'S L,BC,-123.546,48.8881,46,985
8767,VICTORIA INT'L A,BC,-123.426,48.6472,20,875
8769,VANCOUVER INT'L A,BC,-123.182,49.195,4,1169
8774,EDMONTON INT'L A,AB,-113.583,53.3167,723,455
8775,CALGARY INT'L A,AB,-114.02,51.1139,1084,415
8783,QU'APPELLE 1,SK,-103.983,50.5667,663,456
8784,REGINA INT'L A,SK,-104.667,50.4333,578,379
8785,SASKATOON DIEFENBAKER INT'L A,SK,-106.717,52.1667,504,353
8786,WINNIPEG RICHARDSON INT'L A,MB,-97.2333,49.9167,239,519
8789,OTTAWA MACDONALD-CARTIER INT'L A,ON,-75.6692,45.3225,114,924
8792,LONDON INT'L AIRPORT,ON,-81.1511,43.0331,278,961
8795,TORONTO LESTER B. PEARSON INT'L A,ON,-79.6306,43.6772,173,788
8799,L'ASSOMPTION,QC,-73.4347,45.8094,21,1024
8807,MONTREAL/MIRABEL INT'L A,QC,-74.0333,45.6667,83,1063
8816,VAL-D'OR A,QC,-77.7867,48.0564,337,919
8821,HALIFAX STANFIELD INT'L A,NS,-63.5,44.88,145,1436
8825,ST MARGARET'S BAY,NS,-63.9,44.7,17,1378
8826,O'LEARY,PE,-64.2617,46.7003,38,1115
8829,BAY D'ESPOIR GEN STN,NL,-55.8,47.9833,23,1525
8832,GANDER INT'L A,NL,-54.5769,48.9464,151,1233
8842,ST JOHN'S A,NL,-52.7428,47.6222,141,1510
8844,ST JOHN'S WEST CDA,NL,-52.7833,47.5167,114,1579
8847,WOODDALE BISHOP'S FALLS,NL,-55.55,49.0333,46,1101
12341,FREDERICTON CDA,NB,-66.6167,45.9167,40,1097