Climate_ID,name,prov,elev,lat,long,yrcount,yrstart,yrend,mn,std,R_adj,v50_R_adj,CoV,Gumbel 50-yr from formula,GUM 50 X adj. Factor,Gumbel 10-yr from formula,GUM 10 X adj. Factor,W10 / W50,Q10_Gumbel-MM,Q50_Gumbel-MM
1012710,ESQUIMALT HARBOUR,BC,3,48.43197222,-123.4393333,24,1994,2017,56.54166667,5.141300518,1.09,77,0.09,70,76,63,69,0.91,0.200,0.244
1016640,RACE ROCKS,BC,7.4,48.29798417,-123.5314406,23,1995,2017,90.7826087,10.44011721,1,116,0.12,118,118,104,104,0.89,0.544,0.693
1017101,SATURNA ISLAND CS,BC,24.4,48.7839075,-123.044745,22,1995,2017,87.31818182,8.812255339,1,111,0.10,110,110,99,99,0.90,0.487,0.605
1017254,SHERINGHAM POINT,BC,6.9,48.37669444,-123.9210278,22,1994,2017,84.45454545,11.44230776,1,117,0.14,114,114,99,99,0.87,0.493,0.650
1018598,VICTORIA UNIVERSITY CS,BC,60.1,48.457,-123.3046111,24,1994,2017,30.20833333,2.765928835,1.28,49,0.09,37,48,34,43,0.90,0.057,0.070
1018610,VICTORIA GONZALES HTS,BC,69.5,48.4130725,-123.3250047,23,1953,1987,80.22173913,11.01824753,1,111,0.14,109,109,95,95,0.87,0.446,0.590
1018611,VICTORIA GONZALES CS,BC,61,48.41330444,-123.3247756,23,1995,2017,70.39130435,8.100163469,1,93,0.12,91,91,81,81,0.89,0.327,0.417
1018621,VICTORIA INTL A,BC,19.5,48.64722222,-123.4258333,53,1965,2017,52.90566038,6.534712491,1.103,78,0.12,70,77,61,68,0.88,0.188,0.243
1020590,BALLENAS ISLAND,BC,12.9,49.35027778,-124.1602778,24,1994,2017,77.375,5.866726367,1,93,0.08,93,93,85,85,0.92,0.361,0.428
1021830,COMOX A,BC,25.6,49.71666667,-124.9,50,1968,2017,70.76,5.523825944,1.09,93,0.08,85,93,78,85,0.92,0.303,0.361
1022689,ENTRANCE ISLAND,BC,7.6,49.20866528,-123.8105558,23,1994,2017,75.08695652,9.253564637,1,97,0.12,99,99,87,87,0.88,0.379,0.490
1026271,PORT HARDY A,BC,21.6,50.68055556,-127.3666667,54,1964,2017,63.44444444,8.566425614,1.075,93,0.14,86,92,75,80,0.87,0.278,0.366
1027403,SISTERS ISLAND,BC,20,49.48661111,-124.4349444,20,1995,2017,90.65,5.284286538,1,105,0.06,104,104,98,98,0.93,0.475,0.543
1036B06,PORT ALBERNI (AUT),BC,76.2,49.31658333,-124.9268333,22,1996,2017,30.40909091,7.449251103,1.28,62,0.24,50,64,40,51,0.81,0.080,0.123
1037650,SPRING ISLAND,BC,11.3,50,-127.4166667,27,1953,1979,100.5,14.39003394,1,137,0.14,138,138,119,119,0.87,0.710,0.947
1038210,TOFINO A,BC,24.4,49.08222222,-125.7725,21,1960,2017,62.92380952,9.344940062,1.14,99,0.15,87,99,75,86,0.86,0.281,0.379
10459NN,HOWE SOUND - PAM ROCKS,BC,7.1,49.48778028,-123.2994528,22,1995,2017,87.63636364,11.12074618,1,118,0.13,116,116,102,102,0.88,0.520,0.677
1046396,POWELL RIVER A,BC,129.5,49.83416667,-124.5002778,34,1983,2017,53.38235294,9.816543568,1.16,91,0.18,79,91,66,77,0.84,0.219,0.310
10476F0,SQUAMISH AIRPORT,BC,53.7,49.78320833,-123.1611944,31,1983,2017,49.87096774,21.22536523,1.14,111,0.43,105,120,78,88,0.74,0.300,0.549
1051351,CAPE ST JAMES,BC,87.8,51.93583333,-131.0158333,48,1957,2017,125.8041667,17.98222477,1,175,0.14,172,172,149,149,0.87,1.111,1.483
1057052,SANDSPIT,BC,6.4,53.25416667,-131.8138889,56,1958,2017,93.53214286,7.411835919,1,113,0.08,113,113,103,103,0.92,0.531,0.634
1060848,BELLA COOLA A,BC,35.7,52.3875,-126.5958333,20,1984,2017,57,12.14820758,1.08,98,0.21,88,96,73,79,0.82,0.265,0.391
1063496,HOLLAND ROCK,BC,5.5,54.17223389,-130.36085,20,1995,2017,88.65,9.985647595,1,115,0.11,115,115,102,102,0.89,0.516,0.654
1064728,LUCY ISLAND LIGHTSTATION,BC,2,54.29592,-130.609,20,1996,2017,100.15,9.471703009,1,123,0.09,125,125,113,113,0.90,0.631,0.776
1066482,PRINCE RUPERT,BC,35.4,54.28611111,-130.4447222,54,1963,2017,68.81481481,10.03780415,1.075,103,0.15,95,102,82,88,0.86,0.335,0.449
1068134,TERRACE A,BC,217.3,54.46861111,-128.5783333,48,1970,2017,61.97916667,9.411377414,1.08,92,0.15,86,93,74,80,0.86,0.275,0.372
1077499,SMITHERS,BC,523,54.82527778,-127.1827778,60,1958,2017,45.73,9.040967025,1.12,77,0.20,69,77,58,64,0.83,0.165,0.239
1086558,PUNTZI MOUNTAIN (AUT),BC,909.8,52.11444444,-124.1355556,21,1995,2017,42.57142857,5.445837204,1.08,62,0.13,57,61,50,54,0.88,0.123,0.160
1091174,BURNS LAKE DECKER LAKE,BC,713.2,54.38316667,-125.9586667,25,1991,2017,30.12,2.471841419,1.15,42,0.08,37,42,33,38,0.91,0.055,0.067
1096439,PRINCE GEORGE,BC,691,53.88416667,-122.6775,47,1971,2017,54.95744681,7.703633944,1.08,82,0.14,75,81,65,70,0.87,0.211,0.280
1096629,QUESNEL,BC,545,53.02611111,-122.5102778,57,1953,2017,47,5.900363185,1.16,73,0.13,62,72,55,63,0.88,0.149,0.194
1098941,WILLIAMS LAKE A,BC,939.7,52.18333333,-122.0544444,57,1961,2017,55.35614035,5.766994065,1.16,82,0.10,70,82,63,73,0.89,0.197,0.247
1100031,ABBOTSFORD A,BC,59.1,49.02527778,-122.36,46,1972,2017,56.52173913,9.630366626,1.09,90,0.17,81,89,69,75,0.85,0.238,0.331
1100119,AGASSIZ RCS,BC,19.3,49.24305556,-121.7602778,22,1995,2017,52.31818182,6.527497615,1.14,80,0.12,69,79,61,69,0.88,0.185,0.239
1106178,PITT MEADOWS CS,BC,5,49.20832333,-122.6900211,23,1995,2017,35.86956522,5.242348084,1.16,58,0.15,49,57,43,50,0.86,0.091,0.122
1106200,POINT ATKINSON,BC,14,49.33036111,-123.2647222,21,1997,2017,73.04761905,6.414640991,1,90,0.09,90,90,81,81,0.91,0.331,0.401
1107010,SANDHEADS CS,BC,11,49.10589583,-123.3033675,22,1994,2017,68.23636364,5.376894612,1,83,0.08,82,82,75,75,0.92,0.282,0.337
1108395,VANCOUVER INTL A,BC,4.3,49.19472222,-123.1838889,54,1964,2017,63.07407407,8.807912077,0.962,84,0.14,86,83,75,72,0.87,0.277,0.368
1108824,WEST VANCOUVER AUT,BC,170.2,49.34704167,-123.1933083,21,1996,2017,23.47619048,3.400280101,1.33,44,0.14,32,43,28,37,0.86,0.039,0.052
1108910,WHITE ROCK CAMPBELL SCIENTIFIC,BC,13,49.01805556,-122.7838889,23,1995,2017,37.26086957,5.817039166,1.33,71,0.16,52,70,45,60,0.86,0.100,0.137
1113542,HOPE A,BC,39,49.36833333,-121.4980556,40,1976,2017,57.475,9.984571431,1.08,91,0.17,83,90,71,76,0.85,0.248,0.347
1114738,LYTTON A,BC,224.9,50.22444444,-121.5819444,45,1953,2017,61.77777778,9.843984986,1.33,119,0.16,87,116,75,99,0.85,0.278,0.380
1123939,KELOWNA,BC,433.1,49.95722222,-119.3777778,41,1970,2017,47.19756098,5.85168727,1.09,69,0.12,62,68,55,60,0.88,0.150,0.194
1125852,OSOYOOS CS,BC,282.9,49.02829167,-119.4409917,24,1994,2017,38.29166667,4.938571935,1.33,69,0.13,51,68,45,59,0.88,0.100,0.130
1126146,PENTICTON A,BC,344.4,49.4625,-119.6022222,56,1962,2017,58.32321429,6.165829328,1.09,81,0.11,74,81,66,72,0.89,0.220,0.275
112FN0M,PRINCETON CS,BC,696.5,49.465,-120.51,33,1979,2017,44.51515152,8.962146827,1.06,69,0.20,68,72,56,60,0.83,0.158,0.229
112G8L1,SUMMERLAND CS,BC,454.2,49.56255556,-119.6486944,23,1995,2017,47.60869565,5.228759026,1.14,71,0.11,61,70,54,62,0.89,0.148,0.187
1141460,CASTLEGAR A,BC,495.6,49.29611111,-117.6325,27,1966,2017,48.48148148,7.777533574,1.1,76,0.16,69,76,59,64,0.85,0.171,0.235
1145297,NAKUSP CS,BC,512.1,50.269425,-117.8170944,21,1994,2017,32.66666667,5.388258841,1.33,62,0.16,47,62,40,53,0.85,0.079,0.108
114B1F0,CRESTON CAMPBELL SCIENTIFIC,BC,640.7,49.08168944,-116.5006803,22,1995,2017,42.45454545,5.509535221,1.33,76,0.13,57,75,50,66,0.87,0.123,0.161
1152105,CRANBROOK A,BC,940,49.61222222,-115.7819444,48,1970,2017,45.24791667,6.097575018,1.1,67,0.13,61,67,53,59,0.87,0.141,0.186
1157631,SPARWOOD CS,BC,1136.7,49.745,-114.8839,32,1981,2017,51.15625,7.62893209,1.25,90,0.15,71,89,61,76,0.86,0.186,0.251
1160H99,BLUE RIVER CS,BC,682.8,52.129,-119.2899167,32,1983,2017,43.1875,14.30415572,1.33,107,0.33,80,107,62,82,0.77,0.191,0.321
1161662,CLINTON A,BC,1126.2,51.26638889,-121.6847222,23,1995,2017,37.34782609,5.14877475,1.14,58,0.14,51,58,44,50,0.87,0.097,0.128
1163781,KAMLOOPS A,BC,345.3,50.7025,-120.4486111,52,1966,2017,58.98076923,7.072427502,1.08,82,0.12,77,83,68,74,0.88,0.232,0.298
116FRMN,SALMON ARM CS,BC,350.5,50.703,-119.2906778,22,1995,2017,42.18181818,5.997113303,1.08,63,0.14,58,62,50,54,0.87,0.125,0.166
1176745,REVELSTOKE A,BC,444.7,50.96666667,-118.1833333,31,1983,2017,56.51612903,7.710905557,1.33,100,0.14,77,102,67,89,0.87,0.221,0.292
1181513,CHETWYND A,BC,609.3,55.68722222,-121.6266667,27,1983,2017,52.74074074,9.176024749,1.09,83,0.17,77,83,65,71,0.85,0.209,0.292
1183001,FORT ST. JOHN A,BC,694.9,56.23833333,-120.7402778,50,1968,2017,61.32,8.788768343,1.06,90,0.14,84,89,73,77,0.87,0.264,0.353
1184791,MACKENZIE,BC,690.1,55.29944444,-123.1333333,37,1978,2016,40.22702703,4.931398756,1.08,58,0.12,53,57,47,50,0.88,0.109,0.140
1192341,DEASE LAKE A,BC,802.8,58.42222222,-130.0313889,27,1983,2017,38.48148148,6.512121067,1.1,62,0.17,55,61,47,52,0.85,0.110,0.153
1192946,FORT NELSON A,BC,381.9,58.83638889,-122.5969444,58,1960,2017,45,5.953032546,1.09,66,0.13,60,66,53,58,0.87,0.139,0.182
119BLM0,DEASE LAKE (AUT),BC,800.7,58.42609972,-130.025,24,1994,2017,32.70833333,4.427966131,1.1,48,0.14,44,49,38,42,0.87,0.074,0.097
2100181,BURWASH A,YT,805.3,61.37055556,-139.04,37,1967,2017,66.64594595,12.35209372,1.18,115,0.19,99,116,83,98,0.84,0.342,0.486
2100LRP,DAWSON,YT,370,64.06085444,-139.1266667,34,1960,2017,35.62647059,8.840516536,1.22,73,0.25,59,71,47,58,0.81,0.111,0.171
2100518,FARO (AUT),YT,716.6,62.2075,-133.3758333,22,1995,2017,37.72727273,3.209833376,1.1,51,0.09,46,51,42,46,0.91,0.088,0.106
2100630,HAINES JUNCTION,YT,595.3,60.77250222,-137.5802789,21,1995,2017,43.61904762,9.785071234,1.16,82,0.22,69,80,56,65,0.82,0.159,0.237
2100701,MAYO A,YT,503.8,63.61638889,-135.8683333,42,1974,2017,39.72380952,9.489372991,1.1,63,0.24,64,71,52,57,0.81,0.135,0.206
2101102,TESLIN (AUT),YT,705,60.16666667,-132.7333333,31,1968,2017,40.35483871,7.939556609,1.06,65,0.20,61,65,51,54,0.83,0.128,0.185
2101201,WATSON LAKE A,YT,687.3,60.11638889,-128.8225,48,1970,2017,50.52083333,5.611498769,1.05,69,0.11,65,68,58,61,0.89,0.167,0.211
2101303,WHITEHORSE A,YT,706.2,60.70944444,-135.0672222,54,1964,2017,54.7962963,7.295332262,1.1,82,0.13,74,81,64,71,0.87,0.206,0.271
2200675,CAPE PARRY A,NT,86.6,70.16666667,-124.7166667,45,1964,2015,74.57777778,12.13464029,1,108,0.16,106,106,90,90,0.85,0.408,0.561
2201579,FORT LIARD,NT,213.4,60.23333333,-123.4666667,20,1995,2017,42.8,3.805812729,1.19,63,0.09,53,63,48,57,0.91,0.114,0.138
2201903,FORT RELIANCE (AUT),NT,167.6,62.71138889,-109.1683333,37,1969,2017,61.5972973,13.24744182,1,96,0.22,96,96,79,79,0.82,0.310,0.459
2202103,FORT SIMPSON A,NT,169.5,61.76027778,-121.2366667,62,1956,2017,47.14354839,9.417608568,1.14,79,0.20,72,82,59,68,0.83,0.176,0.255
2202201,FORT SMITH A,NT,205.1,60.02027778,-111.9619444,65,1953,2017,46.04923077,6.872934305,1.08,70,0.15,64,69,55,59,0.86,0.151,0.203
2202401,HAY RIVER A,NT,164.9,60.83972222,-115.7827778,52,1966,2017,51.78269231,6.52478596,1.1,76,0.13,69,76,60,66,0.88,0.181,0.235
2202571,INUVIK A,NT,67.7,68.30388889,-133.4830556,57,1961,2017,47.30526316,7.186257248,1.07,71,0.15,66,71,57,61,0.86,0.160,0.217
2202801,NORMAN WELLS A,NT,72.5,65.28138889,-126.7986111,48,1970,2017,57.21875,8.74169895,1.08,88,0.15,80,86,69,74,0.86,0.235,0.318
2203058,PAULATUK,NT,6.3,69.35777889,-124.0825014,22,1995,2017,87.59090909,11.68091276,1,118,0.13,118,118,103,103,0.87,0.527,0.693
2204101,YELLOWKNIFE A,NT,205.7,62.46305556,-114.4402778,53,1965,2017,50.90566038,5.828524523,1.1,74,0.11,66,73,59,64,0.89,0.171,0.217
2300503,BAKER LAKE A,NU,18.6,64.29888889,-96.07777778,55,1963,2017,81.52727273,10.99975512,1,110,0.13,110,110,96,96,0.87,0.459,0.604
2300903,KUGLUKTUK A,NU,22.6,67.81666667,-115.1438889,39,1978,2017,70.58974359,9.007943713,1,95,0.13,94,94,82,82,0.88,0.338,0.440
2301002,CORAL HARBOUR A,NU,62.2,64.19333333,-83.35944444,48,1969,2017,78.25,10.71586614,1,107,0.14,106,106,92,92,0.87,0.424,0.561
2301102,ENNADAI LAKE (AUT),NU,353.1,61.13194444,-100.8838889,20,1956,2013,95.15,16.7811768,1,141,0.18,139,139,117,117,0.84,0.683,0.959
2303405,RANKIN INLET A,NU,32.3,62.81055556,-92.11472222,37,1981,2017,80.35135135,10.51439811,1,110,0.13,108,108,94,94,0.87,0.441,0.578
2400300,ALERT,NU,30.5,82.51777778,-62.28055556,26,1976,2005,86.54230769,13.59729894,1,122,0.16,122,122,104,104,0.86,0.542,0.740
2400601,CAMBRIDGE BAY A,NU,31.1,69.10805556,-105.1372222,62,1956,2017,75.75806452,8.728482646,1,99,0.12,98,98,87,87,0.89,0.379,0.483
2400637,CAPE DORSET A,NU,48.2,64.23027778,-76.525,32,1980,2017,77.59375,7.699431797,1.06,105,0.10,98,103,88,93,0.90,0.383,0.475
2400804,CLYDE RIVER A,NU,26.5,70.48583333,-68.51694444,33,1978,2017,80.42424242,6.905750788,1,98,0.09,98,98,89,89,0.91,0.399,0.482
2401203,EUREKA A,NU,82.9,79.99444444,-85.81194444,41,1976,2017,71.35121951,10.39132143,1,100,0.15,98,98,85,85,0.86,0.360,0.482
2402354,HALL BEACH A,NU,9.1,68.77583333,-81.2425,55,1956,2017,74.75454545,9.5875656,1,100,0.13,100,100,87,87,0.88,0.380,0.495
2402596,IQALUIT A,NU,33.5,63.75666667,-68.55611111,53,1965,2017,79.05283019,13.60854658,1,116,0.17,114,114,97,97,0.85,0.467,0.652
2403206,POND INLET A,NU,61.6,72.68944444,-77.96888889,36,1976,2017,66.83333333,8.265245654,1,88,0.12,88,88,78,78,0.88,0.300,0.389
2403498,RESOLUTE BAY A,NU,67.7,74.71694444,-94.96944444,48,1970,2017,82.22291667,9.883604295,1,109,0.12,108,108,95,95,0.88,0.451,0.580
3011240,CAMROSE,AB,739,53.05,-112.8166667,23,1995,2017,56.34782609,5.077657796,1.05,74,0.09,70,73,63,66,0.91,0.198,0.241
3011887,CORONATION CLIMATE,AB,791,52.07416667,-111.4494444,35,1983,2017,63.94285714,4.92259411,1.07,82,0.08,77,82,70,75,0.92,0.247,0.293
3012216,EDMONTON INTL A,AB,723.3,53.31,-113.5794444,57,1961,2017,61.77192982,7.196272706,1.099,88,0.12,80,88,71,78,0.88,0.253,0.323
3012209,EDMONTON BLATCHFORD,AB,671,53.57305778,-113.5166694,41,1976,2017,56.43902439,5.477448222,1.13,80,0.10,71,80,64,72,0.90,0.202,0.249
3012210,EDMONTON NAMAO A,AB,687.9,53.66666667,-113.4666667,30,1967,2001,60.33333333,7.480242174,1.09,87,0.12,80,87,70,76,0.88,0.245,0.317
3012275,ELK ISLAND NAT PARK,AB,716.2,53.68277778,-112.8680556,23,1995,2017,35.43478261,6.006254974,1.33,69,0.17,51,68,43,58,0.85,0.093,0.130
3013959,LLOYDMINSTER,AB,668.7,53.30916667,-110.0725,35,1983,2017,61.02857143,8.603985787,1.05,87,0.14,83,87,72,76,0.87,0.260,0.346
3015523,ROCKY MTN HOUSE (AUT),AB,988.2,52.42139056,-114.9122231,48,1961,2017,45.05,4.416651278,1.14,65,0.10,56,64,51,58,0.90,0.129,0.159
3016800,VERMILION A,AB,618.7,53.35,-110.8333333,29,1953,1981,56.03793103,7.173782315,1.14,87,0.13,75,85,65,75,0.88,0.213,0.278
3016GF0,VEGREVILLE,AB,639.3,53.50527861,-112.0977789,23,1995,2017,60.39130435,6.485922731,1.05,82,0.11,77,81,69,72,0.89,0.236,0.297
301S001,WAINWRIGHT CFB AIRFIELD 21,AB,686.2,52.82944611,-111.0955575,20,1996,2016,57.35,6.635431212,1.05,79,0.12,75,78,66,69,0.89,0.217,0.277
30221LG,DRUMHELLER EAST,AB,678.2,51.44527778,-112.6766667,23,1995,2017,49.86956522,5.01184368,1.3,83,0.10,63,82,56,73,0.90,0.159,0.197
3023722,LACOMBE CDA 2,AB,860,52.44889056,-113.7558347,23,1995,2017,55.39130435,4.40804152,1,68,0.08,67,67,61,61,0.92,0.186,0.223
3025481,RED DEER REGIONAL A,AB,904.6,52.18222222,-113.8944444,36,1982,2017,56.02777778,8.292806215,1.05,82,0.15,78,81,67,70,0.86,0.223,0.300
3026479,THREE HILLS,AB,857,51.76752278,-113.2055819,21,1995,2017,69.85714286,10.00642651,1,95,0.14,96,96,83,83,0.87,0.343,0.458
3026KNQ,SUNDRE A,AB,1114.4,51.77805556,-114.6825,21,1995,2017,52,13.39029499,1.14,90,0.26,87,99,69,79,0.80,0.241,0.375
3030768,BOW ISLAND,AB,816.6,49.73418611,-111.4502778,22,1996,2017,67.09090909,5.236402718,1.05,85,0.08,81,85,74,78,0.92,0.273,0.325
3030QLP,BROOKS,AB,747,50.55529722,-111.8488972,23,1995,2017,60.7826087,6.215497652,1.05,82,0.10,77,81,69,72,0.90,0.237,0.295
3031092,CALGARY INTL A,AB,1099.1,51.1225,-114.0133333,31,1987,2017,69.35483871,8.142679277,1.022,93,0.12,90,92,80,82,0.88,0.319,0.408
3031322,CARDSTON,AB,1136,49.200575,-113.2858389,21,1995,2017,56.23809524,4.493381376,1.1,74,0.08,68,75,62,68,0.91,0.192,0.230
3031640,CLARESHOLM,AB,1009,50.00363056,-113.6386361,23,1995,2017,81.69565217,11.78379003,1.05,119,0.14,112,118,97,102,0.86,0.470,0.628
3031875,COP UPPER,AB,1235,51.07611667,-114.2222472,23,1994,2017,59.69565217,16.37746451,1.25,119,0.27,102,128,81,101,0.79,0.328,0.520
3033875,LETHBRIDGE,AB,929,49.63027778,-112.7988889,47,1966,2017,83.29787234,7.506272431,1,104,0.09,103,103,93,93,0.91,0.432,0.527
3033890,LETHBRIDGE CDA,AB,910,49.695,-112.7675,21,1997,2017,68.33333333,4.520324472,1.09,87,0.07,80,87,74,81,0.93,0.275,0.320
3034479,MEDICINE HAT,AB,716.9,50.01888889,-110.7208333,55,1960,2017,67.62181818,6.88282056,1.07,92,0.10,85,91,77,82,0.90,0.293,0.364
3035198,PINCHER CREEK,AB,1189.6,49.52055556,-113.9972222,49,1961,2017,99.44897959,12.43381013,1,132,0.13,132,132,116,116,0.88,0.667,0.865
3036099,STAVELY AAFC,AB,1363.6,50.18333333,-113.8833333,21,1997,2017,90.52380952,9.119314928,1.05,121,0.10,114,120,102,108,0.90,0.523,0.650
3036682,VAUXHALL CDA CS,AB,779,50.05,-112.1333333,23,1995,2017,70.13043478,4.535760414,1.05,86,0.06,82,86,76,80,0.93,0.288,0.334
3044533,MILK RIVER,AB,1050,49.13333333,-112.05,23,1995,2017,73.52173913,5.751439071,1.05,94,0.08,88,93,81,85,0.92,0.327,0.390
3044923,ONEFOUR CDA,AB,935,49.11666667,-110.4666667,23,1995,2017,75.52173913,4.399065657,1.05,92,0.06,87,91,81,85,0.93,0.329,0.377
3050519,BANFF CS,AB,1396.9,51.19335833,-115.5522361,34,1972,2017,34.48823529,7.673084193,1.3,68,0.22,54,71,44,58,0.82,0.099,0.148
3050778,BOW VALLEY,AB,1297.5,51.08333333,-115.0666667,23,1995,2017,46.95652174,5.129932313,1.33,79,0.11,60,80,54,71,0.89,0.144,0.181
3051R4R,CROWSNEST,AB,1303,49.627525,-114.48195,22,1996,2017,51.13636364,3.745415668,1.19,73,0.07,61,72,56,67,0.92,0.157,0.185
3053536,JASPER WARDEN,AB,1020,52.92638889,-118.0297222,23,1995,2017,30.43478261,4.831958825,1.32,57,0.16,43,57,37,48,0.86,0.067,0.092
3056214,WATERTON PARK GATE,AB,1289,49.13113333,-113.8086139,23,1995,2017,84,6.868902254,1.05,108,0.08,102,107,93,98,0.91,0.431,0.517
3062239,EDSON,AB,926.9,53.57888889,-116.465,57,1960,2017,53.35789474,9.750731609,1.08,83,0.18,79,85,66,71,0.84,0.218,0.308
3062697,FORT MCMURRAY A,AB,369.1,56.65333333,-111.2233333,54,1964,2017,47.46851852,7.043632855,1.09,73,0.15,66,72,57,62,0.86,0.160,0.215
3063686,LAC LA BICHE CLIMATE,AB,567,54.76888889,-112.0236111,41,1953,2017,51.43170732,9.605608753,1.08,83,0.19,76,82,64,69,0.84,0.204,0.291
3064528,MILDRED LAKE,AB,310,57.04111111,-111.5588889,20,1995,2017,59.6,40.50393093,1.25,169,0.68,165,206,112,141,0.68,0.631,1.351
3065995,SLAVE LAKE,AB,582.8,55.29305556,-114.7772222,43,1972,2017,67.81395349,9.147614349,1.1,101,0.13,92,101,80,88,0.87,0.317,0.418
3057376,WHITECOURT A,AB,782.4,54.14388889,-115.7866667,41,1974,2017,49.65853659,5.901735999,1.1,72,0.12,65,71,57,63,0.88,0.164,0.210
3072655,FORT CHIPEWYAN,AB,238,58.76722222,-111.1172222,40,1963,2017,50.0725,6.379252729,1.12,75,0.13,67,75,58,65,0.88,0.170,0.221
3072921,GRANDE PRAIRIE A,AB,669,55.18,-118.8847222,52,1966,2017,66.34615385,7.029028369,1.08,92,0.11,85,91,76,82,0.89,0.284,0.357
3073140,HIGH LEVEL,AB,338,58.62166667,-117.1647222,49,1968,2017,45.07346939,5.65109781,1.14,69,0.13,60,68,52,60,0.88,0.137,0.178
3075041,PEACE RIVER A,AB,570.9,56.22722222,-117.4483333,59,1959,2017,53.94915254,7.237959631,1.05,76,0.13,73,76,63,67,0.87,0.200,0.264
3081680,COLD LAKE A,AB,541,54.41666667,-110.2833333,51,1967,2017,55.43137255,7.867032228,1.09,83,0.14,76,83,66,72,0.87,0.215,0.287
4010879,BROADVIEW,SK,599.8,50.36805556,-102.5708333,65,1953,2017,65.21076923,8.97327844,1.07,96,0.14,88,95,77,82,0.87,0.295,0.390
4012401,ESTEVAN A,SK,580.3,49.21027778,-102.9658333,55,1963,2017,71.4,8.427468316,1.03,97,0.12,93,96,82,85,0.88,0.339,0.434
4013480,INDIAN HEAD CDA,SK,579.1,50.55,-103.65,22,1996,2017,65.68181818,7.012820665,1.05,89,0.11,84,88,75,79,0.89,0.279,0.351
4014156,LAST MOUNTAIN CS,SK,497,51.41666667,-105.25,21,1997,2017,59.47619048,6.345226928,1.12,86,0.11,76,85,68,76,0.89,0.229,0.288
4015320,MOOSE JAW A,SK,576.7,50.33333333,-105.5666667,33,1965,1997,74.84848485,7.710063278,1.03,99,0.10,95,98,85,87,0.90,0.360,0.449
4015322,MOOSE JAW CS,SK,577,50.33168056,-105.5375083,20,1998,2017,65.2,6.590263951,1.06,88,0.10,82,87,74,78,0.90,0.272,0.338
4016566,REGINA INTL A,SK,577.6,50.43222222,-104.6661111,53,1965,2017,73.60566038,7.618257803,1.03,97,0.10,93,96,84,86,0.89,0.348,0.435
4018642,WATROUS EAST,SK,525.6,51.66666667,-105.4,21,1997,2017,61.33333333,5.935767291,1.05,81,0.10,77,81,69,73,0.90,0.238,0.294
4019035,WYNYARD,SK,560.8,51.76666667,-104.2,24,1965,1988,64,6.593804734,1.25,103,0.10,81,101,73,91,0.90,0.263,0.328
4019075,YORKTON,SK,498.3,51.26472222,-102.4616667,55,1963,2017,62.36545455,6.320373236,1.05,83,0.10,79,83,71,74,0.90,0.249,0.309
40190LN,WYNYARD (AUT),SK,560.1,51.76666667,-104.2,22,1995,2017,51.81818182,6.6949616,1.2,83,0.13,69,83,61,73,0.88,0.183,0.239
401HP5R,WEYBURN,SK,588.6,49.7,-103.8,23,1995,2017,69.30434783,6.546579833,1.06,92,0.09,86,91,78,83,0.90,0.302,0.371
4020286,ASSINIBOIA AIRPORT,SK,725.5,49.72919167,-105.9461139,23,1995,2017,69.52173913,7.172355802,1.05,94,0.10,88,93,79,83,0.90,0.310,0.387
4022359,ELBOW CS,SK,595,51.13333333,-106.5833333,21,1995,2017,64.47619048,7.304923323,1.03,87,0.11,83,86,74,76,0.89,0.273,0.347
4024714,LUCKY LAKE,SK,664.7,50.95,-107.15,21,1995,2017,71.0952381,7.654441599,1.03,95,0.11,91,94,81,84,0.89,0.328,0.412
4024919,MAPLE CREEK,SK,766.7,49.90251389,-109.4661278,23,1995,2017,63.47826087,6.156072872,1.18,95,0.10,79,94,72,84,0.90,0.255,0.315
4028038,SWIFT CURRENT,SK,816.9,50.29194444,-107.6905556,47,1971,2017,71.19148936,9.618004624,1.03,99,0.14,96,99,84,86,0.87,0.350,0.461
4028060,SWIFT CURRENT CDA,SK,825,50.26666667,-107.7333333,20,1995,2017,72.1,8.705110417,1.03,98,0.12,95,98,83,86,0.88,0.347,0.447
402DAF0,LEADER AIRPORT,SK,675.5,50.90946389,-109.5013917,23,1995,2017,65.47826087,6.632355712,1.05,87,0.10,83,87,74,78,0.90,0.274,0.341
40318MN,CORONACH SPC,SK,756,49.05,-105.4833333,21,1996,2017,67.9047619,7.634819984,1.05,93,0.11,88,92,78,82,0.89,0.302,0.384
4031999,CYPRESS HILLS PARK,SK,1270.6,49.64055806,-109.5144456,23,1995,2017,46.82608696,5.322782713,1.14,70,0.11,61,69,54,61,0.89,0.144,0.183
4032322,EASTEND CYPRESS (AUT),SK,1079.6,49.43778056,-108.988625,20,1996,2017,72.8,8.793538297,1.03,99,0.12,96,98,84,87,0.88,0.354,0.456
4038412,VAL MARIE SOUTHEAST,SK,796,49.05833361,-107.5858361,22,1995,2017,68.59090909,6.091829742,1.03,88,0.09,84,87,77,79,0.91,0.292,0.355
4043901,KINDERSLEY A,SK,693.7,51.51527778,-109.1805556,33,1985,2017,67.54545455,9.887147304,1.1,104,0.15,93,102,80,88,0.86,0.323,0.433
4045695,NORTH BATTLEFORD,SK,548.3,52.76916667,-108.2436111,59,1959,2017,61.46610169,6.034030224,1.08,84,0.10,77,83,69,75,0.90,0.240,0.297
4046884,ROSETOWN EAST,SK,586,51.56666667,-107.9166667,23,1995,2017,63.47826087,7.166015536,1.05,86,0.11,82,86,73,76,0.89,0.265,0.336
4047240,SCOTT CDA,SK,659.6,52.35974,-108.8347233,20,1998,2017,53.35,5.499042979,1.12,77,0.10,68,76,61,68,0.90,0.183,0.228
4055079,MELFORT,SK,490,52.81666667,-104.6,22,1996,2017,54.95454545,6.282835823,1.05,76,0.11,71,75,63,66,0.89,0.199,0.253
4055736,OUTLOOK PFRA,SK,541,51.48333333,-107.05,21,1997,2017,57.71428571,7.065004297,1.14,87,0.12,76,87,67,76,0.88,0.223,0.288
4056241,PRINCE ALBERT A,SK,428.2,53.21444444,-105.6730556,51,1967,2017,56.25294118,8.709014937,1.1,87,0.15,79,87,68,74,0.86,0.228,0.310
4057152,SASKATOON INTL A,SK,504.1,52.17083333,-106.7,53,1965,2017,65.64150943,11.19768922,1.036,98,0.17,95,98,80,83,0.85,0.321,0.447
4060983,BUFFALO NARROWS (AUT),SK,440.1,55.84055778,-108.4205581,33,1980,2017,52.81818182,9.985785352,1.3,104,0.19,79,102,66,86,0.84,0.216,0.309
4061620,COLLINS BAY SK,SK,412.6,58.22916667,-103.6780556,33,1975,2017,45.35757576,11.44716205,1.15,79,0.25,75,86,60,69,0.80,0.181,0.281
4063757,KEY LAKE,SK,513.9,57.25638889,-105.6175,23,1995,2017,45.17391304,5.836033631,1.12,67,0.13,60,68,53,59,0.88,0.139,0.181
4064155,LA RONGE A,SK,379.2,55.15138889,-105.2669444,41,1977,2017,47.93170732,6.604522656,1.14,75,0.14,65,74,57,64,0.87,0.159,0.211
406N0NM,MEADOW LAKE,SK,481,54.13333333,-108.5166667,35,1978,2017,58,7.669649888,1.05,82,0.13,78,82,68,71,0.87,0.231,0.303
4067655,SOUTHEND,SK,344.1,56.33333333,-103.2833333,20,1996,2017,33.9,5.240530307,1.32,63,0.15,47,63,41,54,0.86,0.083,0.112
4067723,SPIRITWOOD WEST,SK,584.3,53.36666667,-107.55,23,1995,2017,53.26086957,4.223499102,1.07,69,0.08,64,69,59,63,0.92,0.172,0.206
4067799,STONY RAPIDS,SK,244.2,59.25027778,-105.8413889,31,1987,2017,42.03225806,6.172432643,1.14,65,0.15,58,66,50,57,0.86,0.125,0.168
406QLD0,URANIUM CITY (AUT),SK,318.2,59.56666667,-108.4833333,25,1977,2017,38.844,7.381174252,1.25,71,0.19,58,72,48,61,0.84,0.117,0.168
4068559,WASKESIU LAKE,SK,569.4,53.91666667,-106.0666667,23,1995,2017,35.82608696,14.14423163,1.25,77,0.39,72,91,54,68,0.75,0.147,0.262
4083324,HUDSON BAY(AUT),SK,358.1,52.81666667,-102.3166667,61,1953,2017,50.52622951,5.604400106,1.09,72,0.11,65,71,58,63,0.89,0.167,0.211
5010481,BRANDON A,MB,409.3,49.91,-99.95222222,56,1962,2017,67.04107143,8.373438021,1.03,92,0.12,89,91,78,80,0.88,0.303,0.393
5010547,CARBERRY CS,MB,383.5,49.90580556,-99.35744444,23,1995,2017,58.91304348,4.935152604,1.07,78,0.08,72,77,65,70,0.91,0.213,0.256
5012320,PORTAGE SOUTHPORT A,MB,269.7,49.9,-98.26666667,28,1963,1991,66.50714286,9.21399614,1.08,99,0.14,90,98,79,85,0.87,0.308,0.408
5012324,PORTAGE SOUTHPORT,MB,272.7,49.90313889,-98.28413889,23,1995,2017,60.17391304,6.443123,1.2,93,0.11,77,92,69,82,0.89,0.235,0.295
5012469,ROBLIN,MB,539.5,51.18333833,-101.3627967,20,1997,2017,57.15,7.450008831,1.08,82,0.13,76,83,67,72,0.87,0.223,0.292
5012654,SHOAL LAKE CS,MB,561.3,50.45488889,-100.6035,23,1995,2017,61.52173913,6.700539769,1.1,88,0.11,79,87,70,77,0.89,0.246,0.310
5013117,WASAGAMING,MB,627.4,50.65500167,-99.94194667,21,1996,2017,31.2952381,5.662020504,1.25,53,0.18,46,57,39,48,0.84,0.075,0.105
501A7AR,MELITA,MB,445.9,49.28127778,-100.9863611,23,1995,2017,59.47826087,5.517489261,1.2,90,0.09,74,89,67,80,0.90,0.222,0.272
5021220,GRETNA (AUT),MB,252.6,49.03083444,-97.56000083,23,1995,2017,68.17391304,11.49961333,1.05,100,0.17,98,103,83,87,0.85,0.345,0.479
5022125,PILOT MOUND (AUT),MB,470.3,49.19102778,-98.90486111,20,1984,2017,63.245,8.530223357,1.08,94,0.13,85,92,74,80,0.87,0.276,0.363
5022759,SPRAGUE,MB,328.8,49.02361111,-95.59833583,23,1995,2017,50.2173913,6.331426105,1.12,76,0.13,67,75,58,65,0.88,0.171,0.221
5023227,WINNIPEG INTL A,MB,238.7,49.91,-97.24,53,1965,2017,65.81132075,7.343381645,1.091,93,0.11,85,93,75,82,0.89,0.284,0.359
502I001,CARMAN U OF M CS,MB,268.2,49.49811111,-98.02975,22,1996,2017,53.72727273,4.600018822,1.13,75,0.09,66,74,60,67,0.91,0.178,0.215
5030203,BERENS RIVER CS,MB,221.9,52.35973667,-97.02195333,28,1986,2017,54.71428571,7.754841464,1.14,86,0.14,75,85,65,74,0.87,0.210,0.279
50309J6,FISHER BRANCH (AUT),MB,253,51.08336111,-97.5545,22,1995,2017,46.22727273,4.946685453,1.25,74,0.11,59,74,53,66,0.89,0.138,0.174
5031042,GIMLI CLIMATE,MB,230.1,50.63333333,-97.05,46,1968,2017,55.64130435,7.978041422,1.1,84,0.14,76,84,66,73,0.87,0.218,0.291
5032951,VICTORIA BEACH (AUT),MB,220.1,50.7,-96.56666667,21,1997,2017,69.71428571,6.357223113,1,87,0.09,86,86,78,78,0.91,0.304,0.371
503B1ER,PINAWA,MB,268,50.17722778,-96.06472222,22,1995,2017,41.18181818,3.607351801,1.3,66,0.09,51,66,46,60,0.91,0.105,0.127
5040689,DAUPHIN,MB,304.5,51.10083333,-100.0525,47,1971,2017,65.04255319,8.348281382,1.08,94,0.13,87,94,76,82,0.88,0.288,0.375
5043158,MCCREARY,MB,351,50.71194472,-99.53000083,20,1998,2017,53.375,5.306091336,1.3,87,0.10,67,87,60,78,0.90,0.181,0.225
504K0NM,OAKPOINT MARINE,MB,249.6,50.49945667,-98.036675,20,1995,2017,65.55,5.85324921,1,81,0.09,81,81,73,73,0.91,0.267,0.325
504K80K,SWAN RIVER RCS,MB,334.8,52.11497222,-101.2329167,22,1995,2017,49.40909091,5.095834816,1.1,70,0.10,63,69,56,62,0.90,0.157,0.196
5050919,FLIN FLON,MB,303.9,54.68333333,-101.6833333,36,1979,2017,45.52777778,6.626725591,1.18,75,0.15,63,74,54,64,0.86,0.146,0.196
5052881,THE PAS A,MB,270.6,53.97138889,-101.0911111,47,1971,2017,59.4893617,8.647372912,1.09,88,0.15,82,89,71,77,0.86,0.250,0.335
5060605,CHURCHILL A,MB,29.3,58.73916667,-94.06638889,47,1971,2017,74.80851064,8.843170536,1.03,101,0.12,98,101,86,89,0.88,0.372,0.476
5061022,GILLAM A,MB,145.1,56.35777778,-94.71083333,28,1980,2017,60.14285714,8.28972718,1.3,107,0.14,82,106,71,92,0.87,0.251,0.332
5061375,ISLAND LAKE A,MB,235.3,53.85722222,-94.65361111,38,1979,2016,50.02631579,6.675841245,1.1,74,0.13,67,74,59,65,0.87,0.172,0.226
5061645,LYNN LAKE,MB,356.6,56.86388889,-101.0761111,45,1970,2017,51.24444444,5.209936117,1.16,75,0.10,65,75,58,67,0.90,0.168,0.209
5062921,THOMPSON A,MB,224,55.80472222,-97.8625,50,1968,2017,46.56,5.682195609,1.18,73,0.12,61,72,54,64,0.88,0.145,0.187
5062040,NORWAY HOUSE,MB,223.7,53.95833333,-97.84416667,43,1975,2017,43.11627907,4.272833911,1.3,71,0.10,54,70,49,63,0.90,0.118,0.146
6010735,BIG TROUT LAKE A,ON,222.5,53.81777778,-89.89694444,47,1967,2017,52.79148936,7.842438335,1.14,85,0.15,73,83,63,72,0.86,0.198,0.267
6014353,LANSDOWNE HOUSE (AUT),ON,253.4,52.19611111,-87.93611111,31,1981,2017,44.12258065,6.705704521,1.14,71,0.15,62,70,53,60,0.86,0.139,0.189
6016295,PEAWANUCK (AUT),ON,52.7,54.98333333,-85.43333333,20,1995,2017,47.1,5.179920747,1.09,66,0.11,61,66,54,59,0.89,0.145,0.183
6016525,PICKLE LAKE (AUT),ON,390.8,51.44916694,-90.21777972,36,1975,2017,49.20277778,6.119966672,1.14,75,0.12,65,74,57,65,0.88,0.163,0.211
6016971,RED LAKE A,ON,385.9,51.06722222,-93.79305556,33,1978,2017,48.63636364,7.29219695,1.12,75,0.15,68,76,58,65,0.86,0.169,0.228
6020LPQ,ATIKOKAN (AUT),ON,389.3,48.76111111,-91.62805556,43,1967,2017,37.7,8.212099088,1.3,78,0.22,59,77,48,63,0.82,0.117,0.174
6032125,DRYDEN REGIONAL,ON,412.7,49.8275,-92.74416667,32,1986,2017,50.90625,6.452603251,1.2,79,0.13,68,81,59,71,0.88,0.176,0.228
6034076,KENORA A,ON,409.7,49.78833333,-94.36305556,47,1971,2017,48.14893617,7.661248404,1.2,81,0.16,68,82,58,70,0.85,0.169,0.231
6037776,SIOUX LOOKOUT A,ON,383.1,50.11416667,-91.90805556,48,1970,2017,45.58333333,6.699740653,1.2,76,0.15,63,76,54,65,0.86,0.147,0.198
6040325,ARMSTRONG (AUT),ON,322.5,50.29361111,-88.90527778,31,1953,2017,44.61290323,7.895937434,1.2,80,0.18,65,78,55,66,0.84,0.150,0.211
6042717,GERALDTON A,ON,348.4,49.77861111,-86.93861111,44,1968,2017,49.20227273,6.582375645,1.2,79,0.13,66,80,58,69,0.87,0.167,0.219
6048262,THUNDER BAY A,ON,199.3,48.37194444,-89.32166667,59,1959,2017,55.96101695,7.987814361,1.09,83,0.14,77,84,66,72,0.87,0.220,0.293
6057591,SAULT STE MARIE A,ON,192,46.485,-84.50972222,56,1962,2017,63.96964286,8.763642241,1.08,95,0.14,87,94,75,81,0.87,0.284,0.375
6059475,WHITE RIVER,ON,378.9,48.6,-85.28333333,23,1953,1975,40.6,5.978065969,1.33,76,0.15,56,75,48,64,0.86,0.117,0.157
6059413,WAWA A,ON,287.7,47.96694444,-84.78638889,35,1977,2017,49.05714286,5.769814235,1.32,85,0.12,64,84,57,75,0.88,0.160,0.204
6068153,SUDBURY A,ON,348.4,46.62555556,-80.79777778,50,1968,2017,59.274,9.002512348,1.14,94,0.15,83,94,71,81,0.86,0.252,0.340
6072223,EARLTON A,ON,243.8,47.695,-79.84888889,40,1953,2017,56.305,7.697117343,1.05,81,0.14,76,80,66,70,0.87,0.220,0.290
6073976,KAPUSKASING A,ON,226.5,49.41166667,-82.46833333,55,1963,2017,50.69818182,6.305508788,1.09,73,0.12,67,73,59,64,0.88,0.173,0.224
6075420,MOOSONEE,ON,9.1,51.29111111,-80.60777778,42,1972,2017,50.91428571,9.044054008,1.1,83,0.18,74,82,63,69,0.84,0.196,0.276
6078286,TIMMINS A,ON,294.7,48.57055556,-81.37666667,43,1975,2017,45.36511628,4.889828302,1.1,63,0.11,58,64,52,57,0.89,0.134,0.168
6085701,NORTH BAY A,ON,370.3,46.36388889,-79.42416667,50,1964,2013,52.134,5.877893903,1.1,75,0.11,67,74,60,66,0.89,0.178,0.226
6092919,GORE BAY-MANITOULIN,ON,189.9,45.88166667,-82.56722222,65,1953,2017,64.01076923,7.744012265,1.03,88,0.12,84,87,74,76,0.88,0.274,0.353
6104142,KINGSTON CLIMATE,ON,93,44.22333333,-76.59944444,34,1970,2017,63.24117647,8.786012218,1.14,99,0.14,86,98,75,85,0.87,0.278,0.369
6106001,OTTAWA INTL A,ON,114.9,45.31666667,-75.66666667,57,1961,2017,57.80526316,6.695585461,1.112,84,0.12,75,84,67,74,0.89,0.221,0.282
6106398,PETAWAWA A,ON,130.1,45.95,-77.31666667,33,1972,2007,48.04242424,5.856408365,1.18,75,0.12,63,75,56,66,0.88,0.155,0.199
6111792,COLLINGWOOD,ON,179.8,44.5,-80.21666667,20,1995,2017,58.1,5.210313659,1.33,96,0.09,72,95,65,86,0.91,0.210,0.256
6114295,LAGOON CITY,ON,220.7,44.54722222,-79.21666667,20,1995,2017,64.75,6.273377333,1,82,0.10,81,81,73,73,0.90,0.265,0.327
6115529,MUSKOKA,ON,281.9,44.97472222,-79.30333333,44,1953,2017,45.23636364,6.018927159,1.16,72,0.13,61,71,53,62,0.87,0.141,0.185
6119499,WIARTON A,ON,221.9,44.74416667,-81.10861111,64,1953,2017,60.9515625,8.086947983,1.09,90,0.13,82,89,72,78,0.87,0.255,0.335
6122847,GODERICH,ON,213.7,43.76666667,-81.71666667,31,1974,2017,58.89032258,4.293278067,1.1,77,0.07,70,77,64,71,0.92,0.207,0.245
6127510,SARNIA,ON,181.4,42.99944444,-82.30888889,41,1974,2017,66.61707317,8.152542623,1.05,93,0.12,88,92,77,81,0.88,0.298,0.384
6136699,PORT WELLER (AUT),ON,79,43.25,-79.21666667,20,1994,2017,69.65,8.021517116,1,90,0.12,90,90,80,80,0.89,0.320,0.408
6137304,ST CATHARINES A,ON,97.8,43.19166667,-79.17111111,25,1974,2017,65.54,8.246110194,1.05,92,0.13,87,91,76,80,0.88,0.290,0.377
6137730,SIMCOE,ON,240.5,42.85,-80.26666667,24,1962,1985,62.65,10.1200189,1.05,94,0.16,89,93,76,80,0.85,0.287,0.394
6139527,WINDSOR A,ON,189.6,42.27611111,-82.95527778,55,1963,2017,64.64,7.411142762,1.08,91,0.11,84,91,74,80,0.89,0.275,0.351
6144473,LONDON A,ON,278,43.03305556,-81.15111111,50,1968,2017,63.12,8.032180175,1.08,91,0.13,84,91,74,79,0.88,0.270,0.351
6145504,MOUNT FOREST (AUT),ON,414.5,43.98333333,-80.75,48,1962,2017,53.50208333,12.72043907,1.18,100,0.24,86,102,70,83,0.81,0.245,0.373
6144239,KITCHENER-WATERLOO,ON,321.6,43.46083333,-80.37861111,41,1974,2017,57.80243902,6.338946592,1.195,90,0.11,74,89,66,79,0.89,0.218,0.275
6151061,BURLINGTON PIERS (AUT),ON,77.4,43.3,-79.8,22,1995,2017,55.15,5.005306708,1.2,83,0.09,68,82,62,74,0.91,0.190,0.231
6151684,COBOURG (AUT),ON,77.7,43.95,-78.16666667,20,1994,2017,62.15,8.610122562,1.06,91,0.14,84,90,73,78,0.87,0.269,0.356
6153193,HAMILTON A,ON,237.7,43.17361111,-79.935,44,1974,2017,70.90909091,8.914133491,1.002,95,0.13,94,94,83,83,0.88,0.340,0.441
6156559,POINT PETRE (AUT),ON,78.6,43.83333333,-77.15,20,1995,2017,84.9,8.949566294,1,109,0.11,108,108,97,97,0.89,0.465,0.583
6158359,TORONTO CITY CENTRE,ON,76.8,43.6275,-79.39611111,44,1973,2017,69.58409091,7.551064708,1.078,96,0.11,89,96,79,86,0.89,0.315,0.397
6158731,TORONTO INTL A,ON,173.4,43.67666667,-79.63055556,53,1965,2017,66.92075472,6.880277233,1.089,93,0.10,85,92,76,83,0.90,0.287,0.358
6158875,TRENTON A,ON,86.3,44.11666667,-77.53333333,52,1963,2017,64.56538462,10.26333441,1.05,95,0.16,91,96,78,82,0.86,0.303,0.415
6158410,TORONTO BUTTONVILLE A,ON,198.1,43.86083333,-79.36861111,31,1987,2017,54.85806452,7.175224698,1.25,92,0.13,73,92,64,80,0.87,0.206,0.269
6166415,PETERBOROUGH,ON,191.4,44.23,-78.36333333,42,1974,2017,54.22619048,5.717839415,1.08,75,0.11,69,75,62,67,0.89,0.190,0.238
616I001,BANCROFT AUTO,ON,330.7,45.07138889,-77.87888889,22,1996,2017,30.13636364,5.026552871,1.32,58,0.17,43,57,37,48,0.85,0.067,0.093
70132G9,ILE D'ORLEANS,QC,3.6,46.99666667,-70.80833333,22,1996,2017,82.67272727,7.848881135,1,104,0.09,103,103,93,93,0.90,0.431,0.529
7014160,L'ASSOMPTION,QC,21,45.80944444,-73.43472222,23,1995,2017,48.56521739,6.111286778,1.12,73,0.13,64,72,57,63,0.88,0.159,0.207
7015791,L'ETAPE,QC,791.2,47.56222222,-71.22888889,20,1995,2017,33.6,4.488582006,1.27,58,0.13,45,57,39,50,0.87,0.078,0.102
7016293,QUEBEC INTL A,QC,74.4,46.79111111,-71.39333333,50,1968,2017,63.18,7.124805762,1.111,92,0.11,82,91,72,81,0.89,0.262,0.333
7018562,TROIS-RIVIERES,QC,6,46.35361111,-72.51611111,22,1995,2017,60.04545455,5.931973676,1.25,96,0.10,75,94,68,85,0.90,0.229,0.284
701Q004,STE-FOY (U. LAVAL),QC,91.4,46.78027778,-71.2875,20,1998,2017,50.5,6.63721565,1.33,91,0.13,68,90,59,79,0.87,0.175,0.229
7022579,FRELIGHSBURG,QC,224,45.03333333,-72.85,21,1995,2017,38,5.594640292,1.33,71,0.15,53,70,45,60,0.86,0.102,0.137
702327X,VARENNES,QC,17.9,45.72305556,-73.37666667,21,1995,2015,63.33333333,9.525404628,1,89,0.15,88,88,76,76,0.86,0.286,0.387
7024280,LENNOXVILLE,QC,181,45.36888889,-71.82361111,20,1997,2017,48.4,4.935371793,1.3,78,0.10,61,80,55,71,0.90,0.150,0.187
7024745,MCTAVISH,QC,72.8,45.50474167,-73.57916667,23,1995,2017,25.73913043,3.400767177,1.33,47,0.13,35,46,30,40,0.87,0.045,0.060
7025251,MONTREAL INTL A,QC,36,45.47055556,-73.74083333,54,1964,2017,64.22222222,8.236290305,1.1,96,0.13,86,94,75,82,0.88,0.280,0.365
7025442,NICOLET,QC,8,46.22583333,-72.65722222,23,1995,2017,57.17391304,7.90656904,1.07,85,0.14,78,83,67,72,0.87,0.227,0.301
7027039,STE-CLOTHILDE,QC,53,45.16722222,-73.67888889,23,1995,2017,45.56521739,7.291502445,1.3,85,0.16,64,84,55,72,0.85,0.151,0.207
7027329,MONTREAL-ST-HUBERT,QC,27.4,45.5175,-73.41694444,51,1967,2017,66.88235294,9.574230118,1.1,101,0.14,92,101,79,87,0.87,0.314,0.419
7028123,SHERBROOKE,QC,241.4,45.43861111,-71.69138889,55,1963,2017,52.12727273,6.236257619,1.14,79,0.12,68,78,60,69,0.88,0.181,0.233
7028754,BEAUCEVILLE,QC,229.2,46.205,-70.785,23,1995,2017,35.43478261,4.888075351,1.33,63,0.14,48,64,42,56,0.87,0.087,0.115
702FHL8,STE-ANNE-DE-BELLEVUE 1,QC,39,45.42722222,-73.92916667,22,1995,2017,47.77272727,4.800117242,1.18,71,0.10,60,71,54,64,0.90,0.146,0.181
702FQLF,ST-ANICET 1,QC,49.1,45.12083333,-74.28944444,23,1995,2017,53.52173913,5.03505498,1.14,76,0.09,67,76,60,69,0.90,0.180,0.221
702LED4,L'ACADIE,QC,43.8,45.29388889,-73.34944444,22,1995,2017,56.81818182,5.261145662,1.2,86,0.09,70,85,64,76,0.90,0.202,0.248
7034482,MANIWAKI AIRPORT,QC,199.7,46.27472222,-75.99194444,33,1983,2017,40.81818182,7.41811358,1.3,77,0.18,60,78,50,66,0.84,0.127,0.180
7034900,MONTREAL MIRABEL INTL A,QC,82.3,45.68055556,-74.03861111,42,1976,2017,49.9047619,7.128813139,1.08,74,0.14,68,74,59,64,0.87,0.175,0.233
7036762,STE AGATHE DES MONTS,QC,394.7,46.05,-74.28333333,26,1966,1991,51.59615385,6.769371065,1.33,93,0.13,69,92,60,80,0.87,0.182,0.238
703GDKB,ST-JOVITE,QC,238.5,46.08027778,-74.55583333,23,1995,2017,26.04347826,4.607091972,1.33,52,0.18,38,51,32,43,0.84,0.051,0.072
7040442,BAIE-COMEAU A,QC,21.6,49.13333333,-68.2,48,1968,2017,65.6875,9.6296445,1.06,96,0.15,91,96,78,83,0.86,0.305,0.410
7040815,LOURDES DE BLANC SABLON A,QC,37.2,51.44194444,-57.18611111,33,1984,2017,94.6969697,8.468636433,1,118,0.09,117,117,106,106,0.91,0.558,0.679
7041JG6,CAP-TOURMENTE,QC,6,47.07861111,-70.78083333,23,1995,2017,52.26086957,5.118747994,1.32,87,0.10,66,86,59,78,0.90,0.173,0.214
7043019,HAVRE ST. PIERRE,QC,37.8,50.28194444,-63.61138889,32,1984,2017,67.15625,7.742256798,1.08,92,0.12,87,94,77,83,0.89,0.298,0.380
7043B79,ILE AUX PERROQUETS,QC,9,50.22083333,-64.20722222,22,1995,2017,84.86363636,6.341814781,1,102,0.07,101,101,93,93,0.92,0.433,0.512
7044328,LONGUE-POINTE-DE-MINGAN,QC,11,50.27138889,-64.22638889,23,1995,2017,44.69565217,20.13688335,1.33,119,0.45,97,129,71,94,0.73,0.251,0.468
7045401,NATASHQUAN A,QC,11.7,50.19000111,-61.81083361,33,1982,2017,69,7.232738071,1.09,96,0.10,88,96,78,85,0.89,0.307,0.384
704607C,POINTE CLAVEAU,QC,4,48.26027778,-70.11444444,21,1995,2017,82,6.971370023,1,101,0.09,100,100,91,91,0.91,0.414,0.500
7047911,SEPT-ILES A,QC,54.9,50.22333333,-66.26555556,49,1969,2017,70.37755102,11.20192069,1.06,106,0.16,99,105,85,90,0.85,0.360,0.493
704F0PN,POINTE-DES-MONTS,QC,5.9,49.31666667,-67.38111111,21,1996,2017,79.23809524,6.744662793,1,98,0.09,97,97,88,88,0.91,0.387,0.467
704Q003,POINTE NOIRE CS,QC,24,50.1625,-66.43388889,20,1998,2017,47.15,3.937338134,1.33,77,0.08,57,76,52,70,0.91,0.136,0.164
7050145,AMQUI,QC,166,48.47194444,-67.43472222,21,1996,2017,45.19047619,4.884864866,1.32,77,0.11,58,76,52,68,0.89,0.133,0.167
7051050,CAP-D'ESPOIR,QC,15.4,48.41944444,-64.31694444,22,1995,2017,78.13636364,7.796796989,1.05,102,0.10,98,103,88,93,0.90,0.389,0.482
7051163,CAP-MADELEINE,QC,29,49.25083333,-65.32472222,23,1995,2017,80.60869565,11.54729063,1,108,0.14,111,111,96,96,0.87,0.457,0.610
7052601,GASPE A,QC,34.1,48.77527778,-64.47972222,42,1975,2017,57.52380952,7.285930629,1.14,87,0.13,76,87,67,76,0.88,0.224,0.291
7053KGR,ILES DE LA MADELEINE,QC,7.6,47.42527778,-61.77472222,22,1995,2017,77.27272727,5.373495964,1.08,100,0.07,91,98,84,91,0.92,0.354,0.415
7054096,LA POCATIERE,QC,31,47.35583333,-70.03194444,21,1997,2017,70.42857143,8.986497808,1.06,100,0.13,94,99,82,87,0.88,0.337,0.438
7055121,MONT JOLI A,QC,52.4,48.60888889,-68.2075,49,1968,2017,68.6122449,7.9393963,1.09,98,0.12,89,97,79,86,0.89,0.311,0.397
7055422,NEW CARLISLE 1,QC,46.4,48.01194444,-65.33166667,22,1995,2017,53.54545455,7.456076287,1.32,98,0.14,73,96,63,84,0.87,0.200,0.265
7056068,POINTE-AU-PERE (INRS),QC,4.9,48.51388889,-68.46833333,20,1997,2017,66.8,8.612108978,1.07,95,0.13,89,95,78,83,0.88,0.304,0.396
7056616,RIVIERE-DU-LOUP,QC,146.5,47.80583333,-69.54861111,35,1966,2017,48.75142857,9.620944415,1.32,98,0.20,74,97,61,81,0.83,0.187,0.271
705S002,CAP-CHAT,QC,5,49.10916667,-66.65444444,21,1997,2017,76.38095238,6.938848539,1.05,99,0.09,94,99,85,90,0.91,0.364,0.444
7060400,BAGOTVILLE A,QC,159.1,48.33333333,-71,50,1968,2017,61.68,6.169179484,1.09,85,0.10,78,85,70,76,0.90,0.243,0.301
7063370,JONQUIERE,QC,135.6,48.42500333,-71.14250028,22,1995,2017,52.63636364,4.192345116,1.31,84,0.08,64,83,58,76,0.91,0.168,0.201
7065639,NORMANDIN,QC,137.2,48.84166667,-72.54694444,22,1995,2017,59.31818182,7.259715091,1.05,81,0.12,78,82,69,72,0.88,0.236,0.305
7065738,ONATCHIWAY,QC,304,48.89416667,-71.03166667,20,1998,2017,39.2,4.774934555,1.33,70,0.12,52,69,45,60,0.88,0.103,0.133
7066686,ROBERVAL A,QC,178.6,48.52,-72.26583333,60,1958,2017,58.23166667,7.083700356,1.1,84,0.12,77,84,67,74,0.88,0.227,0.293
7075800,PARENT,QC,444.7,47.92222444,-74.62416861,22,1995,2017,30.09090909,3.727747832,1.33,53,0.12,40,53,35,46,0.88,0.061,0.079
7080468,BARRAGE TEMISCAMINGUE,QC,181.4,46.70972222,-79.10111111,20,1998,2017,38.1,2.71254396,1.3,59,0.07,45,59,42,54,0.92,0.086,0.102
7086716,ROUYN,QC,318,48.24583333,-79.03416667,23,1995,2017,46.91304348,4.785518339,1.32,79,0.10,59,78,53,70,0.90,0.141,0.176
7086719,ROUYN-NORANDA A,QC,301.1,48.20611111,-78.83555556,43,1975,2017,49.18604651,5.624164759,1.14,74,0.11,64,73,57,64,0.89,0.159,0.203
7091409,CHIBOUGAMAU CHAPAIS A,QC,387.1,49.77194444,-74.52805556,22,1983,2017,45.95454545,5.250644158,1.3,78,0.11,60,77,53,69,0.89,0.139,0.177
7093716,LA GRANDE RIVIERE A,QC,194.8,53.62527778,-77.70416667,41,1977,2017,58.07317073,8.872401715,1.12,89,0.15,81,91,70,78,0.86,0.242,0.328
7093714,LA GRANDE 4 A,QC,306.3,53.75472222,-73.67527778,28,1986,2017,51.57142857,5.202766867,1.16,76,0.10,65,75,58,68,0.90,0.170,0.211
7094637,MATAGAMI,QC,281,49.75778333,-77.79307222,35,1974,2017,50.25714286,4.77335039,1.16,73,0.09,63,73,56,66,0.90,0.159,0.196
7095480,NITCHEQUON,QC,536.1,53.2,-70.9,20,1966,1985,65.4,10.01787875,1.05,97,0.15,91,96,78,82,0.86,0.307,0.416
7098605,VAL D'OR A,QC,337.4,48.05333333,-77.78277778,44,1969,2017,48.12045455,5.371785877,1.28,80,0.11,62,79,55,71,0.89,0.152,0.192
7103283,INUKJUAK A,QC,26.2,58.47194444,-78.07694444,28,1977,2007,73.42857143,6.142918666,1.03,93,0.08,89,92,81,84,0.91,0.331,0.398
7103537,KUUJJUARAPIK A,QC,12.2,55.28194444,-77.76527778,60,1957,2017,68.23333333,8.369368416,1.03,93,0.12,90,93,79,82,0.88,0.313,0.403
7113535,KUUJJUAQ A,QC,39.9,58.08944444,-68.42222222,58,1960,2017,71.85517241,13.35473071,1.05,113,0.19,106,112,89,94,0.84,0.398,0.565
7117827,SCHEFFERVILLE,QC,517.2,54.8,-66.8,56,1960,2016,64.53035714,11.45546189,1.03,97,0.18,94,97,79,82,0.84,0.315,0.443
8100467,BAS CARAQUET,NB,5,47.80222222,-64.83333333,24,1994,2017,74.66666667,11.69045194,1.1,117,0.16,105,115,90,99,0.86,0.403,0.550
8100885,CHARLO AUTO,NB,42,47.99,-66.33416667,38,1967,2017,59.07894737,6.933590696,1.09,85,0.12,77,84,68,74,0.88,0.231,0.296
8100989,MIRAMICHI RCS,NB,33,47.00944444,-65.465,50,1953,2017,60.32,8.344813861,1.09,90,0.14,82,89,71,78,0.87,0.253,0.335
8101505,FREDERICTON,NB,20.7,45.86888889,-66.53722222,49,1969,2017,55.3877551,6.409031149,1.1,78,0.12,72,79,64,70,0.89,0.203,0.259
8103050,MISCOU ISLAND (AUT),NB,4,48.00888944,-64.49416889,28,1987,2017,74.64285714,7.364651739,1.03,97,0.10,94,97,84,87,0.90,0.354,0.438
8103201,MONCTON INTL A,NB,70.7,46.11222222,-64.67861111,49,1969,2017,67.42857143,8.546441755,1.09,99,0.13,90,98,79,86,0.88,0.308,0.400
8104901,SAINT JOHN A,NB,108.8,45.31611111,-65.89,39,1979,2017,65.17948718,5.794152201,1.092,88,0.09,80,88,73,79,0.91,0.264,0.321
8104935,ST. STEPHEN,NB,26.1,45.21016667,-67.25286111,30,1987,2017,40.63333333,3.863920943,1.32,66,0.10,51,67,46,60,0.90,0.104,0.128
8200604,BRIER ISLAND,NS,15.8,44.28583333,-66.34666667,23,1994,2017,88.95652174,6.342341558,1,106,0.07,105,105,97,97,0.92,0.472,0.554
8201390,DEBERT,NS,37.5,45.41666667,-63.46666667,21,1953,2017,64.91428571,12.98742799,1.14,110,0.20,99,112,82,93,0.83,0.334,0.485
8201969,GRAND ETANG,NS,12.8,46.55,-61.05,21,1995,2017,113.1428571,6.199078272,1,131,0.05,129,129,121,121,0.94,0.733,0.833
8202000,GREENWOOD A,NS,28,44.98333333,-64.91666667,52,1966,2017,69.88461538,8.192904262,1.09,100,0.12,91,99,81,88,0.88,0.324,0.414
8202251,HALIFAX INTL A,NS,145.4,44.88111111,-63.50861111,57,1961,2017,70.48947368,10.3735702,1.14,112,0.15,97,111,84,96,0.86,0.352,0.473
8204703,SABLE ISLAND A,NS,1.2,43.94611111,-59.95972222,57,1957,2017,91.82807018,9.740448699,1,117,0.11,117,117,105,105,0.89,0.545,0.684
8205090,SHEARWATER A,NS,44,44.63333333,-63.5,20,1983,2004,67.45,9.746659347,1.072,99,0.14,93,99,80,86,0.86,0.321,0.429
8205701,SYDNEY A,NS,61.9,46.16138889,-60.04805556,51,1967,2017,70.1372549,7.255396909,1.09,98,0.10,89,97,80,87,0.89,0.316,0.395
8205992,TRURO (AUT),NS,39.9,45.36666667,-63.26666667,32,1961,2003,56.334375,10.06275821,1.1,90,0.18,82,91,69,76,0.84,0.241,0.339
8206240,WESTERN HEAD,NS,10.1,43.99001944,-64.66416889,27,1987,2017,68.91481481,6.711225023,1.03,90,0.10,86,89,78,80,0.90,0.301,0.372
8206495,YARMOUTH A,NS,42.9,43.82694444,-66.08805556,65,1953,2017,67.43538462,9.461887873,1.1,100,0.14,92,101,80,88,0.87,0.317,0.422
8300301,CHARLOTTETOWN A,PE,48.5,46.28916667,-63.11916667,45,1971,2017,67.95555556,8.452959556,1.09,98,0.12,90,98,79,86,0.88,0.311,0.403
8300418,EAST POINT (AUT),PE,7.7,46.46,-61.98833333,21,1995,2016,80.1047619,10.78570703,1.06,116,0.13,108,115,94,100,0.87,0.442,0.582
8300516,NORTH CAPE,PE,7.6,47.05805556,-63.99861111,24,1994,2017,86.875,6.797138145,1,105,0.08,104,104,96,96,0.92,0.457,0.545
8300596,SUMMERSIDE,PE,12.2,46.44111111,-63.83805556,43,1968,2017,73.62790698,8.569111905,1.06,103,0.12,96,102,85,90,0.88,0.359,0.458
8400104,ARGENTIA (AUT),NL,19,47.29388889,-53.99333333,28,1969,2016,87.67857143,8.115159894,1,110,0.09,109,109,98,98,0.90,0.482,0.590
8400301,BADGER (AUT),NL,102.7,48.96666667,-56.06666667,24,1991,2017,40.45833333,5.808383496,1.33,75,0.14,56,74,48,64,0.87,0.115,0.154
8400601,BONAVISTA,NL,25.6,48.66722222,-53.11416667,55,1960,2017,102.5654545,12.2105179,1,136,0.12,134,134,118,118,0.88,0.700,0.899
8400801,BURGEO NL,NL,10.6,47.61666667,-57.61666667,47,1967,2017,94.38297872,11.44847283,1,125,0.12,124,124,109,109,0.88,0.596,0.768
8401298,CORNER BROOK,NL,151.8,48.93333333,-57.91666667,22,1995,2017,49.81818182,6.068155471,1.33,88,0.12,66,87,58,77,0.88,0.166,0.214
8401400,DANIELS HARBOUR,NL,19,50.23638889,-57.58111111,45,1966,2014,89.47777778,14.88362262,1,129,0.17,128,128,109,109,0.85,0.591,0.818
8401502,DEER LAKE A,NL,21.9,49.20916667,-57.39444444,52,1966,2017,61.88846154,10.18294718,1.14,101,0.16,88,101,75,86,0.85,0.282,0.389
8401703,GANDER INTL A,NL,151.2,48.93694444,-54.56805556,40,1978,2017,76.45,12.03190204,1.06,113,0.16,108,114,92,98,0.86,0.424,0.578
8402520,LA SCIE,NL,194,49.91666667,-55.66666667,27,1985,2017,66.18518519,13.7254313,1.05,108,0.21,102,107,84,88,0.83,0.353,0.517
8402975,PORT AUX BASQUES,NL,39.7,47.57388889,-59.15472222,42,1967,2013,96.1047619,10.96337478,1,126,0.11,125,125,110,110,0.89,0.608,0.773
8403505,ST. JOHN'S INTL A,NL,140.5,47.61861111,-52.7525,41,1977,2017,82.53658537,10.25694292,1.059,115,0.12,109,116,96,102,0.88,0.459,0.594
8403619,ST LAWRENCE,NL,48.5,46.91666667,-55.38333333,28,1972,2017,88.65357143,12.07613141,1,120,0.14,120,120,104,104,0.87,0.544,0.718
8403801,STEPHENVILLE A,NL,24.7,48.54138889,-58.55,51,1967,2017,80.61960784,8.249873202,1.03,106,0.10,102,105,91,94,0.90,0.417,0.519
8404025,TWILLINGATE (AUT),NL,92.3,49.68333333,-54.8,28,1959,2017,98.36428571,9.294770106,1,121,0.09,122,122,110,110,0.90,0.609,0.748
8500398,BATTLE HARBOUR LOR,NL,9.4,52.25,-55.6,24,1959,1982,100.9416667,14.02113053,1,139,0.14,137,137,119,119,0.87,0.709,0.940
8501101,CARTWRIGHT A,NL,14.3,53.6825,-57.04194444,53,1964,2017,90.35471698,8.75865651,1,114,0.10,113,113,102,102,0.90,0.517,0.638
8501131,CHURCHILL FALLS A,NL,439.5,53.56194444,-64.10638889,45,1969,2017,57.23555556,6.052728744,1.14,84,0.11,73,83,65,74,0.89,0.212,0.265
8501900,GOOSE A,NL,48.8,53.31666667,-60.41666667,42,1976,2017,66.64285714,8.513465456,1.05,94,0.13,89,93,78,82,0.88,0.302,0.393
8504176,WABUSH A,NL,551.4,52.92277778,-66.86472222,53,1961,2014,54.05471698,7.35894448,1.14,84,0.14,73,83,64,73,0.87,0.202,0.267
,,,,,,,,,,,,Min:,0.05,,,,Min:,0.68,,
,,,,,,,,,,,,Max:,0.68,,,,Max:,0.94,,
,,,,,,,,,,,,Mean:,0.13,,,,Mean:,0.88,,
,,,,,,,,,,,,Median:,0.13,,,,Median:,0.88,,
,,,,,,,,,,,,STDev:,0.05,,,,STDev:,0.03,,