irlat,irlon,RL50 (kPa),rlat,rlon,lat,lon,elev (m),station_name,province,model_values,ratio
558,1009,0.402,-4.286848910227873,10.373390404111557,42.2756,-82.9556,190.0,WINDSOR A,ON,0.28239578008651733,1.1925991665349462
559,1009,0.484,-4.227125340313413,10.379271031382924,42.3333,-82.9333,188.0,WINDSOR RIVERSIDE,ON,0.2818117141723633,1.4388415515203041
576,1017,0.389,-3.4945859613826147,10.7134921602455,42.9922,-82.3047,181.0,SARNIA AIRPORT,ON,0.2861720323562622,1.138804211486169
577,1048,0.47,-3.434479081735439,12.106219211616422,42.774390000000004,-80.42905999999999,214.0,HAGERSVILLE 2 composite,ON,0.3209838569164276,1.2267083396953504
579,1046,0.5870000000000001,-3.3628448895127754,11.999925006386508,42.8667,-80.55,232.0,DELHI CDA,ON,0.3170866072177887,1.5509109175805724
579,1050,0.446,-3.335374154899144,12.206799132067156,42.85,-80.2667,240.0,SIMCOE,ON,0.32120877504348755,1.1632528054253057
580,1035,0.45799999999999996,-3.290371679059054,11.534368202439223,43.0331,-81.1511,278.0,LONDON INT'L AIRPORT,ON,0.31892600655555725,1.2031012948294038
580,1037,0.491,-3.3033197995587598,11.625518178228763,43.001999999999995,-81.0328,271.0,DORCHESTER,ON,0.3190070688724518,1.2894598870331848
580,1051,0.34,-3.2976268496041468,12.223659162002475,42.8833,-80.2333,222.0,WATERFORD,ON,0.324885755777359,0.8767482293350275
587,1054,0.423,-2.9689855230488806,12.37546741076384,43.1717,-79.9342,238.0,HAMILTON A,ON,0.32224228978157043,1.0997259764026546
590,1054,0.397,-2.851997203751697,12.387474338992014,43.2833,-79.8833,102.0,HAMILTON RBG,ON,0.32220011949539185,1.0322656139127342
591,1066,0.309,-2.817509219258394,12.915619247015943,43.2,-79.1667,98.0,ST CATHARINES A,ON,0.3093484044075012,0.8368300175483206
592,1046,0.467,-2.767016061611644,11.996249233882299,43.45,-80.3833,317.0,WATERLOO WELLINGTON A,ON,0.32871386408805847,1.1902152487120305
594,1044,0.41700000000000004,-2.666314502571736,11.94129167027309,43.56001071,-80.42801786,348.0,GUELPH OAC composite,ON,0.3292560279369354,1.0610331953059304
598,1059,0.406,-2.4868552600065392,12.60189887608841,43.59246944,-79.48505417,172.0,TORONTO NEW INT'L A composite,ON,0.32141339778900146,1.0582510516125267
599,1061,0.396,-2.4371144169958994,12.657472533066505,43.6286,-79.395,76.0,TORONTO ISLAND A,ON,0.321235328912735,1.032757921472861
600,1057,0.373,-2.4275243009702034,12.480315141272046,43.6772,-79.6306,173.0,TORONTO LESTER B. PEARSON INT'L A,ON,0.3237864375114441,0.9651100307505132
600,1060,0.436,-2.4007826199030635,12.645432657636889,43.6667,-79.4,112.0,TORONTO,ON,0.32197198271751404,1.134475335377355
602,1053,0.494,-2.327916851748337,12.32637283896129,43.8081,-79.8081,270.0,SANDHILL,ON,0.3256779611110687,1.270764955250431
603,1037,0.401,-2.300804570575231,11.625346633334846,43.9833,-80.75,414.0,MOUNT FOREST,ON,0.3242288827896118,1.0361421089683076
603,1059,0.376,-2.3012399580428746,12.57237144415825,43.78,-79.4678,187.0,TORONTO NORTH YORK,ON,0.32386311888694763,0.9726419619256743
605,1058,0.415,-2.2032653790882666,12.564815949223863,43.8772,-79.4478,240.0,RICHMOND HILL,ON,0.3251541554927826,1.069265215892905
605,1060,0.41200000000000003,-2.2053809803339703,12.62287891217746,43.8622,-79.37,198.0,TORONTO BUTTONVILLE A,ON,0.32446399331092834,1.0637935632333853
608,1038,0.258,-2.068590235243496,11.658569176059126,44.2036,-80.6378,472.0,PRICEVILLE,ON,0.31759822368621826,0.6805629342414923
609,1050,0.365,-2.0028898354841,12.2065379573681,44.1514,-79.8722,221.0,ALLISTON NELSON,ON,0.3244529068470001,0.9424706751376634
611,1027,0.36,-1.9374790458624405,11.156459894997607,44.43423333,-81.2871,216.0,WALKERTON composite,ON,0.2998177409172058,1.0059394131692025
611,1053,0.35700000000000004,-1.9211289341184725,12.318754222071837,44.2067,-79.6947,244.0,COOKSTOWN,ON,0.32347989082336426,0.9245865667519511
616,1053,0.442,-1.7233069520001558,12.319592020167152,44.3995,-79.6328,250.0,SHANTY BAY,ON,0.325302392244339,1.1383129152337403
616,1086,0.493,-1.7037724583668714,13.763648867181702,44.0833,-77.6667,119.0,SMITHFIELD CDA,ON,0.3856760263442993,1.070904951054819
617,1071,0.49,-1.6437599584267275,13.111996013499192,44.29722,-78.52882667,263.0,HALIBURTON A composite,ON,0.3700866997241974,1.1092239892297833
617,1074,0.37799999999999995,-1.6786484471005159,13.239909508912735,44.2333,-78.3667,191.0,PETERBOROUGH A,ON,0.374726802110672,0.8450914231116047
617,1087,0.444,-1.647919910661428,13.848380542642577,44.1167,-77.5333,86.0,TRENTON A,ON,0.3906291425228119,0.9522368432883646
618,1028,0.348,-1.6065279350677362,11.219407227076683,44.7458,-81.1072,222.0,WIARTON A,ON,0.31991109251976013,0.9113319494939456
619,1089,0.441,-1.5905322191931184,13.936456970299941,44.1506,-77.3947,76.0,BELLEVILLE,ON,0.4005354046821594,0.9224106947031132
623,1084,0.499,-1.39563263390509,13.715114449914411,44.39395238,-77.62724286,178.0,STIRLING composite,ON,0.402957946062088,1.0374507106095017
623,1102,0.516,-1.3803565049833204,14.473210899310928,44.2186,-76.5967,92.0,KINGSTON A,ON,0.40965262055397034,1.0552627674124793
627,1099,0.48,-1.1950455367128394,14.354715693013972,44.4281,-76.6903,160.0,HARTINGTON IHD,ON,0.41396450996398926,0.9714149404811088
629,1055,0.46799999999999997,-1.1177117079756498,12.424309244301325,44.9667,-79.3,282.0,MUSKOKA A,ON,0.3593781590461731,1.0909901372509023
633,1067,0.502,-0.929498972966488,12.938661086656456,45.0322,-78.5311,330.0,HALIBURTON 3,ON,0.36932316422462463,1.1387380183886044
637,1052,0.48,-0.7779930357615851,12.262381226920443,45.33400909,-79.41611818,298.0,BURKS FALLS composite,ON,0.3677730858325958,1.0934223446437934
639,1000,0.371,-0.6883970505338951,9.992710779507949,45.8833,-82.5667,194.0,GORE BAY A,ON,0.36365753412246704,0.85468871774948
640,1059,0.469,-0.6480473584073168,12.604555155685231,45.3833,-78.9,404.0,DWIGHT,ON,0.3521655201911926,1.1157134304674254
642,1043,0.59,-0.5742533922365206,11.880619147076752,45.6167,-79.8833,268.0,DUNCHURCH,ON,0.3810206353664398,1.2972693753543811
647,968,0.355,-0.3282026503152139,8.56463998274487,46.4833,-84.5094,192.0,SAULT STE MARIE A,ON,0.31143417954444885,0.9549678040493407
651,1109,0.46,-0.14229068458931268,14.818651720335906,45.3225,-75.6692,114.0,OTTAWA MACDONALD-CARTIER INT'L A,ON,0.368374764919281,1.0461515697211399
652,1108,0.491,-0.0926557441963778,14.770203286375427,45.3833,-75.7167,79.0,OTTAWA CDA,ON,0.36737048625946045,1.1197056769022533
652,1134,0.41200000000000003,-0.11059958944123897,15.91164378309388,45.05,-74.1667,49.0,HUNTINGDON,QC,0.3777197599411011,0.9138063299600422
653,1111,0.506,-0.08342891017602053,14.878650645037006,45.36306667,-75.56446667,107.0,OTTAWA ROCKCLIFFE A composite,ON,0.37310895323753357,1.1361652373768703
653,1131,0.42700000000000005,-0.06763698819223248,15.76386408140092,45.1333,-74.35,53.0,ST ANICET,QC,0.3740578293800354,0.9563476096986557
654,1102,0.425,-0.010141822987990141,14.504972791199682,45.5333,-76.05,69.0,LUSKVILLE,QC,0.35831204056739807,0.9936974580274851
654,1135,0.348,-0.02306995179155099,15.971452536902286,45.1167,-74.05,46.0,ORMSTOWN,QC,0.37658587098121643,0.7741798672667485
654,1141,0.33799999999999997,-0.002819591108613995,16.211153361252567,45.0667,-73.7167,61.0,HEMMINGFORD FOUR WINDS,QC,0.380166232585907,0.7448516983311606
655,1050,0.327,0.0108004267438218,12.200271604969695,46.1167,-79.25,274.0,POWASSAN,ON,0.3195629119873047,0.8572708049974087
656,1146,0.436,0.08212766041682308,16.43136179542141,45.0833,-73.3833,49.0,ST BERNARD DE LACOLLE,QC,0.38751962780952454,0.9425826380466658
657,1110,0.493,0.09932157620079315,14.83803900373631,45.55,-75.55,91.0,ANGERS,QC,0.3740851581096649,1.1040864818116611
657,1134,0.46399999999999997,0.12639370122986404,15.889859305178064,45.2833,-74.1,46.0,VALLEYFIELD,QC,0.37982815504074097,1.0234284311353008
657,1141,0.41,0.09970703767826301,16.204535378802806,45.1667,-73.6833,56.0,STE CLOTHILDE CDA,QC,0.38140207529067993,0.9005906960500468
658,1081,0.315,0.16636607784747412,13.543748046258958,45.95,-77.3167,130.0,PETAWAWA A,ON,0.30567869544029236,0.8633204603329008
659,1081,0.318,0.19407473605052883,13.584505642712083,45.9667,-77.25,137.0,SHEENBORO,QC,0.30868294835090637,0.8630602829571271
659,1157,0.385,0.2143332821945056,16.907970562019244,45.0667,-72.6833,244.0,SUTTON,QC,0.41905471682548523,0.7696914232391052
660,1046,0.36,0.2247059616752298,12.02855117692835,46.3636,-79.4228,370.0,NORTH BAY A,ON,0.32233381271362305,0.9356712527826694
660,1148,0.384,0.2478536721012904,16.515278173256952,45.2167,-73.2,38.0,SABREVOIS,QC,0.39306917786598206,0.8184438413435057
661,1024,0.386,0.27785930544065024,11.04782465123829,46.6256,-80.7978,348.0,SUDBURY A,ON,0.3481656610965729,0.9288124335756069
661,1128,0.39399999999999996,0.2806495088143387,15.648523738310713,45.5,-74.3667,46.0,RIGAUD,QC,0.403857558965683,0.8173247625047309
662,1146,0.413,0.34872560816845866,16.447024680651992,45.3333,-73.25,30.0,IBERVILLE,QC,0.3916011154651642,0.883553359484863
662,1158,0.46799999999999997,0.35043721364910185,16.950859185149188,45.1833,-72.5667,206.0,BROME,QC,0.41945844888687134,0.9347243525627614
663,1118,0.526,0.361483120581601,15.211915468380836,45.7,-74.9333,197.0,MONTEBELLO (SEDBERGH),QC,0.407659649848938,1.080972555973715
663,1136,0.413,0.3845159255402604,15.995474941061378,45.5,-73.85,23.0,STE GENEVIEVE,QC,0.39661914110183716,0.8723746417937641
663,1138,0.47600000000000003,0.3730154780297401,16.072237754624673,45.4667,-73.75,36.0,MONTREAL/PIERRE ELLIOTT TRUDEAU INTL A,QC,0.3923739194869995,1.0163270180671964
663,1139,0.5670000000000001,0.378677196996154,16.15032437560446,45.44933929,-73.64116429,45.0,LAVALTRIE CDA composite,QC,0.3902512788772583,1.217209617037681
663,1163,0.431,0.3750065977850023,17.189960041690064,45.1333,-72.2333,267.0,GEORGEVILLE,QC,0.4318031072616577,0.8362153935271751
664,1128,0.474,0.43111426674639375,15.628350571746576,45.65,-74.3333,91.0,LACHUTE,QC,0.4143756926059723,0.9583203733259645
664,1140,0.47,0.43899501354061177,16.174297228821235,45.5,-73.5833,57.0,MONTREAL MCGILL,QC,0.3916347026824951,1.005410326229909
665,1169,0.395,0.4860499102898444,17.47520195436037,45.15,-71.8,259.0,COATICOOK,QC,0.4354618489742279,0.7599300783960344
666,1132,0.444,0.5070676872066261,15.82450983689447,45.6667,-74.0333,83.0,MONTREAL/MIRABEL INT'L A,QC,0.4171599745750427,0.8916758180151083
666,1134,0.433,0.521333283639665,15.929713258832273,45.65,-73.8833,61.0,STE THERESE OUEST,QC,0.410390168428421,0.883929441532259
666,1142,0.446,0.4892824791896059,16.280985270212184,45.5167,-73.4167,27.0,MONTREAL/ST-HUBERT A,QC,0.39333662390708923,0.9499420750222911
666,1154,0.408,0.5088716677241474,16.78949405383804,45.3833,-72.7167,175.0,GRANBY,QC,0.4052582085132599,0.8434415544369709
666,1164,0.43700000000000006,0.5272872692490097,17.226791433609083,45.2667,-72.1167,274.0,MAGOG,QC,0.4255349934101105,0.8603453354183423
668,1155,0.537,0.6005135224791582,16.855793371577782,45.45045263,-72.58703684,146.0,ST HYACINTHE composite,QC,0.40713122487068176,1.1050108057679764
668,1161,0.40299999999999997,0.6214263288690471,17.08527176163669,45.4,-72.2667,297.0,BONSECOURS,QC,0.4201326072216034,0.8036099548640454
668,1174,0.474,0.6002534616609015,17.66009565819819,45.2,-71.5,564.0,ST MALO D AUCKLAND,QC,0.43930602073669434,0.9039363215861138
669,1146,0.494,0.6436379439510136,16.440798499950514,45.6167,-73.1333,30.0,STE MADELEINE,QC,0.40656059980392456,1.0179543710751968
669,1150,0.39,0.6413453724906322,16.600395614683634,45.5667,-72.9167,33.0,ST HYACINTHE 2,QC,0.4077587127685547,0.8012868370133923
669,1266,0.596,0.6616967255468574,21.753266688790557,43.8308,-66.0886,43.0,YARMOUTH A,NS,0.43087488412857056,1.1588353403828435
670,1167,0.294,0.6886805319462729,17.390734475406397,45.3689,-71.8236,181.0,LENNOXVILLE,QC,0.42027536034584045,0.5860572626829543
671,1098,0.336,0.7391769186864998,14.331629182838835,46.3018,-76.0061,189.0,MANIWAKI UA,QC,0.3522646725177765,0.7990920998510487
671,1141,0.387,0.738457158552364,16.240560473908765,45.7667,-73.3667,21.0,VERCHERES,QC,0.40966829657554626,0.7914167907129694
671,1267,0.542,0.7390764935272756,21.803607253579266,43.8833,-65.9833,9.0,TUSKET,NS,0.4331686496734619,1.0482597736480967
672,1140,0.467,0.7652575197208127,16.182646599358296,45.8094,-73.4347,21.0,L'ASSOMPTION,QC,0.41472533345222473,0.9433719668001207
672,1165,0.37200000000000005,0.7695743040876517,17.270669708561627,45.4833,-71.95,130.0,BROMPTONVILLE,QC,0.4181998670101166,0.7452220569300898
672,1169,0.38799999999999996,0.7807929838028224,17.463999638422727,45.4333,-71.6833,241.0,SHERBROOKE A,QC,0.41769862174987793,0.7782073609268801
673,1126,0.535,0.8244980392844867,15.547958374592634,46.05,-74.2833,395.0,STE AGATHE DES MONTS,QC,0.44066986441612244,1.0171080255676708
673,1131,0.563,0.816943782864911,15.7555788147033,45.9833,-74.0,366.0,ST HIPPOLYTE,QC,0.4546075463294983,1.0375246061586283
674,1147,0.45,0.8463890909946689,16.47479579678509,45.8,-73.0,30.0,FLEURY,QC,0.41326630115509033,0.9122401267445296
674,1178,0.32299999999999995,0.8834959655618496,17.87385061537259,45.4,-71.0833,503.0,NOTRE DAME DES BOIS,QC,0.43090859055519104,0.6279774098019852
677,881,0.17,0.9978671020460085,4.707577833482668,48.2833,-89.9167,399.0,WHITEFISH LAKE,ON,0.26536229252815247,0.5367058906527808
678,1117,0.42,1.0340555599277181,15.137667577989024,46.3667,-74.7667,244.0,LA MACAZA,QC,0.3946135938167572,0.8916694751406791
678,1143,0.40299999999999997,1.0447050148731867,16.327496188013978,46.0333,-73.1167,15.0,SOREL,QC,0.42439281940460205,0.7955430207323749
678,1154,0.405,1.0348232563982545,16.79264234742965,45.8833,-72.4833,82.0,DRUMMONDVILLE,QC,0.4112483263015747,0.8250447988489895
678,1172,0.326,1.0408049695193322,17.61091405605013,45.6333,-71.3667,267.0,LINGWICK,QC,0.4115142226219177,0.6636810254198647
678,1177,0.318,1.0494863716117762,17.79263385317223,45.5833,-71.1167,482.0,MILAN,QC,0.4164721667766571,0.6396873884987448
679,959,0.39399999999999996,1.1072814606393633,8.146944438375767,47.9667,-84.7833,287.0,WAWA A,ON,0.3535498380661011,0.9336244792895467
679,1135,0.542,1.1048802078623199,15.95810005194841,46.2,-73.6,198.0,STE BEATRIX,QC,0.451256662607193,1.0062416985373437
680,890,0.248,1.1206948848156557,5.08967868562008,48.3694,-89.3272,199.0,THUNDER BAY A,ON,0.2970421314239502,0.6994558058306043
680,981,0.319,1.1215982693691606,9.121374066660865,47.82,-83.3467,448.0,CHAPLEAU A,ON,0.26735252141952515,0.999615656852211
680,1147,0.45299999999999996,1.1514404604556916,16.500102870276372,46.0833,-72.8333,15.0,PIERREVILLE,QC,0.41634082794189453,0.9115402529876981
681,1132,0.595,1.1542596729610621,15.834532095958147,46.2833,-73.75,244.0,ST COME,QC,0.46220582723617554,1.078470326586216
683,1178,0.312,1.2606717705989359,17.84366708527203,45.7667,-70.95,442.0,ST SEBASTIEN,QC,0.4105389416217804,0.636688325698423
684,1138,0.5489999999999999,1.29909797368146,16.07911852243818,46.35,-73.35,168.0,ST CHARLES DE MANDEVILLE,QC,0.4512785077095032,1.0191881016609927
684,1150,0.406,1.3081477460879134,16.607760775956216,46.2,-72.6167,30.0,NICOLET,QC,0.4173415005207062,0.8150065732456209
684,1182,0.294,1.3054290288877226,18.025092727207987,45.75,-70.6833,335.0,ST LUDGER,QC,0.4122019112110138,0.597535869093259
686,1105,0.40700000000000003,1.3913321643034506,14.630169131697288,46.85,-75.3333,262.0,STE ANNE DU LAC,QC,0.3350898325443268,1.0175594919895428
687,1166,0.457,1.4353865918581943,17.319534723993772,46.1,-71.5833,297.0,ST FERDINAND,QC,0.41058436036109924,0.9324819813958413
688,1033,0.275,1.464268420428553,11.450362801068342,47.7,-79.85,243.0,EARLTON A,ON,0.27389752864837646,0.8411457040681946
688,1149,0.40299999999999997,1.4827451771107225,16.55193535398155,46.3833,-72.6167,55.0,TROIS RIVIERES AQUEDUC,QC,0.430489718914032,0.7842759784785687
688,1169,0.345,1.4868129159530434,17.472963414579834,46.1,-71.35,381.0,THETFORD MINES,QC,0.409062922000885,0.7065707092461583
689,1140,0.634,1.5150610464679561,16.15629574000493,46.5333,-73.15,183.0,ST ALEXIS DES MONTS,QC,0.43496617674827576,1.2211258409610415
690,1149,0.441,1.5858719669451118,16.564190208663554,46.47778333,-72.55415833,82.0,RIVIERE A PIERRE composite,QC,0.43530017137527466,0.8487433848666037
691,1182,0.304,1.6268592987363577,18.036246116246513,46.05,-70.5167,244.0,ST COME DE LINIERE,QC,0.40815702080726624,0.6239832953863051
691,1284,1.014,1.6142468085780268,22.551400289984592,44.4,-64.55,27.0,BRIDGEWATER,NS,0.5003440380096436,1.6978365433284976
692,1150,0.375,1.664176253985097,16.626426689197242,46.5333,-72.4333,46.0,ST NARCISSE,QC,0.4364309310913086,0.7198506416625641
692,1179,0.377,1.6796607608428853,17.883321299254668,46.15,-70.7,168.0,ST GEORGES,QC,0.40344029664993286,0.7828683340120709
692,1246,0.6940000000000001,1.6654751578683622,20.850317762178534,45.1,-66.7333,23.0,PENNFIELD,NB,0.6361055970191956,0.9140225378016869
693,758,0.295,1.6882373082187547,-0.7083728658870007,49.1833,-98.0833,298.0,MORDEN CDA,MB,0.11304685473442078,2.1862014772554716
693,1156,0.38,1.6981108675439935,16.892890608074847,46.4833,-72.05,53.0,FORTIERVILLE,QC,0.42503446340560913,0.7490073888294656
694,1153,0.415,1.7540822281724946,16.741931706325044,46.5833,-72.2333,16.0,STE ANNE DE LA PERADE,QC,0.43245407938957214,0.8039605702464997
695,1172,0.345,1.7744012915046719,17.594713197903786,46.3333,-71.05,442.0,ST SEVERIN,QC,0.3941085636615753,0.7333813714656188
695,1181,0.353,1.788085543520356,17.992307149959434,46.2167,-70.5,282.0,ST PROSPER,QC,0.40496987104415894,0.7302618998760602
697,686,0.071,1.8662740844535828,-3.895667948011195,49.2167,-102.96700000000001,580.0,ESTEVAN A,SK,0.09845993667840958,0.6041231074865941
697,1157,0.40299999999999997,1.9009426839342536,16.922755381469877,46.6667,-71.9167,15.0,DESCHAMBAULT,QC,0.43768706917762756,0.7713793011080439
698,1154,0.508,1.912824438817077,16.798519081378075,46.7167,-72.0833,76.0,ST ALBAN,QC,0.44678062200546265,0.9525681029683382
699,756,0.19399999999999998,1.956539149126066,-0.8130760493526549,49.45,-98.25,297.0,MIAMI THIESSEN,MB,0.10951878130435944,1.484020084150757
699,1148,0.473,1.9884978888085978,16.545808996887292,46.8667,-72.4,160.0,LAC AUX SABLES,QC,0.4584549367427826,0.864352988951643
699,1180,0.37,1.9845023376234565,17.948131049345225,46.4167,-70.4667,510.0,STE GERMAINE,QC,0.40283453464508057,0.7694876961084662
701,1163,0.467,2.054217978278324,17.173129500136174,46.7333,-71.5,58.0,ST AUGUSTIN,QC,0.43143540620803833,0.9068339034557699
701,1168,0.43200000000000005,2.0641528045347988,17.411163562539105,46.6667,-71.1667,107.0,BEAUSEJOUR,QC,0.41196179389953613,0.8785236499757159
701,1273,0.618,2.0477520185861904,22.08183244528817,44.9833,-64.9167,28.0,GREENWOOD A,NS,0.43927374482154846,1.1786364823330793
702,1007,0.24600000000000002,2.1028662985791216,10.272256140147682,48.5697,-81.3767,295.0,TIMMINS VICTOR POWER A,ON,0.24091297388076782,0.8554636678827364
702,1183,0.48200000000000004,2.1043623241683953,18.088712820603085,46.4833,-70.2167,396.0,ST CAMILLE,QC,0.4064384698867798,0.9935251873294548
702,1256,0.643,2.0923818993230565,21.32172942210499,45.3181,-65.8856,109.0,SAINT JOHN A,NB,0.5373662710189819,1.0024603877886817
703,1062,0.28300000000000003,2.1295758090215102,12.715646487269279,48.0564,-77.7867,337.0,VAL-D'OR A,QC,0.2781698703765869,0.8523206260739298
703,1164,0.47600000000000003,2.142892402870948,17.22771444423007,46.8,-71.3833,74.0,QUEBEC/JEAN LESAGE INTL A,QC,0.43250772356987,0.9220187151065731
703,1297,0.6970000000000001,2.1285083347995943,23.143751611246888,44.6333,-63.5,44.0,SHEARWATER A,NS,0.5180006623268127,1.1272730234758557
704,1277,0.534,2.1832299349175868,22.229032603976535,45.05,-64.65,31.0,WATERVILLE CAMBRIDGE,NS,0.42769134044647217,1.0460138886476855
705,1168,0.45,2.220882571941183,17.406153681880436,46.8167,-71.1,69.0,LAUZON,QC,0.42192012071609497,0.8935295674098463
705,1279,0.565,2.245163530071908,22.330642996726787,45.0667,-64.4833,49.0,KENTVILLE CDA,NS,0.4303649365901947,1.0998620527424199
705,1287,0.612,2.249827933933791,22.675906214322463,44.9333,-64.0333,84.0,SALMON HOLE,NS,0.45343151688575745,1.1307494095835617
707,813,0.18,2.3191516259454263,1.7019727769211224,49.7903,-94.3653,410.0,KENORA A,ON,0.1771586835384369,0.8512099896320755
707,1046,0.306,2.3301463594803966,12.017196687285196,48.4167,-78.7333,305.0,MONT BRUN,QC,0.27351534366607666,0.9372735970364867
708,1168,0.48,2.377566928011995,17.400888965846388,46.9667,-71.0333,15.0,CHATEAU RICHER,QC,0.4294535219669342,0.9363791172701621
708,1184,0.51,2.38587791745667,18.134863525524572,46.7333,-70.0167,373.0,STE LUCIE,QC,0.40073543787002563,1.06620098023259
708,1295,0.76,2.353824406162802,23.043207937173968,44.88,-63.5,145.0,HALIFAX STANFIELD INT'L A,NS,0.5094563961029053,1.249779003790008
709,756,0.121,2.406655175540253,-0.816592826955396,49.9,-98.2667,270.0,PORTAGE SOUTHPORT A,MB,0.10387501120567322,0.9758901571945485
709,771,0.16899999999999998,2.4169256900823712,-0.15035553299554535,49.9167,-97.2333,239.0,WINNIPEG RICHARDSON INT'L A,MB,0.1080813929438591,1.3099732353415263
709,836,0.16699999999999998,2.408289044403697,2.742262906325916,49.8333,-92.75,413.0,DRYDEN A,ON,0.1869925856590271,0.7482017769720699
709,1242,0.57,2.4355673986902304,20.695842322706284,45.8721,-66.5279,21.0,FREDERICTON A,NB,0.5476866364479065,0.8719053900859111
710,732,0.18899999999999997,2.4461289022730366,-1.9022360052764455,49.91,-99.9519,409.0,BRANDON A,MB,0.09665179252624512,1.6382438348868527
710,1225,0.552,2.4503054913706883,19.923144460296516,46.1703,-67.5536,153.0,WOODSTOCK,NB,0.5043020248413086,0.9170119957870008
710,1240,0.581,2.4538374466501836,20.62178160144984,45.9167,-66.6167,40.0,FREDERICTON CDA,NB,0.5432615876197815,0.8959706533139175
710,1248,0.647,2.4523914808738034,20.97348209091824,45.7833,-66.15,34.0,GAGETOWN 2,NB,0.5759193897247314,0.9411725049537251
712,1054,0.233,2.5693781490772243,12.368776262825914,48.5667,-78.1333,310.0,AMOS,QC,0.2703103721141815,0.7221374394276883
712,1355,0.528,2.558199415687226,25.705259485464225,43.9322,-60.0094,5.0,SABLE ISLAND,NS,0.4735258221626282,0.9341506209070829
713,1244,0.61,2.5880834006331126,20.757678859211282,45.9903,-66.3633,54.0,ACADIA FOREST EXP ST,NB,0.5343093276023865,0.9564532125504047
713,1278,0.619,2.5929897681063143,22.295057999272316,45.4,-64.3333,24.0,PARRSBORO,NS,0.45860615372657776,1.1307781867424054
715,921,0.243,2.703334463357099,6.489334819136607,49.7828,-86.9306,348.0,GERALDTON A,ON,0.2334626466035843,0.8719980628676479
715,1163,0.501,2.6832756820036425,17.21270812915398,47.3167,-71.15,640.0,FORET MONTMORENCY,QC,0.4714151620864868,0.8903501379852835
716,848,0.18100000000000002,2.724053173483273,3.2714077284853,50.1167,-91.9,383.0,SIOUX LOOKOUT A,ON,0.1871650516986847,0.8101780399911624
717,988,0.307,2.7844182733983796,9.431461031270734,49.4,-82.4333,218.0,KAPUSKASING CDA,ON,0.23171532154083252,1.1099675319456666
717,1051,0.261,2.7724424149031415,12.216949590249524,48.8,-78.2833,305.0,LAC BERRY,QC,0.26310664415359497,0.8310656707720036
718,987,0.266,2.7939506024780143,9.406987093709729,49.4139,-82.4675,226.0,KAPUSKASING A,ON,0.23003999888896942,0.9687348660879497
718,1299,0.573,2.8057614051937527,23.227533862191482,45.2167,-63.0,23.0,UPPER STEWIACKE,NS,0.5018500089645386,0.9565492527811688
718,1313,0.648,2.8341066245898623,23.849578318579603,44.9833,-62.1833,15.0,ECUM SECUM,NS,0.49023568630218506,1.1073801508324148
719,1294,0.539,2.865301707549471,22.994531657643748,45.3667,-63.2667,40.0,TRURO,NS,0.4597567915916443,0.9821713528332833
720,1218,0.384,2.915060025357727,19.622613419942642,46.7122,-67.7156,80.0,AROOSTOOK,NB,0.46189001202583313,0.6964970869046966
720,1293,0.595,2.906569872397495,22.932472395768386,45.42973684,-63.32314737,56.0,DEBERT A composite,NS,0.45524850487709045,1.0949520187529898
721,1179,0.479,2.9632011627512,17.917497467271644,47.35,-70.0333,30.0,LA POCATIERE CDA,QC,0.3866293430328369,1.0379282987110932
721,1276,0.486,2.952510648604285,22.20214615660833,45.7667,-64.25,20.0,NAPPAN CDA,NS,0.46672263741493225,0.8723766934376964
721,1304,0.69,2.9636487927491326,23.41369120676652,45.2833,-62.6667,152.0,TRAFALGAR,NS,0.5203890800476074,1.1108299155625223
722,694,0.09,2.995535908365118,-3.5550168868492085,50.3681,-102.571,600.0,BROADVIEW,SK,0.08927798271179199,0.8445488831484718
722,1273,0.5589999999999999,2.99186183107382,22.08356301670653,45.85,-64.3833,46.0,SACKVILLE,NB,0.4607769250869751,1.0163604028683844
724,695,0.149,3.0926391667634663,-3.503230109800849,50.46864,-102.5009,582.0,BROADVIEW A composite,SK,0.09028303623199463,1.3826325073087293
724,891,0.243,3.0628319237385395,5.168523459661336,50.2936,-88.9053,322.0,ARMSTRONG (AUT),ON,0.19758033752441406,1.0303605011562675
725,651,0.10800000000000001,3.1345694278645513,-5.464582646908156,50.3333,-105.56700000000001,577.0,MOOSE JAW A,SK,0.08425862342119217,1.0738312713050353
725,1267,0.57,3.143485364303546,21.790230230835956,46.1053,-64.6838,71.0,MONCTON A,NB,0.47259634733200073,1.0104414329327966
726,489,0.35,3.187961984628174,-12.656336194902284,49.0971,-116.51799999999999,610.0,CRESTON,BC,0.24219897389411926,1.2106605656519274
726,545,0.261,3.16518878430455,-10.173529005346774,49.6303,-112.8,929.0,LETHBRIDGE A,AB,0.07679153978824615,2.847434760535256
726,664,0.068,3.1741915710209807,-4.882522538616095,50.4333,-104.667,578.0,REGINA INT'L A,SK,0.07495617121458054,0.7600255095702215
726,1242,0.45,3.1668816081319098,20.688150177613355,46.5525,-66.1403,57.0,DOAKTOWN,NB,0.49293336272239685,0.7648054107412382
728,620,0.09300000000000001,3.2540343879709486,-6.82970579631831,50.28335,-107.708,821.0,SWIFT CURRENT (HYBRID),SK,0.0860995426774025,0.9049170164261643
729,576,0.13,3.294490341736107,-8.78098449257167,50.0189,-110.721,717.0,MEDICINE HAT A,AB,0.07842602580785751,1.3887043484750623
729,1142,0.233,3.321200862802388,16.278681835293746,48.2167,-72.1667,358.0,LAC BOUCHETTE,QC,0.2953781187534332,0.6608520657964673
729,1213,0.444,3.3020657185607187,19.387549788287743,47.1578,-67.8319,242.0,ST LEONARD A,NB,0.4267526865005493,0.8716323841393889
729,1301,0.44799999999999995,3.2939386094819403,23.293464625867358,45.63357273,-62.62608182,54.0,STELLARTON LOURDES composite,NS,0.4420679211616516,0.8490155875470502
730,1311,0.748,3.336863255409132,23.744543989867303,45.4833,-62.0167,76.0,COLLEGEVILLE,NS,0.4795001745223999,1.3068913375785716
730,1326,0.741,3.3478667584073754,24.392707899410343,45.2164,-61.1778,16.0,DEMING,NS,0.4858633279800415,1.2777054240684314
733,1198,0.327,3.491313994124788,18.733677276905336,47.5667,-68.6333,151.0,STE ROSE DU DEGELIS,QC,0.40240180492401123,0.6807920626956565
735,474,0.381,3.5652891404836695,-13.311122271809033,49.2964,-117.632,496.0,CASTLEGAR A,BC,0.29270413517951965,1.0904927153294346
735,502,0.132,3.5715594149337595,-12.06538588634602,49.6122,-115.78200000000001,940.0,CRANBROOK A,BC,0.11689839512109756,0.9460019539415445
735,515,0.282,3.565855703432369,-11.467506817735874,49.7453,-114.883,1138.0,SPARWOOD,BC,0.07886506617069244,2.9956501146000645
735,1139,0.225,3.5858890255644726,16.122340479606144,48.5167,-72.2667,179.0,ROBERVAL A,QC,0.2871268093585968,0.6565010487650497
735,1316,0.763,3.568214239959637,23.980406366594252,45.592375,-61.571925,47.0,COPPER LAKE composite,NS,0.4678030014038086,1.3664325067689322
736,570,0.187,3.5910565071829694,-9.028653520187895,50.2667,-111.18299999999999,770.0,SUFFIELD A,AB,0.07186289876699448,2.180035300560929
736,820,0.18100000000000002,3.6085516827729736,2.018623133323337,51.0669,-93.7931,386.0,RED LAKE A,ON,0.17129023373126984,0.885263633757322
736,1147,0.32299999999999995,3.5978108026814204,16.479739155928193,48.4167,-71.75,152.0,LAC STE CROIX,QC,0.27890923619270325,0.9702111850154371
737,725,0.174,3.6486471044256565,-2.1807652710283705,51.1,-100.46700000000001,404.0,GILBERT PLAINS,MB,0.09265955537557602,1.5732063381323915
737,731,0.131,3.637650982133446,-1.9186062210436028,51.1,-100.05,304.0,DAUPHIN A,MB,0.0926765650510788,1.1842080743346624
737,1136,0.255,3.6504271546022258,15.99683941147927,48.6167,-72.4167,122.0,ST PRIME,QC,0.2925635278224945,0.7302081018967433
737,1158,0.24,3.677953743438618,16.97946760951628,48.3333,-71.0,159.0,BAGOTVILLE A,QC,0.3033805191516876,0.6627507114372394
738,1188,0.26,3.71007111167222,18.31675132549891,47.9167,-69.1,259.0,ST CLEMENT,QC,0.36650824546813965,0.5943143949401636
738,1276,0.35600000000000004,3.6845959413421965,22.197652168319504,46.4389,-63.8317,20.0,SUMMERSIDE A,PE,0.4809432029724121,0.6201301656085125
738,1281,0.615,3.7031269177923956,22.396835274342646,46.3752,-63.55731667,29.0,SUMMERSIDE CDA composite,PE,0.46748119592666626,1.1021421720934268
738,1288,0.461,3.7088202378029633,22.71596758927946,46.25,-63.1333,23.0,CHARLOTTETOWN CDA,PE,0.45960482954978943,0.840316696642159
738,1297,0.495,3.695154703131543,23.128978936207325,46.0667,-62.6,61.0,ALLISTON,PE,0.44922465085983276,0.9231414893321448
739,478,0.42700000000000005,3.7345715322890913,-13.108365117454234,49.5123,-117.399,760.0,NELSON RIXEN CREEK,BC,0.25921452045440674,1.3800512038814796
739,628,0.062,3.7636991911369555,-6.505263198283556,50.832,-107.311,660.0,BEECHY,SK,0.08270065486431122,0.6280719413336829
739,1248,0.47,3.765296967036392,20.93925168325036,47.0095,-65.4678,33.0,MIRAMICHI A,NB,0.4662661552429199,0.8444824265270106
739,1287,0.527,3.745334014783396,22.703007279034583,46.2886,-63.1286,49.0,CHARLOTTETOWN A,PE,0.46073001623153687,0.958276325987799
740,1268,0.496,3.805146627159658,21.821103653985478,46.7003,-64.2617,38.0,O'LEARY,PE,0.4783461093902588,0.8686925191703478
741,387,0.387,3.823732054743596,-17.157965052632917,48.4131,-123.325,70.0,VICTORIA GONZALES HTS,BC,0.33052992820739746,0.9809047256054544
741,1133,0.33899999999999997,3.8488977138356315,15.851778350050044,48.85,-72.5333,137.0,NORMANDIN CDA,QC,0.29688000679016113,0.9566330876319689
741,1164,0.36200000000000004,3.8422604402526868,17.25132301995396,48.4,-70.5333,205.0,STE ROSE DU NORD,QC,0.33451804518699646,0.9065999094626986
741,1280,0.46299999999999997,3.8191632149950627,22.350518174671695,46.5,-63.55,18.0,LONG RIVER,PE,0.478177547454834,0.8111822926794765
742,697,0.11800000000000001,3.887198018830976,-3.42540834014595,51.2667,-102.46700000000001,498.0,YORKTON A,SK,0.07750267535448074,1.2755337783584633
742,1237,0.521,3.862139802217241,20.45703721604458,47.2833,-66.0667,341.0,LITTLE RIVER MINE,NB,0.42139390110969543,1.0358005293969217
743,1180,0.433,3.9275140340820363,17.940016482155016,48.25,-69.5167,61.0,GRANDES BERGERONNES,QC,0.35030123591423035,1.035554303548284
746,387,0.5680000000000001,4.05401331129362,-17.1462653539833,48.63445,-123.4225,40.5,SAANICHTON CDA,BC,0.34881845116615295,1.3641921225264777
746,439,0.205,4.062019040754055,-14.8297517816315,49.3572,-120.07700000000001,517.0,HEDLEY,BC,0.14851179718971252,1.1564305562277557
746,447,0.15,4.074800059239958,-14.502483686793461,49.4631,-119.602,344.0,PENTICTON A,BC,0.13676540553569794,0.9188437223782199
747,384,0.818,4.110152086638713,-17.269400328837698,48.6469,-123.626,159.0,SHAWNIGAN LAKE,BC,0.49048498272895813,1.3971860463186245
747,1295,0.449,4.097032741271308,23.04520507377626,46.4667,-62.4667,32.0,MONTICELLO,PE,0.43477120995521545,0.8651914403936953
748,1300,0.589,4.153673757113379,23.247299074645955,46.4333,-62.1667,61.0,EAST BALTIC,PE,0.43477120995521545,1.13496159998193
749,405,0.804,4.198174141908334,-16.35606704872496,49.0253,-122.36,59.0,ABBOTSFORD A,BC,0.7324294447898865,0.9196379920547316
749,422,0.7290000000000001,4.1991101393692425,-15.578263258483593,49.2667,-121.23299999999999,685.0,HOPE SLIDE,BC,0.44337043166160583,1.377486821757597
749,482,0.297,4.196953729114685,-12.965453311805444,49.9958,-117.37,568.0,NEW DENVER,BC,0.20069532096385956,1.2397835024189805
750,434,0.168,4.250712703917452,-15.069322822765542,49.4678,-120.51299999999999,702.0,PRINCETON A,BC,0.17602503299713135,0.7995792191391308
751,415,0.795,4.282087444883862,-15.91382619343588,49.2431,-121.76,15.0,AGASSIZ CDA,BC,0.6446676850318909,1.0331369127591468
751,1323,0.722,4.273588051025234,24.277623200008552,46.1,-60.75,8.0,BADDECK,NS,0.4545270800590515,1.3307733210473525
752,706,0.17800000000000002,4.329181842759334,-3.0410843278094837,51.7333,-101.9,499.0,PELLY 2,SK,0.08517063409090042,1.750881576091465
752,1313,0.662,4.307962092008874,23.836527778183594,46.321999999999996,-61.30098,30.0,MARGAREE FORKS composite,NS,0.432224839925766,1.2831425843211548
753,419,1.023,4.348558395632354,-15.712158813189633,49.3683,-121.49799999999999,39.0,HOPE A,BC,0.5287550091743469,1.6208685292012455
753,1098,0.308,4.371155389527281,14.306667475765332,49.802625,-74.5576,392.0,CACHE LAKE composite,QC,0.2691632807254791,0.9586532621808272
753,1192,0.34700000000000003,4.345598033008107,18.495415831965524,48.45,-68.5167,36.0,RIMOUSKI,QC,0.3422900140285492,0.8493015108072193
753,1223,0.231,4.377253566453017,19.848600589722924,47.989175,-66.612725,23.0,CAMPBELLTON composite,NB,0.3552756905555725,0.5447197711232352
754,385,0.794,4.407282646003369,-17.245770999404836,48.935,-123.742,75.0,CHEMAINUS,BC,0.48741453886032104,1.3647360824785713
754,402,0.938,4.414650227614725,-16.48604181669755,49.18924706,-122.6529608,68.0,PITT MEADOWS A composite,BC,0.6711291074752808,1.1709097288388224
754,1207,0.35600000000000004,4.415906609261064,19.14630208065784,48.2833,-67.5667,236.0,LAC HUMQUI,QC,0.3552767336368561,0.8394790873427195
755,674,0.081,4.473443711760957,-4.46219952097385,51.7667,-104.2,561.0,WYNYARD,SK,0.07126086950302124,0.9522709869154238
755,1227,0.379,4.442055448008857,20.024656104182274,47.9833,-66.3333,40.0,CHARLO A,NB,0.3591722846031189,0.8840219405757325
756,453,0.132,4.506705494696642,-14.223333606531087,49.9561,-119.37799999999999,430.0,KELOWNA A,BC,0.14909276366233826,0.7417268784931896
757,384,0.621,4.547856150701866,-17.285246670498605,49.0544,-123.87,28.0,NANAIMO A,BC,0.5877403020858765,0.8851824185233974
757,395,0.583,4.531847882450481,-16.812356613135417,49.195,-123.182,4.0,VANCOUVER INT'L A,BC,0.6264681816101074,0.7796437249996341
757,1195,0.29,4.5562730774171545,18.628454874362962,48.6,-68.2167,52.0,MONT-JOLI A,QC,0.34547632932662964,0.703244513111853
757,1247,0.424,4.553130535964961,20.90147083831138,47.75,-65.0667,23.0,BERTRAND,NB,0.45743274688720703,0.7765425469592653
757,1332,0.7070000000000001,4.547908489350023,24.68599969266512,46.1667,-60.0481,62.0,SYDNEY A,NS,0.48559319972991943,1.2197574198610563
758,453,0.136,4.590826836110048,-14.224088312309972,50.0366,-119.416,506.0,WINFIELD,BC,0.14915195107460022,0.7639001945646796
759,603,0.046,4.610409614867476,-7.570753106418941,51.5167,-109.18299999999999,694.0,KINDERSLEY A,SK,0.06527882814407349,0.5903534875280217
759,1249,0.507,4.651853828796736,21.005823736238465,47.8,-64.8667,11.0,BAS CARAQUET,NB,0.45920953154563904,0.9249616282027096
759,1251,0.534,4.632375784571248,21.087559840485376,47.75,-64.7667,6.0,HAUT SHIPPAGAN,NB,0.45920953154563904,0.9742199397638006
761,1235,0.337,4.715470111362363,20.38318679106956,48.1,-65.6833,23.0,CAPLAN,QC,0.3967439532279968,0.7116168706052731
761,1315,0.5489999999999999,4.70829070687878,23.912394653903753,46.65,-60.95,11.0,CHETICAMP,NS,0.40481364727020264,1.1361713931691084
762,534,0.217,4.778503714622416,-10.625797002736029,51.1139,-114.02,1084.0,CALGARY INT'L A,AB,0.07873387634754181,2.309004349959938
763,391,0.665,4.788781407389454,-16.97143584939462,49.3856,-123.541,34.0,GIBSONS GOWER POINT,BC,0.8557198643684387,0.6510535071049506
764,457,0.166,4.859998740791233,-14.047864832441528,50.3443,-119.271,538.0,VERNON NORTH,BC,0.16234099864959717,0.8566561279369785
764,520,0.46799999999999997,4.8363904848695105,-11.26905824222256,51.0275,-115.035,1391.0,KANANASKIS,AB,0.08687379211187363,4.513191119340732
764,1005,0.23399999999999999,4.838614639714897,10.181446848171866,51.2667,-80.65,10.0,MOOSONEE UA,ON,0.18789678812026978,1.0433334996971795
764,1323,1.178,4.873758057634859,24.25294202573579,46.65,-60.4,8.0,INGONISH BEACH,NS,0.4153687059879303,2.375954764830981
766,386,0.34600000000000003,4.946532338915584,-17.173074384200916,49.4675,-123.913,7.0,MERRY ISLAND LIGHTSTATION,BC,0.8471898436546326,0.34215430538699915
767,358,0.6990000000000001,5.0044347021713405,-18.449748667971477,49.0822,-125.773,24.0,TOFINO A,BC,0.5594678521156311,1.0467155846281029
768,376,0.695,5.032427849855934,-17.630534663570668,49.3938,-124.617,8.0,QUALICUM R FISH RESEARCH,BC,0.6063934564590454,0.9601894932366676
768,640,0.087,5.039762809078846,-5.965341609252919,52.1667,-106.71700000000001,504.0,SASKATOON DIEFENBAKER INT'L A,SK,0.06456682085990906,1.1288506841746864
769,457,0.183,5.066941291229419,-14.03967533064155,50.5452,-119.35,419.0,SILVER CREEK,BC,0.18309880793094635,0.8373214637317838
769,513,0.168,5.0655475865321336,-11.558827532360517,51.1833,-115.56700000000001,1384.0,BANFF,AB,0.1630883663892746,0.8630042813528487
769,901,0.158,5.061316046013959,5.590602250568889,52.2333,-87.8833,254.0,LANSDOWNE HOUSE,ON,0.16832831501960754,0.7863693211469982
769,1191,0.622,5.058478584630331,18.448044213540186,49.1333,-68.2,22.0,BAIE-COMEAU A,QC,0.36494266986846924,1.4278822364454082
769,1208,0.252,5.083231709000099,19.203872504046767,48.8833,-67.1167,350.0,ST JEAN DE CHERBOURG,QC,0.33814704418182373,0.6243406271966674
770,1295,0.455,5.100925893032472,23.02929875054479,47.3833,-61.8667,60.0,GRINDSTONE ISLAND,QC,0.416032999753952,0.9162421514180404
771,377,0.855,5.152302859502165,-17.588380624383266,49.52080435,-124.6196087,54.0,CAPE LAZO composite,BC,0.6247854828834534,1.146467732076044
772,398,1.1540000000000001,5.2151149274009825,-16.64324273203796,49.8958,-123.281,46.0,SQUAMISH UPPER,BC,0.8510522246360779,1.1359945520108563
772,424,0.408,5.1885658794574345,-15.497821704493647,50.2333,-121.583,229.0,LYTTON,BC,0.19857342541217804,1.721336138646292
773,476,0.331,5.253797842772089,-13.203936242889501,50.9533,-118.166,450.0,REVELSTOKE AIRPORT RD,BC,0.2779906392097473,0.9975265708347968
776,375,0.67,5.398827057118161,-17.69177543345937,49.7167,-124.9,26.0,COMOX A,BC,0.6405894756317139,0.8762371346382378
776,405,0.778,5.367198301998756,-16.368037148016132,50.1289,-122.955,658.0,WHISTLER,BC,0.5104763507843018,1.2768227760450037
776,494,0.151,5.394415140675882,-12.39295400636217,51.2992,-116.98200000000001,785.0,GOLDEN A,BC,0.1177729070186615,1.0741333561295425
776,574,0.122,5.391313639347458,-8.863542897471344,52.0667,-111.45,791.0,CORONATION A,AB,0.06781335920095444,1.507201173640596
777,443,0.138,5.416834683190573,-14.660457567490104,50.7022,-120.44200000000001,345.0,KAMLOOPS A,BC,0.1473766416311264,0.7844713401677267
778,349,0.55,5.466629246781768,-18.811593513119927,49.3833,-126.54299999999999,6.0,ESTEVAN POINT,BC,0.5019234418869019,0.918019404359242
778,487,0.48200000000000004,5.482574779413113,-12.71709709241998,51.3017,-117.51700000000001,1330.0,GLACIER NP ROGERS PASS,BC,0.15445514023303986,2.614395715952875
782,1246,0.542,5.651301920249028,20.85593090429929,48.7769,-64.4781,34.0,GASPE A,QC,0.4199007749557495,1.0813823115854135
783,371,0.701,5.703163327113734,-17.835905794927697,49.9519,-125.273,109.0,CAMPBELL RIVER A,BC,0.608188807964325,0.9656199840272137
785,541,0.063,5.801064729915265,-10.317618290854872,52.1786,-113.89299999999999,905.0,RED DEER A,AB,0.0701901912689209,0.7519531355895418
785,620,0.083,5.765774172302074,-6.816518407766225,52.7719,-108.256,548.0,NORTH BATTLEFORD A,SK,0.05734812095761299,1.2125106192352455
785,1249,0.611,5.79153324323768,20.99524749910319,48.85,-64.2,15.0,CAP DES ROSIERS,QC,0.42227110266685486,1.212206194575644
788,451,0.138,5.932724915674236,-14.330120957742263,51.2918,-120.18299999999999,466.0,DARFIELD,BC,0.21431373059749603,0.5394556440572702
790,657,0.158,6.007061876745139,-5.205649220236125,53.2167,-105.667,428.0,PRINCE ALBERT A,SK,0.0706724002957344,1.8729832616110567
790,680,0.111,6.022339598671445,-4.196613718484254,53.3333,-104.0,372.0,NIPAWIN A,SK,0.08163262158632278,1.1391630402896595
792,372,0.696,6.099084371860609,-17.80527022983485,50.3332,-125.446,23.0,CHATHAM POINT,BC,0.6947590708732605,0.8392699335161479
792,1330,0.6829999999999999,6.07942366355763,24.598257854640586,47.5739,-59.1547,40.0,PORT AUX BASQUES,NL,0.49783268570899963,1.149380824803282
794,1327,1.117,6.194931185731555,24.47214019417098,47.733779999999996,-59.242580000000004,24.0,ST ANDREWS composite,NF,0.5032761693000793,1.8594027016360448
798,806,0.111,6.37108696084185,1.3946292957132782,53.85,-94.65,236.0,ISLAND LAKE A,MB,0.14604145288467407,0.6367566437902074
800,598,0.14300000000000002,6.467027949933973,-7.816700497910845,53.3092,-110.072,668.0,LLOYDMINSTER A,AB,0.058664895594120026,2.0421347070853018
800,763,0.107,6.452753004204012,-0.5033945328851623,53.95,-97.85,224.0,NORWAY HOUSE A,MB,0.12840743362903595,0.6981042188232081
801,439,0.099,6.4965383453506425,-14.83152150856505,51.6814,-121.21700000000001,928.0,100 MILE HOUSE 6NE,BC,0.1629539132118225,0.5089757037014463
802,720,0.17,6.530706804739108,-2.4262533068727663,53.9667,-101.1,270.0,THE PAS A,MB,0.09586715698242188,1.48561311339503
802,870,0.14400000000000002,6.527474346337769,4.229992367547862,53.8333,-89.8667,224.0,BIG TROUT LAKE,ON,0.14202286303043365,0.8494364243068143
802,1209,0.6,6.526088218670024,19.216683889338345,50.2167,-66.2667,55.0,SEPT-ILES A,QC,0.4377099871635437,1.148395403352168
803,468,0.303,6.576161870116752,-13.555416375438215,52.129,-119.29,690.0,BLUE RIVER A,BC,0.2025030106306076,1.2535388413524502
803,1351,0.8220000000000001,6.597500707225498,25.503301629128412,47.6167,-57.6167,11.0,BURGEO,NL,0.5889039635658264,1.1693755020365997
805,354,0.5870000000000001,6.6747472272446595,-18.602265614133806,50.5833,-126.93299999999999,59.0,ALERT BAY,BC,0.5676831007003784,0.8662809943539391
806,1389,0.606,6.714805284597526,27.17979422671576,46.9167,-55.3833,48.0,ST LAWRENCE,NL,0.528296709060669,0.9609955351326009
809,349,0.618,6.867169200978581,-18.822471420345344,50.6803,-127.366,22.0,PORT HARDY A,BC,0.5547022819519043,0.9333728708594707
809,572,0.076,6.849001617251035,-8.94303792876865,53.4833,-112.03299999999999,636.0,VEGREVILLE CDA,AB,0.06035349518060684,1.0549644312903483
810,551,0.096,6.872797573742963,-9.888532509729613,53.3167,-113.583,723.0,EDMONTON INT'L A,AB,0.06697201728820801,1.2008935256569153
812,559,0.124,6.98369096721194,-9.527016403047012,53.5,-113.03299999999999,750.0,UNCAS,AB,0.0632985383272171,1.6411741004724223
814,437,0.083,7.063303973997932,-14.953217742857733,52.1836,-121.686,1033.0,SPOKIN LAKE 4E,BC,0.1941651552915573,0.358124018441308
815,432,0.159,7.133331673139345,-15.169367061339733,52.1831,-122.054,940.0,WILLIAMS LAKE A,BC,0.1615949273109436,0.824320407766078
815,489,0.175,7.097323706908893,-12.626067082342265,52.8833,-118.06700000000001,1062.0,JASPER,AB,0.08045594394207001,1.8222441523158066
815,553,0.078,7.1153958025878365,-9.795709266970313,53.5733,-113.51799999999999,671.0,EDMONTON CITY CENTRE A,AB,0.06434651464223862,1.01553810967251
815,1328,0.49200000000000005,7.117358910371174,24.517097913492673,48.5333,-58.55,25.0,STEPHENVILLE A,NL,0.4774366319179535,0.8633283769980853
816,545,0.07400000000000001,7.165517526809998,-10.146227458310676,53.5475,-114.10799999999999,766.0,EDMONTON STONY PLAIN,AB,0.0662391185760498,0.935930986524473
816,622,0.065,7.135252540529704,-6.770535142688353,54.1333,-108.51700000000001,481.0,MEADOW LAKE A,SK,0.06801678985357285,0.8006152841633133
817,336,0.48700000000000004,7.217536626163485,-19.408809155479275,50.7822,-128.42700000000002,72.0,CAPE SCOTT,BC,0.49110326170921326,0.8307738037061491
817,554,0.10300000000000001,7.20031278290669,-9.74605025536421,53.6667,-113.46700000000001,688.0,EDMONTON NAMAO A,AB,0.06389673054218292,1.350470926510467
818,343,0.599,7.225774117220209,-19.07644773785695,50.9167,-127.95,14.0,BULL HARBOUR,BC,0.6138982176780701,0.8174422880651027
818,1417,0.583,7.251016002521476,28.45011299373771,46.74611667,-53.39608333,41.0,CAPE RACE (AUT) composite,NF,0.49543824791908264,0.9858382729950692
820,1390,0.6759999999999999,7.3432719055429,27.244436784751777,47.4306,-54.8428,15.0,BOAT HARBOUR,NL,0.5265601873397827,1.0755369311924352
821,1331,0.7170000000000001,7.362144133067964,24.62615250390588,48.7,-58.2333,143.0,GALLANTS,NL,0.4568027853965759,1.314973689366087
824,514,0.08900000000000001,7.52710801321648,-11.51139931173636,53.5833,-116.46700000000001,927.0,EDSON A,AB,0.059990692883729935,1.2428902458486941
825,1032,0.141,7.55110484508539,11.40209725081259,53.6333,-77.7,195.0,LA GRANDE RIVIERE A,QC,0.21729764342308044,0.5436141432334622
825,1399,0.57,7.574171644166242,27.635093055999413,47.43571429,-54.1762,32.0,ARGENTIA A composite,NF,0.5111308693885803,0.9342635301369678
826,599,0.11,7.579601901793152,-7.751283756222322,54.4167,-110.28299999999999,541.0,COLD LAKE A,AB,0.06408828496932983,1.437939740080308
826,1410,0.703,7.601455119667214,28.116150540572814,47.2167,-53.55,27.0,COLINET,NL,0.4833090603351593,1.218588399207373
827,1268,0.456,7.646599951001509,21.855483859627054,50.1833,-61.8167,11.0,NATASHQUAN A,QC,0.516893208026886,0.7390786692203763
828,1332,0.431,7.670314249600299,24.67471781601549,48.95,-57.95,5.0,CORNER BROOK,NL,0.42615461349487305,0.8472990643087527
829,1419,0.645,7.717138353829867,28.539548624607665,47.1,-52.9333,6.0,CAPE BROYLE,NL,0.4900002181529999,1.1027830754673678
830,1407,0.648,7.758143300668337,27.987996394216502,47.4163,-53.59278125,34.0,HARBOUR GRACE composite,NF,0.45923206210136414,1.1821414771360614
833,667,0.086,7.903160812653753,-4.758247218746956,55.15,-105.26700000000001,379.0,LA RONGE A,SK,0.08598850667476654,0.8378855399024575
833,1348,0.618,7.890790861218801,25.37151188867836,48.8167,-56.8667,270.0,BUCHANS,NL,0.3615599572658539,1.4319729023450818
834,526,0.067,7.97302083337573,-10.980979499107141,54.1439,-115.787,782.0,WHITECOURT A,AB,0.06521506607532501,0.860703393229134
834,528,0.10300000000000001,7.945925692469452,-10.914612003503843,54.1333,-115.667,741.0,WHITECOURT,AB,0.0638977661728859,1.3504490385910808
835,432,0.228,8.020634284705773,-15.164130981795742,53.0261,-122.51,545.0,QUESNEL A,BC,0.19129067659378052,0.9985451228467841
837,1336,0.317,8.075391192008935,24.868387906174352,49.2167,-57.4,22.0,DEER LAKE A,NL,0.38026759028434753,0.6983877300379155
837,1418,0.639,8.106864939483001,28.474338160291843,47.4667,-52.7167,6.0,PETTY HARBOUR,NL,0.48600777983665466,1.1014994582221949
838,1416,0.7020000000000001,8.126197355843289,28.409254978313303,47.5167,-52.7833,114.0,ST JOHN'S WEST CDA,NL,0.4802805483341217,1.2245281276413473
839,1327,0.461,8.166239327159682,24.433605951924587,49.5,-57.9167,23.0,WOODY POINT,NL,0.39845019578933716,0.9692895528962293
839,1335,0.544,8.163405045656338,24.820435529383964,49.3167,-57.4,154.0,CORMACK,NL,0.3801463842391968,1.1988771606876238
840,1416,0.784,8.230534649080468,28.377457088340115,47.6222,-52.7428,140.0,ST JOHN'S A,NL,0.4815242290496826,1.3640320321629464
842,763,0.08199999999999999,8.306018505604065,-0.4898819825218631,55.8033,-97.8625,224.0,THOMPSON A,MB,0.11523158103227615,0.5961684416440588
842,1124,0.165,8.299960359573916,15.44560701182247,53.2,-70.9,536.0,NITCHEQUON,QC,0.2265283763408661,0.6102221716297574
845,1392,0.521,8.455403278865548,27.32675373010038,48.35,-53.9017,15.0,LETHBRIDGE,NL,0.38945311307907104,1.1207511538505475
848,1324,0.446,8.568414912870594,24.31154833282076,49.9117,-57.7889,15.0,COW HEAD,NL,0.3687855303287506,1.0131823999804943
849,1366,0.42700000000000005,8.611102176608682,26.155877500630655,49.0667,-55.3,9.0,RATTLING BRK NORRIS ARM,NL,0.31337571144104004,1.1415348987056686
850,345,0.774,8.650836671452103,-18.9954872190085,52.2617,-128.719,26.0,MCINNES ISLAND,BC,0.7736990451812744,0.838099440737205
850,1378,0.262,8.683901913262767,26.702849450200837,48.85947143,-54.5312,82.0,GLENWOOD composite,NF,0.3344903290271759,0.6562123153412457
851,1337,0.457,8.71890176481015,24.90090147023769,49.7667,-56.8833,17.0,SOPS ARM WHITE BAY,NL,0.3280700147151947,1.1670146636596272
852,1350,0.41,8.736699349311783,25.49020065588056,49.5,-56.0833,23.0,SPRINGDALE,NL,0.29319167137145996,1.1715447401839183
852,1376,0.35,8.743890975982405,26.6323194328237,48.9464,-54.5769,151.0,GANDER INT'L A,NL,0.32095327973365784,0.9135932400450908
855,436,0.184,8.871679997996239,-14.978951097074027,53.8908,-122.679,691.0,PRINCE GEORGE A,BC,0.19216124713420868,0.8021926258561565
855,804,0.109,8.876406118523924,1.2834890209619778,56.3575,-94.7106,145.0,GILLAM A,MB,0.1241588145494461,0.7354880005923696
855,1177,0.184,8.894474268549919,17.832949980002578,52.9272,-66.8742,551.0,WABUSH LAKE A,NL,0.24300803244113922,0.6343425518813769
856,313,0.478,8.9221102400567,-20.436114299632873,51.9333,-131.017,92.0,CAPE ST JAMES,BC,0.6414346098899841,0.6243126836458738
856,1323,0.34,8.917592883317909,24.275196665536356,50.2364,-57.5811,19.0,DANIELS HARBOUR,NL,0.3380807638168335,0.8425294828909429
856,1369,0.447,8.920267481638986,26.294066602940795,49.2667,-54.8833,99.0,COMFORT COVE,NL,0.3027174174785614,1.237077091162698
858,1398,0.529,8.995449237262823,27.614971456792322,48.6672,-53.1142,26.0,BONAVISTA,NL,0.3929886221885681,1.1277227617500931
861,1022,0.158,9.143254450485722,10.963379553343792,55.2833,-77.75,12.0,KUUJJUARAPIK A,QC,0.18468163907527924,0.7167373187425059
863,1370,0.39799999999999996,9.227860750135529,26.33760073397983,49.51111667,-54.5889,27.0,TWILLINGATE composite,NF,0.30488038063049316,1.093654754124306
867,493,0.09699999999999999,9.437642625030247,-12.46008114715757,55.1797,-118.885,669.0,GRANDE PRAIRIE A,AB,0.06793343275785446,1.1962303717722282
870,487,0.055,9.539950230363896,-12.7402776438216,55.2,-119.4,745.0,BEAVERLODGE CDA,AB,0.06149531155824661,0.7492855105198074
871,340,0.9940000000000001,9.606712845887811,-19.221120663833677,53.05,-129.683,10.0,ETHELDA BAY,BC,0.7170888781547546,1.1612882950718455
877,597,0.08,9.871182472145804,-7.876901137946268,56.65,-111.21700000000001,369.0,FORT MCMURRAY A,AB,0.07628493756055832,0.8785729806069308
877,1323,0.358,9.858365396681622,24.266777866488194,51.0667,-56.8833,6.0,PLUM POINT,NL,0.3381638526916504,0.8869160108169526
883,1207,0.23,10.11636629865344,19.13577139970266,53.55,-64.1,440.0,CHURCHILL FALLS A,NL,0.21232230961322784,0.9075255428126534
883,1315,0.242,10.104162651119204,23.912489411212096,51.45,-57.1833,37.0,LOURDES DE BLANC SABLON A,QC,0.3485185503959656,0.5817228431537937
885,505,0.11800000000000001,10.212029191845676,-11.935249413927469,56.0667,-118.383,670.0,FAIRVIEW,AB,0.07004427909851074,1.4113540977237646
885,517,0.07,10.226946829363605,-11.381198804475845,56.2269,-117.447,571.0,PEACE RIVER A,AB,0.07229752093553543,0.8111502107974715
887,315,0.498,10.323304131822256,-20.314453931732185,53.2539,-131.813,6.0,SANDSPIT A,BC,0.3227812945842743,1.2925508414702442
892,1336,0.498,10.513143541501316,24.830079614182484,51.3667,-55.6,12.0,ST ANTHONY,NL,0.26744142174720764,1.5600097815816918
895,367,0.986,10.64544044520589,-18.038806278710556,54.4664,-128.577,217.0,TERRACE A,BC,0.3435843586921692,2.4041977212664793
895,387,0.24100000000000002,10.665533425795687,-17.140960439352252,54.8247,-127.18299999999999,522.0,SMITHERS A,BC,0.19626030325889587,1.0287532685595617
895,1162,0.22399999999999998,10.642722973708436,17.15060312140212,54.8,-66.8167,522.0,SCHEFFERVILLE A,QC,0.22449682652950287,0.8359195130347167
897,477,0.09,10.753806257076697,-13.163717285063106,56.2381,-120.74,695.0,FORT ST JOHN A,BC,0.06191064044833183,1.2178782200115994
899,1255,0.16899999999999998,10.842940456164209,21.25454186850438,53.3167,-60.4167,49.0,GOOSE A,NL,0.23054258525371552,0.6141326637725995
901,342,0.8270000000000001,10.925168419012316,-19.12359427311639,54.2925,-130.445,35.0,PRINCE RUPERT A,BC,0.6197711825370789,1.1178944026091129
904,425,0.122,11.047399217578207,-15.445471313000713,55.7855,-124.70100000000001,766.0,GERMANSEN LANDING,BC,0.12429212778806686,0.8223237979356786
908,342,0.772,11.239871559683275,-19.14849221056054,54.5686,-130.708,12.0,GREEN ISLAND,BC,0.5733110904693604,1.1281156089473918
909,810,0.163,11.268490682622877,1.5517817622508403,58.7392,-94.0664,29.0,CHURCHILL A,MB,0.09249071776866913,1.4764410301564834
909,1325,0.46,11.27986689754487,24.383441139208454,52.25,-55.6,9.0,BATTLE HARBOUR LOR,NL,0.22622241079807281,1.7035263535846146
913,368,0.89,11.456778063183705,-17.971764008077084,55.2375,-129.03,195.0,NASS CAMP,BC,0.36136752367019653,2.0633245143230345
915,310,0.556,11.545163694436308,-20.54536787529786,54.2552,-133.058,43.0,LANGARA,BC,0.2823178768157959,1.649920670207774
928,1292,0.335,12.126358983270919,22.883799444538962,53.7083,-57.035,14.0,CARTWRIGHT,NL,0.17821869254112244,1.574773887642081
929,1000,0.142,12.184706889709847,9.988977488368288,58.4667,-78.0833,24.0,INUKJUAK UA,QC,0.19249236583709717,0.6180185136218084
932,364,0.642,12.314069788778712,-18.18701005126701,55.9361,-129.985,7.0,STEWART A,BC,0.4408741295337677,1.2199641367864638
937,535,0.084,12.498830656358052,-10.594224739549533,58.6214,-117.165,338.0,HIGH LEVEL A,AB,0.06185489520430565,1.1377107500376855
943,1235,0.191,12.800428563828865,20.37992732710111,55.45,-60.2167,12.0,HOPEDALE (AUT),NL,0.15862317383289337,1.0087728450677498
954,602,0.079,13.254432412961972,-7.616430689969889,60.0203,-111.962,205.0,FORT SMITH A,NT,0.11384826898574829,0.5813361239087302
957,1115,0.063,13.3816017084914,15.062915391847254,58.1,-68.4167,40.0,KUUJJUAQ A,QC,0.15622828900814056,0.3378372428411129
957,1207,0.35,13.419876797675242,19.12294867359371,56.55,-61.6833,6.0,NAIN A,NL,0.1422186940908432,2.0617595219069726
960,474,0.04,13.53351926237463,-13.294599528109782,58.8364,-122.59700000000001,382.0,FORT NELSON A,BC,0.0437544621527195,0.7658862853125905
981,564,0.111,14.468960203336742,-9.324605930233329,60.8397,-115.78299999999999,165.0,HAY RIVER A,NT,0.06574754416942596,1.4143929871122771
1002,827,0.13699999999999998,15.389341884371548,2.3116704332428544,62.8167,-92.1167,32.0,RANKIN INLET A,NU,0.09833305329084396,1.1672064902552515
1013,587,0.073,15.8941364226464,-8.283411299371597,62.4628,-114.44,206.0,YELLOWKNIFE A,NT,0.12287277728319168,0.4977300211286095
1015,841,0.307,15.951712281201985,2.928277120662789,63.3333,-90.7167,6.0,CHESTERFIELD,NU,0.09832104295492172,2.6158844112607103
1018,511,0.05,16.085824204153216,-11.662896594650553,61.7603,-121.23700000000001,169.0,FORT SIMPSON A,NT,0.05649859458208084,0.7414109751728463
1034,784,0.18100000000000002,16.80137872475479,0.41775555963923183,64.2989,-96.0778,19.0,BAKER LAKE A,NU,0.09814701974391937,1.5449986676694736
1043,914,0.145,17.235601653792568,6.170803303022934,64.1933,-83.3594,62.0,CORAL HARBOUR A,NU,0.07935137301683426,1.5308766803407012
1072,643,0.27399999999999997,18.483281173616597,-5.8054537397209645,65.4833,-110.367,451.0,CONTWOYTO LAKE,NU,0.07229871302843094,3.175021330256713
1112,485,0.039,20.25328633221057,-12.797273633836445,65.2825,-126.8,73.0,NORMAN WELLS A,NT,0.03384632244706154,0.9653388185082827
1146,704,0.1,21.771353847100382,-3.1159972251081784,69.1081,-105.13799999999999,31.0,CAMBRIDGE BAY A,NU,0.0580463744699955,1.4432831847800704
1149,912,0.081,21.893848234284437,6.082122147370087,68.7758,-81.2425,9.0,HALL BEACH A,NU,0.05776834860444069,1.1746857954128334
1215,1003,0.064,24.854671892755793,10.111462339176834,70.4861,-68.5167,26.0,CLYDE A,NU,0.0546635165810585,0.9808645935701421
1269,788,0.081,27.224762925109236,0.6018099385145664,74.7169,-94.9694,68.0,RESOLUTE CARS,NU,0.11271575838327408,0.6020423364348579
